{"type":"FeatureCollection","source":"OpenStreetMap relation 4283101 and contained neighborhood relations","retrieved":"2026-09-20","license":"ODbL-1.0","attribution":"© OpenStreetMap contributors","features":[{"type":"Feature","id":"relation/16892125","properties":{"id":"osm-relation-16892125","name":"7-Mi 11-Ti Kilometar"},"geometry":{"type":"Polygon","coordinates":[[[23.3812057,42.6547434],[23.3835395,42.6537521],[23.3828724,42.6531653],[23.3864346,42.6504106],[23.3879301,42.6490509],[23.3859943,42.6476591],[23.385196,42.6462038],[23.3909422,42.6448392],[23.3915993,42.6449502],[23.3919171,42.6448812],[23.3919446,42.6448752],[23.392572,42.6447255],[23.3930795,42.6446044],[23.398808,42.6434943],[23.3994389,42.6434212],[23.3998667,42.6434212],[23.3999696,42.6434517],[23.4008134,42.6436959],[23.4013821,42.6442426],[23.4012413,42.6443046],[23.4011586,42.6443337],[23.4005914,42.6445335],[23.4005863,42.6445981],[23.4004021,42.645833],[23.4000357,42.6466367],[23.3991134,42.647672],[23.3995843,42.6478986],[23.3993486,42.6483124],[23.3999944,42.6486129],[23.3999003,42.6487324],[23.3998364,42.6488135],[23.3997555,42.6489137],[23.3985534,42.6503625],[23.3984435,42.650467],[23.3983117,42.6505763],[23.3980358,42.650757],[23.3975932,42.6510104],[23.3966035,42.6515501],[23.3962797,42.651765],[23.3957185,42.6516394],[23.3940984,42.6535411],[23.3928744,42.6553177],[23.3914411,42.6568053],[23.3918118,42.6569661],[23.3925406,42.6572823],[23.392713,42.6573571],[23.3927784,42.6569257],[23.393727,42.6569952],[23.3935744,42.6573201],[23.3945856,42.6574027],[23.3953686,42.6583898],[23.3973555,42.6576952],[23.397625,42.657988],[23.3975304,42.6580385],[23.3962741,42.6587016],[23.396175,42.6587712],[23.3960059,42.658915],[23.3953304,42.6595051],[23.3950793,42.6597245],[23.3950606,42.6597418],[23.3949628,42.6598263],[23.394843,42.659935],[23.3947899,42.6599855],[23.3946785,42.660088],[23.394553,42.6602035],[23.3942404,42.6604935],[23.3934603,42.6612177],[23.3933416,42.6613256],[23.3931098,42.6615363],[23.3930057,42.6616309],[23.3929126,42.6617155],[23.3927577,42.6618562],[23.3927183,42.6618921],[23.3923883,42.6621845],[23.3920911,42.6624657],[23.3920761,42.6624801],[23.3919847,42.662568],[23.3919834,42.662531],[23.3919662,42.6625071],[23.3919239,42.6624689],[23.3918979,42.6624496],[23.3915758,42.6621742],[23.3913457,42.6619793],[23.3912741,42.6619149],[23.3912046,42.6618514],[23.3909985,42.6616613],[23.3909206,42.6615877],[23.3909028,42.6615706],[23.3906939,42.6613883],[23.3904054,42.6611418],[23.3900406,42.6608388],[23.3893926,42.6602898],[23.3886039,42.6596272],[23.3883361,42.6593966],[23.3878772,42.6590271],[23.3877333,42.6589219],[23.3869852,42.6584272],[23.3868535,42.6583193],[23.3865731,42.6580864],[23.3863515,42.6579149],[23.3861269,42.6577578],[23.3859395,42.6576421],[23.3855587,42.6574272],[23.3853968,42.6573479],[23.3852207,42.6572661],[23.3849371,42.6571432],[23.384705,42.6570387],[23.3846226,42.6570709],[23.3840942,42.6568391],[23.3833688,42.656507],[23.383074,42.6563507],[23.3827975,42.6561914],[23.3826367,42.6560896],[23.3824034,42.6559259],[23.3822909,42.6558434],[23.3821122,42.655701],[23.3819977,42.6556037],[23.3817785,42.6554061],[23.3815631,42.6551893],[23.3813619,42.6549546],[23.3812057,42.6547434]]]}},{"type":"Feature","id":"relation/16891385","properties":{"id":"osm-relation-16891385","name":"Amerikanski Kolezh"},"geometry":{"type":"Polygon","coordinates":[[[23.3572161,42.6244638],[23.3579568,42.6243538],[23.358736,42.6242356],[23.3590223,42.6241967],[23.3593894,42.6241499],[23.360218,42.6240649],[23.3605877,42.6240339],[23.3614836,42.6239797],[23.3630737,42.6239315],[23.3640561,42.6239005],[23.3642444,42.6241846],[23.365692,42.6251984],[23.3662016,42.625636],[23.367702,42.6269243],[23.368853,42.6280857],[23.3681788,42.6282596],[23.3674658,42.6284913],[23.3674318,42.6285023],[23.3673407,42.6285332],[23.3668417,42.6287055],[23.3664263,42.628859],[23.3650625,42.6296711],[23.3650183,42.6296964],[23.3649675,42.6297112],[23.3635589,42.6297478],[23.3634185,42.6297373],[23.3631354,42.629691],[23.3629225,42.6296517],[23.3626785,42.6296],[23.3613584,42.6300494],[23.360259,42.6290708],[23.3583062,42.6273028],[23.3577719,42.6266229],[23.3576197,42.6257778],[23.357234,42.6245325],[23.3572161,42.6244638]]]}},{"type":"Feature","id":"relation/16886055","properties":{"id":"osm-relation-16886055","name":"BAN IV Km."},"geometry":{"type":"Polygon","coordinates":[[[23.3617096,42.6733736],[23.3649836,42.6710373],[23.3652218,42.671214],[23.3653783,42.6713372],[23.3659183,42.6717569],[23.3661708,42.6719533],[23.3669872,42.6725785],[23.367197,42.6727408],[23.3672987,42.6728172],[23.3675599,42.6730195],[23.3678545,42.6732416],[23.3681121,42.6734393],[23.368611,42.6738189],[23.3690315,42.6741408],[23.3693355,42.6743708],[23.3696225,42.6745908],[23.3697689,42.674703],[23.3700132,42.6748849],[23.3701153,42.6749665],[23.3705879,42.6753323],[23.3706594,42.6753906],[23.3706897,42.6754324],[23.3706965,42.6754814],[23.37068,42.6756207],[23.3707042,42.6756684],[23.3710229,42.6759289],[23.3710673,42.6759652],[23.3710103,42.6759868],[23.3709852,42.6759899],[23.3687985,42.6768992],[23.3671197,42.6776363],[23.3664155,42.6779382],[23.366335,42.6778376],[23.3662627,42.6778114],[23.3655148,42.6769835],[23.3653302,42.6767814],[23.3653051,42.6767535],[23.3651457,42.6765762],[23.364998,42.6764111],[23.3649282,42.6763294],[23.364636,42.6759834],[23.3645495,42.6758893],[23.3644163,42.675756],[23.3641715,42.675511],[23.3640919,42.6754313],[23.3639304,42.6752697],[23.3639005,42.6752399],[23.3638566,42.6751956],[23.36378,42.6751174],[23.363205,42.6745999],[23.3629035,42.6743512],[23.3626479,42.6741402],[23.3624212,42.6739531],[23.3621633,42.6737403],[23.3619362,42.6735544],[23.3618564,42.6734901],[23.3617096,42.6733736]]]}},{"type":"Feature","id":"relation/10861078","properties":{"id":"osm-relation-10861078","name":"Banishora"},"geometry":{"type":"Polygon","coordinates":[[[23.3003522,42.7114378],[23.3004129,42.7113581],[23.3004302,42.711334],[23.3004955,42.711246],[23.3005098,42.7112264],[23.3005431,42.711182],[23.3005955,42.7111086],[23.3006307,42.7110577],[23.3006955,42.7109639],[23.3007507,42.710883],[23.3007777,42.7108435],[23.3009536,42.7105855],[23.3010966,42.710378],[23.3012253,42.7101833],[23.3013094,42.7100655],[23.3013378,42.7100258],[23.3015102,42.7098016],[23.3016741,42.7095932],[23.3018936,42.7093047],[23.3021456,42.7089766],[23.3023264,42.7087335],[23.3025917,42.7083826],[23.3027048,42.7082392],[23.3029223,42.7079528],[23.3029866,42.7078672],[23.3030217,42.7078229],[23.3035019,42.7080264],[23.3038509,42.7081705],[23.3042814,42.7083478],[23.3042992,42.708355],[23.3043563,42.7083788],[23.3046889,42.7085205],[23.304841,42.7085869],[23.304983,42.7086553],[23.3052635,42.7088099],[23.3053878,42.7088784],[23.3054053,42.7088885],[23.3057661,42.7090974],[23.3058872,42.70894],[23.3062133,42.7085162],[23.3062327,42.7084881],[23.3062693,42.7084354],[23.3062657,42.7083529],[23.3062594,42.7079488],[23.3062547,42.7077568],[23.3062485,42.7074639],[23.3062439,42.7072464],[23.3062368,42.7069126],[23.3067671,42.70691],[23.3069664,42.706912],[23.3071081,42.7069129],[23.3077988,42.7069174],[23.3084215,42.7069252],[23.3084439,42.7069255],[23.3084839,42.706924],[23.3086563,42.7069176],[23.309032,42.706885],[23.3090775,42.7068811],[23.3091311,42.7068774],[23.3098041,42.7068306],[23.310482,42.7067814],[23.3105866,42.7073916],[23.3106923,42.7079458],[23.3107758,42.7084778],[23.3107809,42.7085101],[23.3111067,42.7084857],[23.3111356,42.7084895],[23.3111457,42.7085059],[23.3111838,42.7087844],[23.3112421,42.7087431],[23.3113167,42.7087192],[23.3114126,42.7086934],[23.3123078,42.7084921],[23.3129208,42.7083537],[23.3129619,42.7083444],[23.3130622,42.7083225],[23.313197,42.708293],[23.3131563,42.7081934],[23.3131517,42.7081819],[23.3128796,42.707506],[23.312735,42.7071516],[23.3127139,42.7070999],[23.3125051,42.7066367],[23.3125931,42.7066299],[23.3127077,42.7066216],[23.313382,42.7065732],[23.3137721,42.7065452],[23.3139135,42.7065351],[23.3145381,42.7064903],[23.314344,42.7059518],[23.3143102,42.7058579],[23.3143049,42.7056282],[23.3176345,42.705412],[23.3177016,42.7057721],[23.318062,42.7077881],[23.3183445,42.7093132],[23.3183617,42.7094675],[23.3183492,42.7094686],[23.3183102,42.709472],[23.3182489,42.7094775],[23.317744,42.7095231],[23.3177813,42.7097369],[23.3171921,42.7097922],[23.3171545,42.7095805],[23.3168204,42.7096105],[23.3166559,42.7096253],[23.3166925,42.7098304],[23.3161541,42.7098708],[23.3160869,42.7096798],[23.3158374,42.7097037],[23.3159393,42.7099518],[23.3160875,42.7103105],[23.3163389,42.7108986],[23.3165706,42.7114386],[23.316778,42.7119297],[23.3168873,42.7121886],[23.3169049,42.7122294],[23.3169465,42.7123256],[23.3157986,42.7129081],[23.315578,42.7130157],[23.3153635,42.7131124],[23.3151745,42.7131928],[23.3151416,42.7132074],[23.3150172,42.7132607],[23.3146244,42.7134256],[23.3142237,42.71358],[23.3138264,42.7137299],[23.3132161,42.7139601],[23.3127427,42.7141114],[23.312523,42.7141614],[23.3117261,42.7143007],[23.3113836,42.7143564],[23.311195,42.7144063],[23.3110841,42.714439],[23.3109771,42.7144782],[23.3108788,42.7145219],[23.3108373,42.7145428],[23.3107474,42.7145936],[23.3106632,42.7146494],[23.3105431,42.7147467],[23.3100633,42.7151997],[23.3100257,42.7152457],[23.3099501,42.7153379],[23.3098987,42.7153308],[23.3098468,42.715318],[23.3097972,42.715301],[23.3097505,42.71528],[23.3097034,42.7152529],[23.3096611,42.7152218],[23.3096107,42.7151707],[23.309459,42.7150119],[23.3094,42.7149501],[23.3093391,42.7148864],[23.3092039,42.7147468],[23.3091151,42.7146632],[23.309024,42.7145937],[23.3089386,42.714535],[23.3088288,42.714472],[23.3087174,42.7144178],[23.3085689,42.7143543],[23.307579,42.7139424],[23.3075419,42.7139269],[23.3074043,42.7138697],[23.3073371,42.7139469],[23.3073026,42.7139866],[23.3071792,42.7141284],[23.307148,42.7141656],[23.3071311,42.7141836],[23.3071225,42.7141911],[23.3070796,42.7142424],[23.307064,42.7142608],[23.3070381,42.7142499],[23.3067199,42.7141155],[23.3056719,42.7136874],[23.3055493,42.7136358],[23.3041841,42.7130702],[23.3026629,42.7124365],[23.3014211,42.7119209],[23.3010572,42.7117687],[23.300888,42.7116968],[23.3007815,42.7116467],[23.3007059,42.7116045],[23.300453,42.7114805],[23.3004367,42.7114734],[23.3003522,42.7114378]]]}},{"type":"Feature","id":"relation/16935442","properties":{"id":"osm-relation-16935442","name":"Batareyata"},"geometry":{"type":"Polygon","coordinates":[[[23.4230562,42.7095401],[23.4231278,42.7092337],[23.4232594,42.7075007],[23.424924,42.7049849],[23.4260033,42.7048216],[23.4273295,42.7051805],[23.4274945,42.7072174],[23.4275797,42.7072386],[23.4276644,42.7072596],[23.427815,42.7072844],[23.42797,42.7072977],[23.4281981,42.7073137],[23.4286609,42.7073679],[23.4286478,42.7064554],[23.4305651,42.7064024],[23.4306402,42.7090221],[23.4302638,42.709121],[23.4297543,42.7091565],[23.4295279,42.7091723],[23.4291197,42.7091963],[23.427115,42.709345],[23.4260388,42.7094248],[23.4254781,42.7094629],[23.4249469,42.7094927],[23.4244673,42.7095134],[23.4244017,42.7095163],[23.4233319,42.7095466],[23.4230562,42.7095401]]]}},{"type":"Feature","id":"relation/14579943","properties":{"id":"osm-relation-14579943","name":"Belite Brezi"},"geometry":{"type":"Polygon","coordinates":[[[23.2856379,42.6781771],[23.2859121,42.6779841],[23.2861287,42.677832],[23.2864153,42.6776304],[23.2864544,42.6776029],[23.2866295,42.6774797],[23.2868591,42.6773182],[23.2869364,42.6772638],[23.287061,42.6771761],[23.2874491,42.6769052],[23.2876037,42.6767973],[23.2877148,42.6767197],[23.2878417,42.6766312],[23.2880897,42.6764407],[23.2885347,42.6761209],[23.2885526,42.676108],[23.2886647,42.6760272],[23.2887678,42.675953],[23.2887883,42.6759382],[23.2891864,42.6756708],[23.2892218,42.6756471],[23.2893251,42.6755779],[23.2893664,42.6755502],[23.2897674,42.6752644],[23.2898772,42.6751868],[23.2901486,42.6749951],[23.2902935,42.6748936],[23.2903368,42.6748634],[23.2905999,42.6746801],[23.2906324,42.6746574],[23.2908921,42.6744705],[23.2914286,42.6740967],[23.2915456,42.6740197],[23.2915959,42.6739865],[23.2919721,42.6737149],[23.2922376,42.6735324],[23.2927146,42.6731958],[23.2928974,42.67307],[23.2930254,42.6729776],[23.2932135,42.6728419],[23.2934355,42.6727108],[23.2935716,42.6726228],[23.2938091,42.6724586],[23.29414,42.6722265],[23.2943265,42.6720989],[23.2943996,42.6720218],[23.2944237,42.6719963],[23.2944982,42.6719177],[23.2948923,42.6723356],[23.295519,42.6731909],[23.2961371,42.6741975],[23.2962795,42.6744294],[23.2964851,42.6747722],[23.2966329,42.675014],[23.2967812,42.6752537],[23.2981313,42.6774814],[23.2983396,42.6777401],[23.2985969,42.6779928],[23.298843,42.6781718],[23.2990032,42.6782758],[23.2991392,42.678357],[23.2992978,42.6784482],[23.2994619,42.6785253],[23.299641,42.6786004],[23.2999304,42.6787085],[23.3001348,42.6787689],[23.3004329,42.6788398],[23.3006201,42.6788757],[23.300806,42.6789088],[23.3013153,42.6789996],[23.3021478,42.6791517],[23.3023768,42.6791989],[23.3023525,42.6792686],[23.3023399,42.6793015],[23.3023087,42.6793884],[23.3016587,42.6793814],[23.3010075,42.6792695],[23.3003311,42.6791499],[23.3000801,42.6790951],[23.2998522,42.6790345],[23.2991278,42.678762],[23.2978106,42.6782004],[23.2969402,42.6779298],[23.2967321,42.6778853],[23.2966016,42.6778697],[23.2964807,42.6778565],[23.2963276,42.6778537],[23.2962068,42.6778564],[23.2960219,42.6778723],[23.2958279,42.6779094],[23.2932923,42.6785248],[23.2916618,42.6788934],[23.2911046,42.6790173],[23.290885,42.6790575],[23.2903833,42.6791221],[23.2901587,42.6791356],[23.2899146,42.6791346],[23.2897121,42.6791274],[23.2892808,42.6791035],[23.2885566,42.6790363],[23.2882035,42.6789691],[23.2878411,42.6788762],[23.2871224,42.6786476],[23.2858108,42.6782301],[23.2857913,42.6782241],[23.2856379,42.6781771]]]}},{"type":"Feature","id":"relation/14580016","properties":{"id":"osm-relation-14580016","name":"Borovo"},"geometry":{"type":"Polygon","coordinates":[[[23.2793085,42.6683211],[23.2794994,42.6682348],[23.2795672,42.6682086],[23.2797391,42.6681412],[23.2798326,42.6681067],[23.2802396,42.6679566],[23.2806153,42.6678266],[23.2807229,42.6677894],[23.2807578,42.6677773],[23.2812425,42.6676096],[23.2813693,42.6675657],[23.2818566,42.6673977],[23.2821774,42.6672871],[23.2822454,42.6672637],[23.2823216,42.6672374],[23.282387,42.667215],[23.2824858,42.6671791],[23.2825267,42.6671663],[23.283072,42.6669763],[23.283113,42.6669622],[23.2831426,42.6669519],[23.2832293,42.666922],[23.2833025,42.6668967],[23.283336,42.6668849],[23.2836288,42.6667826],[23.283692,42.6667606],[23.2840479,42.6666369],[23.2845741,42.6664536],[23.2847302,42.6663992],[23.2851955,42.6662371],[23.2854431,42.6661508],[23.2856358,42.6660837],[23.2864181,42.6658112],[23.287169,42.6655496],[23.2874673,42.6654463],[23.2876537,42.6653816],[23.2877657,42.6653429],[23.2878879,42.6653005],[23.2879087,42.6652933],[23.2879291,42.6652862],[23.2880388,42.6652481],[23.2886646,42.6658901],[23.2888493,42.6660793],[23.2890849,42.6663224],[23.2897691,42.6670282],[23.290053,42.6673107],[23.2906458,42.6679187],[23.2911451,42.6684426],[23.2926736,42.6700061],[23.2935748,42.6709481],[23.2936596,42.6710367],[23.2939209,42.6713097],[23.294205,42.6716066],[23.2935036,42.6719475],[23.2927892,42.6712235],[23.2922006,42.6715408],[23.2920406,42.6716368],[23.2918671,42.671741],[23.291823,42.6717675],[23.2916882,42.6718508],[23.2916343,42.6718841],[23.2915263,42.6719518],[23.2914824,42.6719794],[23.2913381,42.6720676],[23.2912881,42.6720982],[23.2911688,42.6720294],[23.2911616,42.6720253],[23.2911317,42.6720084],[23.2911046,42.671993],[23.2910124,42.6719408],[23.2909775,42.6719211],[23.2909655,42.6719144],[23.2909238,42.671891],[23.2908817,42.6718681],[23.2908555,42.6718538],[23.2906256,42.6717271],[23.2905969,42.6717113],[23.2905328,42.6716759],[23.2904735,42.6717119],[23.2901915,42.671883],[23.2900289,42.6719817],[23.2898094,42.6721149],[23.2897814,42.6721319],[23.2897652,42.6721418],[23.2897533,42.672149],[23.2896108,42.6722354],[23.2894807,42.6723144],[23.2894094,42.6723576],[23.2892899,42.6724301],[23.2891832,42.6724946],[23.2891638,42.6725063],[23.2888986,42.6726467],[23.2888681,42.6726628],[23.2888495,42.6726726],[23.2886462,42.6727803],[23.2885992,42.6728052],[23.2885608,42.6728255],[23.2885562,42.6728279],[23.2885344,42.6728395],[23.2884454,42.6728857],[23.2884384,42.6728894],[23.2884069,42.6729057],[23.2883938,42.6729126],[23.2883835,42.672918],[23.2881182,42.6730564],[23.2880072,42.6731143],[23.2878903,42.6731754],[23.2878494,42.6731968],[23.2875178,42.6733745],[23.2875,42.6733841],[23.2874543,42.6734087],[23.2872961,42.6734939],[23.2869274,42.6736924],[23.2868701,42.6737232],[23.2867977,42.6737618],[23.2867494,42.6737876],[23.2866331,42.6738497],[23.2865453,42.6737859],[23.286529,42.6737741],[23.2863248,42.6736257],[23.2859597,42.6733604],[23.2856227,42.6731217],[23.2855726,42.6730862],[23.284947,42.672643],[23.2846517,42.6724347],[23.2846005,42.6723998],[23.2845337,42.6723546],[23.2841024,42.6720513],[23.2838897,42.6719038],[23.2836568,42.6717411],[23.2834961,42.6716287],[23.2833595,42.6715333],[23.2832599,42.6714635],[23.2831019,42.6713528],[23.2830476,42.671316],[23.2829842,42.6712693],[23.2829135,42.6712208],[23.282874,42.6711942],[23.2826426,42.6710343],[23.2823796,42.670851],[23.2818947,42.6705131],[23.2816557,42.6703466],[23.2816397,42.6703355],[23.2815915,42.6703019],[23.2812845,42.670088],[23.2809199,42.669834],[23.2807589,42.6697218],[23.2805189,42.6695546],[23.2804062,42.6694554],[23.2801842,42.6692312],[23.2800512,42.6690969],[23.2798736,42.6689115],[23.2798208,42.6688563],[23.2796712,42.6687],[23.2794449,42.6684637],[23.2794229,42.6684409],[23.2793085,42.6683211]]]}},{"type":"Feature","id":"relation/16935468","properties":{"id":"osm-relation-16935468","name":"Botunets"},"geometry":{"type":"Polygon","coordinates":[[[23.5052079,42.7397596],[23.5057901,42.7386248],[23.5060724,42.73863],[23.5065825,42.7396942],[23.5072249,42.7409619],[23.5072679,42.7410389],[23.5075615,42.7412925],[23.5080268,42.7415438],[23.5095515,42.7423837],[23.5098119,42.7424642],[23.5101083,42.7424821],[23.5103943,42.7424791],[23.5116283,42.7424307],[23.512108,42.7424119],[23.5121642,42.7424097],[23.5140201,42.7423287],[23.5140786,42.7422754],[23.513646,42.7413087],[23.5133437,42.7413614],[23.5116328,42.7414129],[23.5112453,42.7414275],[23.5103736,42.7414602],[23.5101903,42.7414598],[23.5101264,42.7414514],[23.5100578,42.741434],[23.5096708,42.7412188],[23.5089156,42.7407719],[23.5085684,42.7405613],[23.5084579,42.7404727],[23.5075734,42.7386886],[23.5088057,42.7387131],[23.5084647,42.7377882],[23.5082385,42.7373637],[23.5080274,42.7369673],[23.5078388,42.7366132],[23.5078045,42.7364448],[23.5077913,42.7362413],[23.5063154,42.7362718],[23.5059324,42.7362797],[23.5060167,42.7357744],[23.5065142,42.7355307],[23.5066063,42.734867],[23.507547,42.734867],[23.5074066,42.7335676],[23.507912,42.7331758],[23.5081778,42.7331746],[23.5076413,42.733565],[23.5075879,42.7337386],[23.5113898,42.7338543],[23.5115726,42.7336663],[23.512633,42.7336305],[23.5126574,42.7337648],[23.515932,42.7336168],[23.5174845,42.7350529],[23.5175928,42.7350921],[23.516618,42.7357982],[23.5158459,42.7352104],[23.5153404,42.7351176],[23.5153545,42.7346226],[23.5103283,42.7345607],[23.5101558,42.7366346],[23.5101138,42.7373676],[23.5101032,42.7374919],[23.5122078,42.7371261],[23.5128071,42.7369949],[23.5128649,42.7369682],[23.5139181,42.736609],[23.5154101,42.7369836],[23.5140261,42.7378418],[23.5159382,42.738597],[23.5160428,42.7385345],[23.5166971,42.7381116],[23.5188021,42.7368184],[23.518919,42.7367266],[23.5189638,42.7366362],[23.51897,42.7365591],[23.5189493,42.7364809],[23.5188142,42.7363139],[23.51867,42.7361617],[23.5200118,42.7353621],[23.5231724,42.7388959],[23.5211561,42.7400825],[23.5204593,42.7405019],[23.5197407,42.7409001],[23.5188559,42.7413598],[23.5179124,42.7417924],[23.5168811,42.7422304],[23.5158103,42.7425846],[23.5148116,42.742889],[23.5135,42.7432581],[23.5123405,42.7435046],[23.5108067,42.7438055],[23.5096609,42.7440217],[23.5072263,42.7425357],[23.5052079,42.7397596]]]}},{"type":"Feature","id":"relation/16935472","properties":{"id":"osm-relation-16935472","name":"Botunets 1"},"geometry":{"type":"Polygon","coordinates":[[[23.5060724,42.73863],[23.5063154,42.7362718],[23.5077913,42.7362413],[23.5078045,42.7364448],[23.5078388,42.7366132],[23.5080274,42.7369673],[23.5082385,42.7373637],[23.5084647,42.7377882],[23.5088057,42.7387131],[23.5075734,42.7386886],[23.5084579,42.7404727],[23.5085684,42.7405613],[23.5089156,42.7407719],[23.5096708,42.7412188],[23.5100578,42.741434],[23.5101264,42.7414514],[23.5101903,42.7414598],[23.5103736,42.7414602],[23.5112453,42.7414275],[23.5116328,42.7414129],[23.5133437,42.7413614],[23.513646,42.7413087],[23.5140786,42.7422754],[23.5140201,42.7423287],[23.5121642,42.7424097],[23.512108,42.7424119],[23.5116283,42.7424307],[23.5103943,42.7424791],[23.5101083,42.7424821],[23.5098119,42.7424642],[23.5095515,42.7423837],[23.5080268,42.7415438],[23.5075615,42.7412925],[23.5072679,42.7410389],[23.5072249,42.7409619],[23.5065825,42.7396942],[23.5060724,42.73863]]]}},{"type":"Feature","id":"relation/16935479","properties":{"id":"osm-relation-16935479","name":"Botunets 2"},"geometry":{"type":"Polygon","coordinates":[[[23.5101032,42.7374919],[23.5101138,42.7373676],[23.5101558,42.7366346],[23.5103283,42.7345607],[23.5153545,42.7346226],[23.5153404,42.7351176],[23.5158459,42.7352104],[23.516618,42.7357982],[23.5175928,42.7350921],[23.5176514,42.7352059],[23.51867,42.7361617],[23.5188142,42.7363139],[23.5189493,42.7364809],[23.51897,42.7365591],[23.5189638,42.7366362],[23.518919,42.7367266],[23.5188021,42.7368184],[23.5166971,42.7381116],[23.5160428,42.7385345],[23.5159382,42.738597],[23.5140261,42.7378418],[23.5154101,42.7369836],[23.5139181,42.736609],[23.5128649,42.7369682],[23.5128071,42.7369949],[23.5122078,42.7371261],[23.5101032,42.7374919]]]}},{"type":"Feature","id":"relation/16907592","properties":{"id":"osm-relation-16907592","name":"Boyana"},"geometry":{"type":"Polygon","coordinates":[[[23.2376567,42.6455472],[23.2379991,42.6456675],[23.2386467,42.6460301],[23.2384881,42.6458741],[23.23814,42.645464],[23.2389029,42.6450909],[23.2389029,42.6448266],[23.2391461,42.64485],[23.2391865,42.6448711],[23.2392225,42.6448806],[23.2392554,42.6448841],[23.2393436,42.6448783],[23.2395844,42.6448379],[23.2397799,42.6447764],[23.2399418,42.6449885],[23.2400118,42.6451662],[23.2400437,42.6452786],[23.2398588,42.6455538],[23.2398548,42.6456902],[23.2397981,42.6457034],[23.2398116,42.6458393],[23.2398774,42.6460426],[23.2399469,42.646008],[23.2400264,42.6459838],[23.2402994,42.6458633],[23.2404544,42.6458127],[23.240563,42.6457981],[23.2406473,42.6457939],[23.2406904,42.6457977],[23.240792,42.6458552],[23.2408533,42.645912],[23.2411235,42.6450125],[23.2411583,42.6449091],[23.2413886,42.6451031],[23.2417226,42.6453757],[23.241952,42.6455385],[23.2420053,42.6455571],[23.2420151,42.645533],[23.2420583,42.6450932],[23.2421005,42.6448273],[23.2426162,42.644881],[23.2428031,42.644881],[23.2429732,42.644862],[23.2430655,42.6448617],[23.2431358,42.6448657],[23.2433165,42.6448313],[23.2438517,42.6446501],[23.2442094,42.6444999],[23.2444549,42.644373],[23.2447837,42.6449286],[23.24477,42.6451965],[23.244722,42.6452731],[23.2446482,42.6453416],[23.2445638,42.64547],[23.2445014,42.6455485],[23.2444631,42.6457656],[23.2444123,42.6458754],[23.2446224,42.6459024],[23.2446809,42.6458439],[23.2446691,42.6457701],[23.2447748,42.6456736],[23.2449519,42.6455406],[23.2449443,42.6454363],[23.2449903,42.6452736],[23.2450439,42.6451958],[23.2450128,42.6450417],[23.2450649,42.6449219],[23.2449654,42.6447678],[23.2449911,42.6446225],[23.2453847,42.6446619],[23.2453838,42.6449248],[23.2456062,42.644947],[23.2456193,42.6449122],[23.2458344,42.6448965],[23.2463707,42.6450351],[23.246357,42.6451166],[23.2463536,42.6452376],[23.2468542,42.645272],[23.2468833,42.6450661],[23.2468743,42.6448835],[23.2476427,42.6446769],[23.2480371,42.6447195],[23.2482622,42.6447537],[23.2483092,42.6448601],[23.2484017,42.644862],[23.2486115,42.6449218],[23.2487054,42.6449745],[23.2487902,42.6451699],[23.2488036,42.6452239],[23.2486483,42.6453339],[23.2485239,42.6453676],[23.2482956,42.6453846],[23.2481602,42.6452829],[23.2475625,42.6453054],[23.2475375,42.6454673],[23.2473314,42.6454894],[23.2471955,42.6455466],[23.247074,42.6455517],[23.2468848,42.6456143],[23.2465975,42.6456191],[23.2465986,42.6456564],[23.2465564,42.6457021],[23.2463748,42.6458115],[23.2461915,42.6458691],[23.2461517,42.6458723],[23.2460929,42.6458909],[23.2458517,42.6458997],[23.2457159,42.6458988],[23.2457165,42.6458522],[23.2456611,42.6454882],[23.2454524,42.6454868],[23.2453069,42.6455009],[23.2453027,42.6456492],[23.2452815,42.6457975],[23.2452196,42.6458904],[23.2471042,42.6459917],[23.2471184,42.6457992],[23.2475291,42.6455154],[23.2482352,42.6455504],[23.2480468,42.6456887],[23.2481029,42.6456891],[23.2480533,42.6457364],[23.2479189,42.6458957],[23.2478913,42.6459683],[23.2476976,42.6461332],[23.2474338,42.6465354],[23.2473986,42.6465797],[23.247353,42.6466268],[23.2474286,42.6467587],[23.2474892,42.6467884],[23.2478564,42.6464295],[23.247913,42.6463885],[23.2480387,42.646455],[23.2479796,42.6464961],[23.2475148,42.6469714],[23.2475328,42.6470549],[23.2475275,42.6472968],[23.2476627,42.6475397],[23.247784,42.6473884],[23.2478578,42.6472817],[23.2483017,42.6471688],[23.2490045,42.6468388],[23.2490644,42.6471799],[23.249348,42.6471528],[23.2494208,42.6475648],[23.2498576,42.647533],[23.249908,42.6473814],[23.2502465,42.6471412],[23.2503855,42.6470022],[23.2505904,42.6469011],[23.2508011,42.6471453],[23.2508579,42.6472524],[23.2512957,42.6471582],[23.2514043,42.647131],[23.2514885,42.6470982],[23.2515634,42.6470596],[23.2513654,42.6469349],[23.2510554,42.6467801],[23.2510219,42.6468252],[23.2504743,42.6466821],[23.2505417,42.646621],[23.2500929,42.6464445],[23.2501945,42.6462847],[23.2507593,42.6464162],[23.250759,42.6464246],[23.2511038,42.6466043],[23.2512485,42.6464606],[23.2511845,42.6463906],[23.2510792,42.6463207],[23.2510498,42.6462676],[23.2508424,42.6461768],[23.250389,42.6458675],[23.2502644,42.6458423],[23.2504112,42.6456285],[23.2504687,42.6456181],[23.2506738,42.6456195],[23.2510108,42.6456562],[23.2510612,42.6456676],[23.2512026,42.6456517],[23.2511612,42.6459072],[23.2513454,42.6459548],[23.2516293,42.6459941],[23.2521787,42.6459816],[23.2532514,42.6458745],[23.2534861,42.645746],[23.2535835,42.6458931],[23.253983,42.6463775],[23.2540437,42.6464431],[23.2539942,42.6464842],[23.2539709,42.6465088],[23.2539557,42.6465363],[23.2539491,42.646564],[23.2539515,42.646597],[23.2539622,42.6466244],[23.2540976,42.6468693],[23.2542913,42.6472627],[23.2549903,42.6474941],[23.2551396,42.6475467],[23.2552592,42.6475631],[23.2553213,42.647552],[23.2552969,42.6474678],[23.2555098,42.6475395],[23.2558626,42.6474598],[23.2558525,42.6473129],[23.2560034,42.6472591],[23.2562617,42.6472746],[23.2561624,42.647022],[23.2563919,42.6468399],[23.256445,42.6467372],[23.2563809,42.6463706],[23.256731,42.6463748],[23.256848,42.6464116],[23.2570733,42.6464302],[23.2573319,42.6465039],[23.2577706,42.6466084],[23.2579899,42.6466376],[23.2583308,42.6466659],[23.2583423,42.6464259],[23.2585693,42.6464457],[23.2587918,42.6465263],[23.2588651,42.6465659],[23.2591138,42.6463919],[23.2596281,42.6465498],[23.2595733,42.6466394],[23.2598858,42.6466517],[23.260204,42.6470011],[23.2603545,42.6472863],[23.2604516,42.6473834],[23.2611653,42.6480011],[23.2612675,42.6478233],[23.2612895,42.6476715],[23.2613211,42.6475688],[23.2613652,42.6474492],[23.2614853,42.6472847],[23.2613286,42.6472514],[23.2613854,42.6470045],[23.261494,42.6468726],[23.2617986,42.6465792],[23.262096,42.6466418],[23.262182,42.6464323],[23.2622873,42.646455],[23.2628007,42.6451614],[23.2627742,42.6450233],[23.2627883,42.6448993],[23.2625991,42.6443917],[23.2625493,42.644318],[23.2621386,42.6432812],[23.2620191,42.643309],[23.2617767,42.6434307],[23.2610216,42.6436229],[23.2610017,42.6435804],[23.2606756,42.6433445],[23.2608269,42.6432941],[23.260885,42.6432892],[23.261786,42.6428937],[23.2620143,42.6428104],[23.2621247,42.6427437],[23.2624168,42.642689],[23.2627867,42.6425551],[23.263802,42.6424106],[23.2639816,42.6425534],[23.2641185,42.6424599],[23.2642725,42.6423248],[23.2643447,42.6423304],[23.264398,42.6423441],[23.2644397,42.6423619],[23.264632,42.6424861],[23.2649182,42.642501],[23.2652831,42.6425017],[23.2659963,42.6425847],[23.2673346,42.6424328],[23.2674476,42.6424296],[23.2676298,42.6423895],[23.2677524,42.6423667],[23.267953,42.642314],[23.2682759,42.6422797],[23.2687267,42.6422679],[23.2691119,42.6422437],[23.2692159,42.6422212],[23.2693748,42.6422188],[23.2695327,42.6421475],[23.2697236,42.6421442],[23.2699252,42.6421856],[23.2703109,42.6423555],[23.270452,42.6423912],[23.2705462,42.6424021],[23.270771,42.6424056],[23.2708149,42.6420689],[23.2708192,42.6419953],[23.2708161,42.6419298],[23.2707979,42.6418714],[23.2708461,42.6418932],[23.2708785,42.6419318],[23.2709125,42.6419573],[23.2710339,42.6419824],[23.2714501,42.6419457],[23.2719306,42.6419272],[23.2721157,42.6419284],[23.2723528,42.6419231],[23.2726851,42.6418774],[23.2727862,42.6418702],[23.2730885,42.6419905],[23.2730689,42.6420634],[23.2730691,42.6425365],[23.2732952,42.6426448],[23.2733703,42.6426757],[23.2734604,42.6423878],[23.2734542,42.6421993],[23.2741039,42.6421396],[23.2743314,42.6426833],[23.2743325,42.6426998],[23.2743461,42.6427143],[23.2744734,42.6427104],[23.2744802,42.6427746],[23.2747012,42.6427345],[23.2748486,42.6424436],[23.2751213,42.642257],[23.2755355,42.6430094],[23.2754472,42.6431079],[23.2754787,42.6431524],[23.2755985,42.6435073],[23.2766465,42.6436937],[23.2768055,42.6437341],[23.2769367,42.6437768],[23.2773067,42.643241],[23.2775206,42.6430522],[23.2773,42.6429127],[23.277227,42.6427182],[23.2776456,42.642631],[23.2778425,42.6426929],[23.2778183,42.6427133],[23.2778854,42.6427694],[23.2781211,42.6425714],[23.278048,42.6420362],[23.2782072,42.6418285],[23.2785565,42.6416976],[23.2788182,42.6417801],[23.2793288,42.6414548],[23.2792205,42.6413821],[23.2790006,42.6412094],[23.2792015,42.6410848],[23.2792579,42.6409544],[23.2792796,42.6408246],[23.2796171,42.6408021],[23.2796577,42.6408035],[23.2796681,42.6407195],[23.2796641,42.6408395],[23.2796944,42.6410906],[23.2796289,42.6412351],[23.2797363,42.6412963],[23.2801748,42.6415445],[23.2806916,42.6419051],[23.2807653,42.6419545],[23.2808934,42.6420596],[23.28144,42.6431685],[23.2814689,42.6432271],[23.2820039,42.643125],[23.2826566,42.6429904],[23.2831192,42.6428931],[23.283737,42.6427609],[23.2840114,42.6427022],[23.284352,42.6426303],[23.2847534,42.6425633],[23.2849091,42.6425492],[23.2849584,42.6425447],[23.2850632,42.6425352],[23.2849665,42.6431073],[23.2847237,42.6431533],[23.2838999,42.6444502],[23.2839748,42.6448244],[23.2855635,42.6454209],[23.2853656,42.6456695],[23.2852475,42.6460088],[23.2853334,42.6465218],[23.285548,42.6468374],[23.2865672,42.6480685],[23.2880156,42.6496389],[23.2885949,42.650207],[23.2888202,42.6503333],[23.2893456,42.6509241],[23.2895038,42.6511546],[23.2885125,42.6515585],[23.2881816,42.6516933],[23.2879163,42.6518014],[23.2877246,42.6518795],[23.2874777,42.651979],[23.2872272,42.65208],[23.2863909,42.6524198],[23.2850311,42.6529722],[23.2847716,42.6530799],[23.2834879,42.6536035],[23.2830543,42.6537809],[23.2826045,42.6536425],[23.2824198,42.653438],[23.2819803,42.6530515],[23.2814513,42.6526656],[23.2813797,42.6526177],[23.2811107,42.6524544],[23.2800725,42.651816],[23.2795862,42.6514875],[23.2786937,42.6508852],[23.2786472,42.6508555],[23.278416,42.6507065],[23.2775498,42.6501482],[23.2771084,42.6498782],[23.276716,42.6496993],[23.2766604,42.649674],[23.2762849,42.649527],[23.2760301,42.6494363],[23.2753354,42.649241],[23.2748285,42.6491196],[23.2742813,42.6490309],[23.2734713,42.6489569],[23.2723628,42.6489105],[23.2717746,42.6488858],[23.2706991,42.6488407],[23.2700628,42.6488286],[23.270008,42.6488276],[23.2699868,42.6488261],[23.2693354,42.6487961],[23.2686484,42.6487643],[23.2683876,42.6487651],[23.2681012,42.6487894],[23.2679096,42.6488222],[23.2677915,42.6488536],[23.2674711,42.6489546],[23.2673689,42.6489945],[23.2668621,42.6492008],[23.2663852,42.6493882],[23.266071,42.6494984],[23.2659695,42.6495356],[23.2659087,42.649558],[23.2658457,42.6496],[23.2656728,42.6495727],[23.2655297,42.6496431],[23.2653746,42.6497275],[23.264579,42.6500915],[23.2641995,42.6502064],[23.263946,42.6503129],[23.2623726,42.6506169],[23.2619941,42.6506711],[23.2618311,42.6505082],[23.2614529,42.6501087],[23.2611981,42.6499006],[23.2611779,42.6497944],[23.261105,42.6497911],[23.2610239,42.6497835],[23.2609129,42.6497701],[23.2608609,42.6498458],[23.2608462,42.6498752],[23.2606846,42.6502123],[23.2606363,42.6502804],[23.2605532,42.6503514],[23.2600667,42.6506795],[23.2597993,42.6508495],[23.2595753,42.650954],[23.2591301,42.6511424],[23.2587479,42.6512815],[23.2585373,42.6513308],[23.2583301,42.6513627],[23.2581974,42.6513794],[23.258137,42.6513883],[23.2579532,42.6514459],[23.2578069,42.6515238],[23.2569865,42.6522467],[23.2567451,42.652372],[23.2563982,42.6525262],[23.255972,42.6527093],[23.2552025,42.6530476],[23.2550956,42.6530895],[23.2548962,42.6531619],[23.2548311,42.6531788],[23.2547624,42.6531878],[23.2546809,42.653189],[23.2546098,42.6531775],[23.2541051,42.6530376],[23.2537957,42.6529592],[23.2536615,42.6529424],[23.2534803,42.6529397],[23.2532471,42.6529621],[23.2531761,42.6529651],[23.2528783,42.653044],[23.2527858,42.653113],[23.2527241,42.6531998],[23.2526852,42.6532876],[23.2526718,42.6533724],[23.252653,42.6535628],[23.2525712,42.6536673],[23.2523999,42.6537616],[23.2518694,42.6539467],[23.2515844,42.6540462],[23.2508513,42.6543086],[23.2505897,42.6544006],[23.2505059,42.6544322],[23.2500265,42.6545437],[23.2497549,42.6546048],[23.2495524,42.6546246],[23.2493781,42.6546157],[23.2491983,42.6545743],[23.2490549,42.6545644],[23.248984,42.6545724],[23.2488953,42.654597],[23.2488499,42.6546148],[23.2487889,42.6546478],[23.2487631,42.6546718],[23.2487473,42.6546962],[23.2487235,42.654742],[23.2487058,42.6547834],[23.248618,42.6549836],[23.2485536,42.6550846],[23.2485372,42.6551083],[23.2484986,42.6551533],[23.248468,42.6551862],[23.2484342,42.6552163],[23.2482592,42.6553416],[23.248109,42.6554323],[23.2479548,42.6555211],[23.2478394,42.6556094],[23.2477504,42.6556888],[23.2475351,42.6558946],[23.2474819,42.6559413],[23.2474368,42.6559791],[23.2473091,42.6560434],[23.2468305,42.6562481],[23.2467306,42.6562831],[23.2466941,42.6562959],[23.2466499,42.6563079],[23.2461833,42.6564354],[23.246223,42.653811],[23.2450341,42.6524925],[23.2449458,42.6518925],[23.2448762,42.6518248],[23.2448278,42.6517721],[23.2448091,42.6516111],[23.2448353,42.6515095],[23.2448728,42.6514404],[23.244968,42.6513063],[23.2450512,42.6511692],[23.2450894,42.6510902],[23.2451015,42.6507993],[23.2450882,42.6505445],[23.2450532,42.6504688],[23.2449942,42.650381],[23.2449394,42.6501454],[23.2448461,42.6498664],[23.2449769,42.6496509],[23.2450698,42.6494359],[23.2450379,42.6494307],[23.2445477,42.6493268],[23.2441185,42.6492706],[23.2437189,42.6492972],[23.2434373,42.6493781],[23.2432592,42.6494729],[23.2429813,42.6496207],[23.2427452,42.6497401],[23.2424918,42.6497904],[23.2423148,42.6497756],[23.2421699,42.6497361],[23.2420586,42.6496908],[23.2419647,42.6496118],[23.2418963,42.649525],[23.2418373,42.6493781],[23.2418454,42.6492272],[23.2419277,42.6490988],[23.2417999,42.6489473],[23.2417608,42.648945],[23.2410408,42.6489033],[23.2413246,42.6480908],[23.2407876,42.6478764],[23.2409948,42.6473799],[23.2381647,42.6462907],[23.2380553,42.6460689],[23.2379823,42.645921],[23.2376567,42.6455472]]]}},{"type":"Feature","id":"relation/16869263","properties":{"id":"osm-relation-16869263","name":"Centre"},"geometry":{"type":"Polygon","coordinates":[[[23.2970127,42.6901054],[23.2973024,42.6897391],[23.2974453,42.6896346],[23.297741,42.6892956],[23.2987439,42.6882418],[23.2991217,42.6878691],[23.2997117,42.6873702],[23.3,42.6871313],[23.300036,42.687103],[23.3000684,42.6870772],[23.3001749,42.6869878],[23.3003016,42.6870529],[23.3003447,42.6870759],[23.3004171,42.6871135],[23.3007668,42.687295],[23.3011165,42.6874765],[23.3014727,42.6876542],[23.3017861,42.6878133],[23.3022218,42.6880367],[23.3026755,42.6882693],[23.3027831,42.6883243],[23.3028768,42.6883722],[23.3033405,42.6886091],[23.3041457,42.6890203],[23.3057753,42.6898801],[23.3061544,42.6900794],[23.3061837,42.6900947],[23.3063541,42.6901729],[23.3064268,42.6901154],[23.3064514,42.6900961],[23.306482,42.6900721],[23.3064884,42.6900671],[23.3065401,42.6900264],[23.306579,42.6899965],[23.3066192,42.6899642],[23.3068301,42.6897982],[23.3068937,42.6897481],[23.306999,42.6896652],[23.3075333,42.6892445],[23.3077771,42.6890526],[23.3081829,42.6887331],[23.3082579,42.688674],[23.3086515,42.6883664],[23.3087149,42.6883143],[23.3090774,42.6880288],[23.3094152,42.6877629],[23.3098524,42.6874186],[23.3098847,42.6873932],[23.3100585,42.6872563],[23.3102457,42.6871089],[23.310277,42.6870843],[23.3103935,42.6869926],[23.3102556,42.686909],[23.3102221,42.6868924],[23.3101565,42.6868585],[23.3100067,42.6867882],[23.3098709,42.6867356],[23.3097357,42.6866839],[23.3095699,42.6866344],[23.3088615,42.6864508],[23.307903,42.6862039],[23.3077823,42.6861749],[23.3076393,42.686137],[23.3075834,42.6861222],[23.3068494,42.6859279],[23.3066226,42.6858694],[23.3064116,42.685815],[23.3059394,42.6856932],[23.3058561,42.6856716],[23.3049746,42.6854376],[23.304388,42.6852809],[23.3043125,42.6852611],[23.3033419,42.6850005],[23.30286,42.684874],[23.3023842,42.6847505],[23.3023339,42.6847374],[23.3021542,42.6846906],[23.3014834,42.6845128],[23.3014527,42.6845071],[23.3013962,42.6844958],[23.3012962,42.684481],[23.3013167,42.6843591],[23.3013206,42.6843314],[23.3013781,42.6840095],[23.3014191,42.6838055],[23.3014681,42.6835614],[23.3015055,42.6833593],[23.3015181,42.6832914],[23.3015776,42.6830278],[23.3016288,42.682811],[23.3016895,42.6826099],[23.3017915,42.6821955],[23.3018051,42.6821507],[23.3018501,42.6820029],[23.302035,42.6813949],[23.3021974,42.6808613],[23.3022155,42.6808019],[23.3023321,42.6804186],[23.3025391,42.679738],[23.3026195,42.6794546],[23.3028445,42.6795085],[23.3030071,42.6795474],[23.303327,42.6796394],[23.3036237,42.6797281],[23.3042711,42.6799598],[23.3067232,42.6808323],[23.3074903,42.681083],[23.3083419,42.6813043],[23.3091374,42.6814569],[23.3099579,42.6815707],[23.3114964,42.6816254],[23.3130241,42.6816401],[23.3136504,42.6816478],[23.313882,42.68165],[23.3141455,42.6816625],[23.3146428,42.681686],[23.3151693,42.6817303],[23.3153753,42.6817538],[23.3157294,42.6817913],[23.3162699,42.6818838],[23.3167723,42.6819829],[23.3170404,42.6820487],[23.3172687,42.6821077],[23.317708,42.6822364],[23.3182772,42.6824136],[23.3189409,42.682653],[23.319253,42.6827622],[23.3197474,42.6829481],[23.3199807,42.6830709],[23.3205093,42.6832309],[23.3206115,42.6832677],[23.3206325,42.6832753],[23.3206499,42.6832816],[23.3208067,42.6833383],[23.3209828,42.6833951],[23.3213717,42.683525],[23.3216955,42.6836371],[23.3223786,42.6838623],[23.3233117,42.6841666],[23.3236131,42.684265],[23.3236711,42.6842834],[23.3236997,42.6842927],[23.3239415,42.6843713],[23.324957,42.6847013],[23.3258316,42.6849857],[23.3259424,42.6850214],[23.3259851,42.6850348],[23.3260548,42.6850565],[23.3270233,42.6853741],[23.3274669,42.6855175],[23.3278476,42.685644],[23.3282909,42.6857914],[23.3288596,42.685979],[23.3289032,42.6859926],[23.3296405,42.6862311],[23.3299496,42.6863299],[23.3300598,42.6863651],[23.330353,42.6864634],[23.3304913,42.6865141],[23.3306304,42.6865744],[23.3306927,42.6866107],[23.3307107,42.686622],[23.330728,42.6866325],[23.3307816,42.6866641],[23.3308078,42.6866798],[23.3319626,42.6874027],[23.3320129,42.6874362],[23.3327841,42.687926],[23.3330343,42.6880905],[23.3336003,42.6884626],[23.3337139,42.6885347],[23.3338545,42.6886258],[23.3339965,42.6887143],[23.3340368,42.6887419],[23.3341703,42.6888269],[23.3343092,42.6889151],[23.3349932,42.6893495],[23.3353941,42.6896041],[23.336537,42.6903261],[23.3370083,42.6906125],[23.3372289,42.6906977],[23.3373085,42.6906397],[23.3373572,42.690605],[23.3375461,42.6904704],[23.3375832,42.690444],[23.3376452,42.6904029],[23.3377099,42.6903568],[23.3380608,42.690114],[23.3382411,42.6899885],[23.3389403,42.6894724],[23.3396794,42.6889617],[23.3418291,42.6874617],[23.342804,42.6867756],[23.3429611,42.6868836],[23.3430265,42.6869256],[23.3434932,42.6872839],[23.3440487,42.6876851],[23.3444859,42.6880115],[23.3445773,42.6880833],[23.3451772,42.6885641],[23.3452325,42.6886146],[23.3457473,42.6883517],[23.3465809,42.6878811],[23.3466226,42.6878555],[23.347117,42.6875864],[23.3474302,42.6874039],[23.3474985,42.6873656],[23.3477464,42.6872139],[23.3482404,42.6869078],[23.3483436,42.6868481],[23.3487248,42.6866241],[23.3489597,42.6864852],[23.3495998,42.6861171],[23.3497596,42.6860231],[23.3501485,42.6857906],[23.3503104,42.6856937],[23.3503871,42.6856495],[23.3507052,42.6858649],[23.3513494,42.686342],[23.3514992,42.6864609],[23.3515846,42.6865365],[23.3515674,42.6865461],[23.3514997,42.6865838],[23.3514185,42.68663],[23.3510236,42.6868579],[23.3509611,42.6868939],[23.3506526,42.6870664],[23.3501865,42.6873508],[23.3500485,42.6874324],[23.3500317,42.6874424],[23.3494031,42.6878062],[23.3487757,42.6881907],[23.3482772,42.6884817],[23.3481502,42.6885558],[23.3481037,42.6885838],[23.3480256,42.6886309],[23.3472481,42.6890997],[23.3472232,42.6891144],[23.3468121,42.6893565],[23.3454774,42.6901133],[23.3438518,42.6910545],[23.3437236,42.6916267],[23.3436728,42.6918537],[23.3436569,42.691928],[23.3438115,42.6919651],[23.3439593,42.692014],[23.3441508,42.6921081],[23.3444986,42.6923074],[23.344522,42.692323],[23.34475,42.6924616],[23.3446232,42.6924887],[23.3444739,42.6925226],[23.3443525,42.6925513],[23.3443023,42.6925619],[23.3442023,42.6925797],[23.3442646,42.6926201],[23.344346,42.6926688],[23.344628,42.6928437],[23.3447302,42.6929071],[23.3456514,42.6934766],[23.3458494,42.6935916],[23.3459634,42.6936571],[23.3460063,42.6936867],[23.3460948,42.6937636],[23.3461793,42.6938912],[23.3462388,42.6941103],[23.3462504,42.6941638],[23.3462625,42.6942218],[23.3462728,42.6942701],[23.3463858,42.6948005],[23.3464247,42.6949764],[23.346528,42.6954634],[23.3466599,42.6960808],[23.3466763,42.6961587],[23.346683,42.6961908],[23.3466915,42.6962313],[23.3467014,42.696278],[23.3467167,42.6963508],[23.3467246,42.6963882],[23.3467935,42.6967152],[23.3468839,42.6971631],[23.3469426,42.6974123],[23.3469893,42.6976117],[23.346998,42.6976632],[23.3469988,42.6977177],[23.346995,42.6977481],[23.3469839,42.6977946],[23.3469686,42.6978293],[23.3469462,42.6978655],[23.3469137,42.6979022],[23.3469883,42.6979544],[23.3470467,42.6979765],[23.3471027,42.6979855],[23.347164,42.6979884],[23.3471307,42.6981918],[23.347141,42.6983408],[23.347192,42.6985718],[23.3472008,42.6986081],[23.3472202,42.6986917],[23.3472359,42.6987673],[23.3473271,42.6990856],[23.3473357,42.6991206],[23.3473091,42.6992448],[23.347327,42.6993291],[23.3468379,42.6994092],[23.3454005,42.6996695],[23.3448369,42.6997729],[23.3445432,42.6998527],[23.3442916,42.6999422],[23.3434618,42.7002708],[23.340438,42.7014956],[23.3391777,42.702015],[23.3389435,42.7021115],[23.334908,42.7041906],[23.3336048,42.7048813],[23.3330831,42.7052227],[23.3329493,42.7054075],[23.3328598,42.7054478],[23.3328127,42.7054712],[23.3327584,42.7055272],[23.332738,42.7055754],[23.3325991,42.7061047],[23.3323829,42.7068224],[23.3322871,42.7071741],[23.3322493,42.7073127],[23.3322252,42.7074011],[23.3322152,42.7074378],[23.3321984,42.7075057],[23.3321089,42.7077896],[23.3318462,42.7079927],[23.3305621,42.7086882],[23.3295861,42.7092257],[23.3284353,42.7094759],[23.3259018,42.7099236],[23.3230698,42.7109864],[23.3230016,42.7110193],[23.3227786,42.710686],[23.3227399,42.710627],[23.3226469,42.7104846],[23.3225941,42.7104039],[23.322526,42.710305],[23.3224073,42.7103788],[23.3223158,42.7104209],[23.3221321,42.7104953],[23.3219568,42.7105817],[23.3217718,42.7106625],[23.321584,42.7107366],[23.3195556,42.7114743],[23.3194377,42.7115151],[23.3192972,42.711564],[23.319162,42.71144],[23.3191354,42.7114141],[23.3190637,42.7113341],[23.3190462,42.7113144],[23.3190407,42.7113082],[23.3190197,42.7113181],[23.3187887,42.7114267],[23.3187254,42.7114565],[23.3176127,42.7119763],[23.3175782,42.7119944],[23.3169465,42.7123256],[23.3169049,42.7122294],[23.3168873,42.7121886],[23.316778,42.7119297],[23.3165706,42.7114386],[23.3163389,42.7108986],[23.3160875,42.7103105],[23.3159393,42.7099518],[23.3158374,42.7097037],[23.3160869,42.7096798],[23.3161541,42.7098708],[23.3166925,42.7098304],[23.3166559,42.7096253],[23.3168204,42.7096105],[23.3171545,42.7095805],[23.3171921,42.7097922],[23.3177813,42.7097369],[23.317744,42.7095231],[23.3182489,42.7094775],[23.3183102,42.709472],[23.3183492,42.7094686],[23.3183617,42.7094675],[23.3183445,42.7093132],[23.318062,42.7077881],[23.3177016,42.7057721],[23.3176345,42.705412],[23.3143049,42.7056282],[23.3143102,42.7058579],[23.314344,42.7059518],[23.3145381,42.7064903],[23.3139135,42.7065351],[23.3137721,42.7065452],[23.313382,42.7065732],[23.3127077,42.7066216],[23.3125931,42.7066299],[23.3125051,42.7066367],[23.3127139,42.7070999],[23.312735,42.7071516],[23.3128796,42.707506],[23.3131517,42.7081819],[23.3131563,42.7081934],[23.313197,42.708293],[23.3130622,42.7083225],[23.3129619,42.7083444],[23.3129208,42.7083537],[23.3123078,42.7084921],[23.3114126,42.7086934],[23.3113167,42.7087192],[23.3112421,42.7087431],[23.3111838,42.7087844],[23.3111457,42.7085059],[23.3111356,42.7084895],[23.3111067,42.7084857],[23.3107809,42.7085101],[23.3107758,42.7084778],[23.3106923,42.7079458],[23.3105866,42.7073916],[23.310482,42.7067814],[23.3098041,42.7068306],[23.3091311,42.7068774],[23.3090775,42.7068811],[23.309032,42.706885],[23.3086563,42.7069176],[23.3084839,42.706924],[23.3084439,42.7069255],[23.3084215,42.7069252],[23.3077988,42.7069174],[23.3071081,42.7069129],[23.3069664,42.706912],[23.3067671,42.70691],[23.3062368,42.7069126],[23.3062439,42.7072464],[23.3062485,42.7074639],[23.3062547,42.7077568],[23.3062594,42.7079488],[23.3062657,42.7083529],[23.3062693,42.7084354],[23.3062327,42.7084881],[23.3062133,42.7085162],[23.3058872,42.70894],[23.3057661,42.7090974],[23.3054053,42.7088885],[23.3053878,42.7088784],[23.3052635,42.7088099],[23.304983,42.7086553],[23.304841,42.7085869],[23.3046889,42.7085205],[23.3043563,42.7083788],[23.3042992,42.708355],[23.3042814,42.7083478],[23.3043062,42.7083141],[23.3045814,42.7079409],[23.3044594,42.7074714],[23.3043392,42.7070139],[23.304249,42.7066153],[23.3041305,42.7061693],[23.3041115,42.7060978],[23.3040941,42.7060259],[23.3043786,42.7059906],[23.3041413,42.7042362],[23.3041152,42.7041479],[23.3038821,42.7033586],[23.3035932,42.7023638],[23.3035884,42.7023472],[23.3032208,42.7024084],[23.3030647,42.7024344],[23.302713,42.7024936],[23.302136,42.7025908],[23.3012922,42.7027325],[23.3012008,42.7027481],[23.3010939,42.7027655],[23.3010068,42.7027799],[23.300914,42.7027954],[23.3000739,42.7029375],[23.2991433,42.7030939],[23.2983092,42.7032326],[23.2982476,42.7032428],[23.2982365,42.7032449],[23.2981701,42.703256],[23.2981142,42.7032654],[23.2980922,42.7032691],[23.29807,42.7031887],[23.2980563,42.7031413],[23.298028,42.703037],[23.2977785,42.7021295],[23.2977504,42.7020382],[23.2977356,42.7019888],[23.2977182,42.7019306],[23.2976854,42.701832],[23.2975272,42.7012758],[23.2973857,42.7007773],[23.2973389,42.7006124],[23.2973328,42.7005908],[23.2973139,42.7005244],[23.2973013,42.70048],[23.297297,42.7004649],[23.2992025,42.7001733],[23.3022686,42.6997011],[23.3029781,42.6995946],[23.3031569,42.6995657],[23.3042068,42.6994021],[23.3077914,42.6988455],[23.3096652,42.6985555],[23.3097301,42.6985454],[23.3098814,42.6985219],[23.3106208,42.6984071],[23.3116647,42.6982449],[23.3124442,42.6981238],[23.3130515,42.6980294],[23.313115,42.6980166],[23.3131756,42.6979975],[23.313232,42.6979724],[23.3132567,42.6979594],[23.3133033,42.6979282],[23.3133434,42.6978934],[23.3133586,42.6978767],[23.3135621,42.697607],[23.3135896,42.697573],[23.3136039,42.6975593],[23.313641,42.6975311],[23.3136855,42.6975072],[23.3137348,42.6974893],[23.3137877,42.6974777],[23.3141623,42.6974219],[23.314158,42.6974069],[23.3141488,42.6973753],[23.3141291,42.6973073],[23.3141276,42.6973022],[23.3140792,42.697133],[23.314004,42.6969017],[23.313078,42.6970461],[23.3130648,42.6970001],[23.3128837,42.6969044],[23.3120779,42.696485],[23.3119873,42.6964379],[23.311716,42.6962958],[23.311897,42.6961032],[23.3106426,42.6954576],[23.3104829,42.6953744],[23.310458,42.6953614],[23.3097518,42.6949992],[23.3091723,42.6947024],[23.3091331,42.6946747],[23.3091125,42.6946453],[23.3089609,42.6945508],[23.3089063,42.6945195],[23.3088476,42.6944884],[23.3086087,42.6943541],[23.3085069,42.694303],[23.3084051,42.6942519],[23.3082779,42.6941883],[23.3076792,42.6938878],[23.3075996,42.6938543],[23.3075655,42.69384],[23.3072217,42.6936624],[23.3066699,42.6933774],[23.3061946,42.6931335],[23.3060655,42.6930652],[23.3060231,42.6930433],[23.3053201,42.6926802],[23.3051713,42.6928388],[23.305145,42.6928673],[23.3039939,42.6923021],[23.3010059,42.6913242],[23.2996067,42.6908666],[23.2970127,42.6901054]]]}},{"type":"Feature","id":"relation/16908562","properties":{"id":"osm-relation-16908562","name":"Cherniya Kos"},"geometry":{"type":"Polygon","coordinates":[[[23.1997395,42.6528932],[23.2007172,42.6524541],[23.2012389,42.6520565],[23.2015372,42.651864],[23.2020889,42.6514748],[23.2027559,42.651096],[23.203821,42.6508004],[23.2043377,42.6506857],[23.2045175,42.6506053],[23.204374,42.6503961],[23.2055179,42.6501106],[23.2062056,42.64974],[23.2073495,42.6493544],[23.2081529,42.6493143],[23.2088851,42.6493222],[23.2086568,42.64971],[23.2088678,42.6499604],[23.2088406,42.6504612],[23.2087317,42.6506865],[23.2097258,42.6511573],[23.2098619,42.6514327],[23.2099981,42.652269],[23.2108629,42.6528349],[23.2101289,42.653856],[23.2093149,42.6539434],[23.2084664,42.6545285],[23.2046166,42.6531557],[23.2008149,42.6529511],[23.1997395,42.6528932]]]}},{"type":"Feature","id":"relation/16935578","properties":{"id":"osm-relation-16935578","name":"Cherno Konche"},"geometry":{"type":"Polygon","coordinates":[[[23.4393181,42.7207917],[23.4399127,42.7204701],[23.4396628,42.720078],[23.4395984,42.7196294],[23.4396526,42.7195237],[23.4399907,42.7190149],[23.4400169,42.7189575],[23.4401673,42.7187815],[23.4407827,42.7187793],[23.4413486,42.7185207],[23.4416984,42.7183048],[23.4418313,42.7181945],[23.4421122,42.7183699],[23.4428809,42.7188562],[23.4432288,42.7190762],[23.4448643,42.7200971],[23.4425428,42.721926],[23.4405901,42.7215319],[23.440576,42.7215259],[23.4401186,42.7214397],[23.4401199,42.7214345],[23.4399563,42.7214056],[23.4399639,42.7213789],[23.4398079,42.7213488],[23.4397099,42.7213095],[23.4396427,42.7212463],[23.4393181,42.7207917]]]}},{"type":"Feature","id":"relation/16864579","properties":{"id":"osm-relation-16864579","name":"Darvenitsa"},"geometry":{"type":"Polygon","coordinates":[[[23.3567374,42.6490223],[23.3575448,42.6485469],[23.3579042,42.6488546],[23.3587384,42.6483674],[23.3582958,42.6477459],[23.3638453,42.6454667],[23.3650575,42.648693],[23.3651592,42.6498682],[23.3652124,42.6499728],[23.3652376,42.6500037],[23.3655031,42.6501714],[23.365574,42.6502509],[23.3656453,42.6505324],[23.36569,42.6506351],[23.3658228,42.6508575],[23.3658523,42.6509305],[23.3658577,42.6510153],[23.3657934,42.6512422],[23.3658045,42.6513589],[23.3659947,42.6516604],[23.3660159,42.6517157],[23.3660222,42.6518146],[23.3658682,42.6521669],[23.3658682,42.6522475],[23.3659462,42.6525382],[23.3660021,42.6526942],[23.3660654,42.6527756],[23.3661528,42.652857],[23.3663085,42.6529491],[23.3663928,42.6530799],[23.3664402,42.6532083],[23.3664078,42.6534184],[23.3664244,42.6534711],[23.3664825,42.6535443],[23.3665034,42.6536042],[23.3664886,42.6537015],[23.366424,42.653975],[23.3664424,42.6540568],[23.3665163,42.6541366],[23.3665416,42.6541644],[23.3665535,42.6542039],[23.3665543,42.6542579],[23.3665783,42.6543178],[23.3666912,42.6544738],[23.3667283,42.6545403],[23.3667718,42.6547066],[23.36704,42.6553221],[23.3672765,42.6556656],[23.3674127,42.6557945],[23.3674867,42.6559972],[23.3676206,42.6560957],[23.3678636,42.6561523],[23.3679584,42.6562035],[23.3679492,42.6562907],[23.3677733,42.6564202],[23.3677831,42.6564807],[23.367888,42.6565943],[23.3659681,42.6576514],[23.365115,42.6581422],[23.3641911,42.6586898],[23.3633299,42.6592049],[23.36284,42.6595228],[23.3617529,42.6603682],[23.3611009,42.6608876],[23.3606813,42.6611599],[23.3602065,42.6614206],[23.3596845,42.661664],[23.3587458,42.6619798],[23.3588283,42.6617447],[23.3588654,42.6615748],[23.3589641,42.6601043],[23.3589813,42.6597937],[23.3589828,42.659767],[23.3590458,42.6586071],[23.3591129,42.6577895],[23.3591396,42.6573802],[23.3591397,42.6573468],[23.3591401,42.6572479],[23.3591404,42.6571621],[23.3591403,42.6571412],[23.3591723,42.6565087],[23.3591845,42.656249],[23.3592023,42.6558926],[23.3592508,42.6555194],[23.3593395,42.6551131],[23.3596046,42.6540068],[23.3596247,42.6539175],[23.3596775,42.6537031],[23.3597532,42.6533791],[23.3597738,42.6532495],[23.3597803,42.6530963],[23.3597791,42.6530046],[23.3597652,42.6528627],[23.359744,42.6526883],[23.3597032,42.6524994],[23.3596316,42.6522778],[23.3595539,42.6521146],[23.3593964,42.651823],[23.3591424,42.6515155],[23.3584289,42.6508054],[23.3574831,42.649843],[23.3567374,42.6490223]]]}},{"type":"Feature","id":"relation/16858389+relation/16858680","properties":{"id":"osm-relations-16858389-16858680","name":"Dianabad"},"geometry":{"type":"MultiPolygon","coordinates":[[[[23.3387747,42.6575044],[23.3389282,42.6575214],[23.3395459,42.6576363],[23.3401886,42.6577679],[23.3414396,42.6580352],[23.3423067,42.6582125],[23.3427249,42.658302],[23.3450424,42.6587807],[23.345579,42.658897],[23.3460772,42.659005],[23.3463887,42.6590876],[23.3477661,42.6595875],[23.3479736,42.659669],[23.3497552,42.6603738],[23.3508588,42.6607987],[23.3516382,42.6610941],[23.3517113,42.6611231],[23.3540946,42.662049],[23.3556875,42.6626469],[23.3563865,42.6629269],[23.3575215,42.6633466],[23.3562533,42.6644275],[23.3551978,42.6653531],[23.3551724,42.6653758],[23.3550712,42.6654663],[23.3548897,42.665621],[23.3548142,42.6656853],[23.3546824,42.6657977],[23.3545819,42.6658886],[23.3541635,42.666267],[23.3539525,42.6664773],[23.3537531,42.6667098],[23.3536356,42.6668453],[23.353518,42.6669807],[23.3533741,42.6671963],[23.3532641,42.6673802],[23.3525127,42.6672911],[23.352566,42.6669903],[23.3526109,42.6669214],[23.352679,42.6668781],[23.3527524,42.6668447],[23.3531702,42.6666296],[23.3532786,42.6665737],[23.3533474,42.6665315],[23.3534055,42.6664834],[23.353448,42.6664227],[23.3534723,42.666369],[23.3534852,42.6663403],[23.3535275,42.6661955],[23.3535859,42.6659949],[23.353022,42.6660018],[23.3525521,42.6659736],[23.3522883,42.6659086],[23.3521671,42.6658787],[23.351954,42.6658137],[23.3512139,42.665588],[23.3509424,42.6655052],[23.3506392,42.6654128],[23.3498168,42.6651681],[23.3494749,42.6650664],[23.3492409,42.6649966],[23.3487026,42.6648339],[23.3485717,42.6647943],[23.3478708,42.6646024],[23.3477695,42.6645786],[23.347552,42.6645275],[23.3473284,42.6644749],[23.3471,42.6644212],[23.3469498,42.6643901],[23.3467835,42.6643472],[23.3466135,42.6643059],[23.3456735,42.6640778],[23.3456293,42.6640671],[23.3455214,42.6640409],[23.34529,42.6639847],[23.344716,42.6638592],[23.3442929,42.663719],[23.3441763,42.6636804],[23.3441302,42.6637335],[23.3440711,42.6638015],[23.3439616,42.663941],[23.3437782,42.6641746],[23.343522,42.6644981],[23.3434653,42.6645698],[23.3433018,42.6647799],[23.3432423,42.6647579],[23.3432117,42.6647466],[23.3429175,42.6644739],[23.3428255,42.6643886],[23.3427356,42.6642447],[23.3427349,42.6641288],[23.3429234,42.6638058],[23.3428939,42.6636925],[23.3428314,42.6634079],[23.3428385,42.6633498],[23.3427045,42.6632],[23.342624,42.6631191],[23.3425811,42.6630737],[23.3425596,42.6630323],[23.3425623,42.662979],[23.3425623,42.6627113],[23.3425102,42.6624506],[23.3422406,42.6621452],[23.3421828,42.6615851],[23.3420926,42.6612241],[23.3418385,42.6611013],[23.3411957,42.6605031],[23.3409445,42.6601942],[23.3408554,42.6600846],[23.3407437,42.6599518],[23.3400892,42.6591734],[23.3398527,42.6587611],[23.339199,42.6580874],[23.3389151,42.6577189],[23.3388594,42.6576354],[23.3388053,42.6575574],[23.3387747,42.6575044]]],[[[23.3532641,42.6673802],[23.353166,42.6675678],[23.3530113,42.6679061],[23.3527254,42.6686159],[23.3525266,42.668558],[23.3523613,42.6684993],[23.3523109,42.6684796],[23.3519264,42.6683298],[23.3518655,42.6683061],[23.3517211,42.6682556],[23.3511621,42.6680604],[23.3507903,42.6679611],[23.3503762,42.6678713],[23.3498456,42.6678418],[23.3495571,42.6678258],[23.3483758,42.6677779],[23.347503,42.6677408],[23.3473581,42.6677338],[23.3463136,42.6677019],[23.3456662,42.6676821],[23.3454498,42.6676755],[23.3449586,42.6676604],[23.3447231,42.6676532],[23.3443796,42.6676457],[23.3442127,42.6676453],[23.3440138,42.6676367],[23.3435108,42.6676255],[23.343491,42.6676023],[23.3434661,42.6675683],[23.3434454,42.6674994],[23.3434275,42.6674222],[23.3434077,42.6673818],[23.343397,42.6673576],[23.343362,42.667293],[23.343327,42.6672402],[23.343226,42.6668318],[23.3432682,42.6667554],[23.3431721,42.6663487],[23.3430514,42.6658381],[23.34265,42.6657621],[23.3425488,42.665743],[23.3426524,42.6656183],[23.3428538,42.6653735],[23.3429919,42.6651929],[23.3433018,42.6647799],[23.3434653,42.6645698],[23.343522,42.6644981],[23.3437782,42.6641746],[23.3439616,42.663941],[23.3440711,42.6638015],[23.3441302,42.6637335],[23.3441763,42.6636804],[23.3442929,42.663719],[23.344716,42.6638592],[23.34529,42.6639847],[23.3455214,42.6640409],[23.3456293,42.6640671],[23.3456735,42.6640778],[23.3466135,42.6643059],[23.3467835,42.6643472],[23.3469498,42.6643901],[23.3471,42.6644212],[23.3473284,42.6644749],[23.347552,42.6645275],[23.3477695,42.6645786],[23.3478708,42.6646024],[23.3485717,42.6647943],[23.3487026,42.6648339],[23.3492409,42.6649966],[23.3494749,42.6650664],[23.3498168,42.6651681],[23.3506392,42.6654128],[23.3509424,42.6655052],[23.3512139,42.665588],[23.351954,42.6658137],[23.3521671,42.6658787],[23.3522883,42.6659086],[23.3525521,42.6659736],[23.353022,42.6660018],[23.3535859,42.6659949],[23.3535275,42.6661955],[23.3534852,42.6663403],[23.3534723,42.666369],[23.353448,42.6664227],[23.3534055,42.6664834],[23.3533474,42.6665315],[23.3532786,42.6665737],[23.3531702,42.6666296],[23.3527524,42.6668447],[23.352679,42.6668781],[23.3526109,42.6669214],[23.352566,42.6669903],[23.3525127,42.6672911],[23.3532641,42.6673802]]],[[[23.3532641,42.6673802],[23.3533741,42.6671963],[23.353518,42.6669807],[23.3536356,42.6668453],[23.3537531,42.6667098],[23.3539525,42.6664773],[23.3541635,42.666267],[23.3545819,42.6658886],[23.3546824,42.6657977],[23.3548142,42.6656853],[23.3548897,42.665621],[23.3550712,42.6654663],[23.3551724,42.6653758],[23.3551978,42.6653531],[23.3562533,42.6644275],[23.3575215,42.6633466],[23.3576958,42.6634007],[23.3582431,42.6636152],[23.359063,42.6639519],[23.3593149,42.6640435],[23.360249,42.6644083],[23.3613786,42.6649067],[23.3624471,42.6653905],[23.362563,42.6654446],[23.3626409,42.6654865],[23.3635105,42.6659643],[23.3649478,42.666901],[23.3652973,42.6671253],[23.3666078,42.6680232],[23.3667296,42.668114],[23.367879,42.668971],[23.3666515,42.669847],[23.3664473,42.6697383],[23.3663902,42.6697062],[23.3661945,42.669596],[23.3652215,42.6690607],[23.3650657,42.6689717],[23.3641332,42.6684723],[23.3634131,42.6682441],[23.362929,42.6682169],[23.3624764,42.6681805],[23.3618139,42.668069],[23.3614866,42.6679946],[23.3612263,42.6680078],[23.3611016,42.6679849],[23.3607243,42.6679127],[23.3606157,42.6678919],[23.3605399,42.6678787],[23.3605016,42.6678731],[23.3604608,42.6678655],[23.3604304,42.6678613],[23.3603588,42.6678621],[23.3602884,42.6678628],[23.3600994,42.6678751],[23.3599107,42.6679021],[23.3597617,42.6679504],[23.359559,42.6679714],[23.3594398,42.6679403],[23.3588936,42.6678517],[23.3585362,42.6677917],[23.3581698,42.6677245],[23.3576268,42.6676539],[23.3570774,42.6676195],[23.3567497,42.6676043],[23.3564855,42.6675955],[23.3553135,42.6675318],[23.3545947,42.6674891],[23.3538924,42.6674468],[23.3534555,42.6674282],[23.3532641,42.6673802]]]]}},{"type":"Feature","id":"relation/17056840","properties":{"id":"osm-relation-17056840","name":"Dragalevtsi"},"geometry":{"type":"Polygon","coordinates":[[[23.288989,42.631235],[23.289283,42.63089],[23.289301,42.630805],[23.289763,42.630345],[23.290173,42.629937],[23.291942,42.628102],[23.292825,42.627358],[23.2934734,42.6270704],[23.2936276,42.6270014],[23.293869,42.627152],[23.293683,42.627609],[23.293313,42.627865],[23.2929815,42.6279258],[23.2930644,42.6281993],[23.2930086,42.6282646],[23.2928354,42.6283435],[23.2926886,42.6285546],[23.2924495,42.6288331],[23.2928714,42.628815],[23.2931357,42.6288152],[23.2932484,42.6288508],[23.293259,42.6289215],[23.2931719,42.62903],[23.292987,42.6291877],[23.2938029,42.6292686],[23.2940587,42.6293308],[23.2942394,42.6294567],[23.2944308,42.6297045],[23.2944922,42.6298764],[23.2944965,42.6298883],[23.2946016,42.6301822],[23.2947692,42.6305541],[23.2952234,42.630491],[23.2953495,42.6304962],[23.2957727,42.6306834],[23.2958527,42.6306604],[23.2961193,42.6305701],[23.295898,42.629395],[23.296563,42.629206],[23.296467,42.629102],[23.296848,42.628888],[23.296758,42.628789],[23.2970664,42.6286465],[23.2971638,42.6286015],[23.2970421,42.6285101],[23.2967497,42.6282691],[23.296665,42.628164],[23.2965031,42.6278664],[23.2964852,42.6277916],[23.2964916,42.6277318],[23.2965338,42.6276624],[23.2966063,42.6276133],[23.2976024,42.6272297],[23.2977672,42.6271946],[23.2980275,42.6271791],[23.2984921,42.6271662],[23.2986529,42.6271667],[23.2987659,42.6271881],[23.2989305,42.6272215],[23.2991118,42.6272567],[23.2992729,42.6273113],[23.299399,42.6273722],[23.299501,42.6274448],[23.299563,42.6275676],[23.2996129,42.6277023],[23.2997872,42.627501],[23.2999242,42.6274326],[23.3000917,42.627349],[23.3007756,42.6268793],[23.3012182,42.6265695],[23.3013919,42.626325],[23.3015405,42.6259996],[23.301679,42.625829],[23.3020451,42.625756],[23.3033576,42.6256157],[23.3036679,42.6254964],[23.3037648,42.6254592],[23.3045865,42.6252027],[23.3047219,42.6251604],[23.3050908,42.6250843],[23.3058081,42.624872],[23.3059294,42.6248433],[23.306076,42.6247722],[23.3062377,42.6246958],[23.3063751,42.6246304],[23.3057474,42.6235564],[23.3060255,42.6234233],[23.3061227,42.6234213],[23.3062229,42.6234004],[23.3065421,42.6233377],[23.3067814,42.6232586],[23.3076692,42.6230067],[23.3083103,42.6227817],[23.3086442,42.6227097],[23.3089822,42.6226761],[23.3090619,42.6226738],[23.3092167,42.6226786],[23.3091587,42.6225186],[23.3091342,42.6224686],[23.3090385,42.6223243],[23.3089488,42.6221711],[23.308883,42.6220707],[23.3088603,42.622019],[23.3088456,42.6219643],[23.3088262,42.621892],[23.3087687,42.6216722],[23.3087461,42.6215659],[23.3087281,42.6214561],[23.3087109,42.6214127],[23.3086612,42.621338],[23.3085974,42.6212608],[23.3085239,42.6211909],[23.3084739,42.6211299],[23.3084313,42.6210796],[23.3084134,42.6210361],[23.3084111,42.620987],[23.3084189,42.6208745],[23.3084155,42.620763],[23.3083987,42.6207194],[23.3083598,42.6206861],[23.3082948,42.6206725],[23.3082308,42.6206738],[23.3081586,42.6206864],[23.3080895,42.6207179],[23.3080305,42.6207517],[23.3079527,42.6208079],[23.3078349,42.6209649],[23.3077638,42.6210686],[23.3077205,42.6211269],[23.3076449,42.6212224],[23.3075112,42.6213504],[23.3074832,42.6213239],[23.306543,42.620433],[23.306173,42.620331],[23.3058708,42.6202559],[23.3058965,42.620045],[23.3061574,42.6199852],[23.3068926,42.6200162],[23.3074599,42.6199297],[23.3080032,42.6199171],[23.3082029,42.6196611],[23.3092122,42.6195379],[23.309698,42.61965],[23.3098884,42.6199875],[23.3100869,42.6199194],[23.3102411,42.619801],[23.3104128,42.6196549],[23.3105764,42.6195562],[23.3108058,42.6194753],[23.3111343,42.6193667],[23.3113248,42.6192977],[23.3115125,42.6191713],[23.3118666,42.6188378],[23.3122997,42.6184174],[23.3124191,42.6183339],[23.3124884,42.6182854],[23.3125992,42.6182357],[23.3126913,42.6181943],[23.3128799,42.6181852],[23.313425,42.618159],[23.314138,42.618025],[23.314677,42.617997],[23.3153675,42.6180093],[23.3164746,42.6177043],[23.3169654,42.6176056],[23.3173436,42.6175385],[23.3177211,42.6173853],[23.3181856,42.6174147],[23.3185676,42.6177306],[23.3195974,42.6174039],[23.3194991,42.6170237],[23.3191862,42.6168229],[23.31945,42.6164532],[23.3199693,42.616028],[23.3199566,42.6155534],[23.3198432,42.6152468],[23.319715,42.614751],[23.319813,42.614248],[23.3199861,42.6141827],[23.3202967,42.6141388],[23.3217543,42.6140439],[23.3216371,42.6144132],[23.3217251,42.6144548],[23.3218838,42.6145129],[23.3220845,42.6145634],[23.3223029,42.6145953],[23.3223251,42.6146046],[23.3223372,42.6146187],[23.3226564,42.6146276],[23.3228152,42.6146321],[23.32329,42.6146544],[23.3236992,42.6145359],[23.3244879,42.6142623],[23.3246228,42.614244],[23.324725,42.6142453],[23.3247721,42.6142377],[23.3250675,42.6144781],[23.3260546,42.616294],[23.327621,42.6177784],[23.327857,42.6185047],[23.3280287,42.6193258],[23.3284314,42.6202006],[23.328608,42.6208732],[23.3289924,42.6218868],[23.3288619,42.622239],[23.3290464,42.6227331],[23.3291965,42.6231806],[23.3292346,42.6232963],[23.3290744,42.6235433],[23.3290718,42.6237154],[23.3293483,42.6245205],[23.3294349,42.6252068],[23.3296055,42.6257155],[23.3302505,42.6267213],[23.3303907,42.6269905],[23.3306219,42.6271994],[23.3308085,42.6273679],[23.3299816,42.6276804],[23.3291701,42.6283769],[23.3294008,42.6287114],[23.3299821,42.6289717],[23.3307156,42.6285878],[23.3315602,42.6292328],[23.331521,42.6294792],[23.3326547,42.6302193],[23.3330959,42.6308282],[23.3327814,42.6309637],[23.3326384,42.630766],[23.3320876,42.6309553],[23.3318076,42.6305525],[23.3287134,42.6317648],[23.3306235,42.6343168],[23.3298579,42.6346372],[23.3284773,42.6352022],[23.3252157,42.6365142],[23.3231656,42.6373661],[23.3210092,42.638225],[23.3178612,42.6395329],[23.3174226,42.6397143],[23.3172473,42.6397856],[23.316065,42.6402632],[23.3135971,42.6412476],[23.3124634,42.641719],[23.3088388,42.6432262],[23.3083541,42.643411],[23.3079699,42.6435765],[23.305742,42.644498],[23.3043142,42.6450752],[23.303995,42.6447312],[23.3039427,42.6446808],[23.3039229,42.6446617],[23.3035187,42.6441596],[23.303276,42.643905],[23.3032464,42.6438747],[23.3031785,42.643947],[23.3030564,42.6440497],[23.3029212,42.6441472],[23.3027299,42.6443239],[23.3025218,42.6445252],[23.3022355,42.6447718],[23.3010529,42.6439785],[23.3007991,42.6435306],[23.2995078,42.6430328],[23.2987973,42.6431573],[23.2982391,42.6430536],[23.2977541,42.6428628],[23.2973763,42.6426097],[23.2971225,42.6423318],[23.2970323,42.6422364],[23.2961609,42.6416837],[23.2954441,42.6417245],[23.2944924,42.6417997],[23.2943196,42.6417876],[23.2941929,42.641756],[23.2939499,42.6416309],[23.2938468,42.6415664],[23.2936425,42.6414472],[23.2935534,42.6413953],[23.2939755,42.6410759],[23.2943701,42.6406847],[23.2952112,42.6398732],[23.296074,42.6390385],[23.2963414,42.6387591],[23.2967498,42.6383507],[23.296862,42.6382506],[23.297073,42.6380626],[23.2966843,42.6378545],[23.2949877,42.6372682],[23.2948262,42.6372239],[23.2947294,42.6371955],[23.2946697,42.6371457],[23.2946239,42.6370834],[23.2945239,42.6368721],[23.2944067,42.6368019],[23.2939162,42.636692],[23.2933508,42.636572],[23.2929193,42.6364731],[23.2923968,42.6362975],[23.2920929,42.6361656],[23.2913331,42.6357914],[23.2907885,42.6352349],[23.2904564,42.6348946],[23.2902666,42.6347088],[23.2897006,42.6346591],[23.289259,42.634509],[23.289219,42.634172],[23.289275,42.634039],[23.289803,42.633503],[23.2902897,42.6332933],[23.29053,42.633486],[23.290633,42.633561],[23.291531,42.633428],[23.2920233,42.6333206],[23.2912248,42.6328262],[23.2914176,42.6326036],[23.2916096,42.6323786],[23.2921101,42.6319611],[23.2925008,42.6315794],[23.2926585,42.6314309],[23.2925193,42.6313248],[23.2919893,42.6311862],[23.291877,42.631202],[23.291376,42.631325],[23.2907661,42.6313743],[23.290289,42.631213],[23.289946,42.631052],[23.289494,42.631032],[23.289053,42.631256],[23.288989,42.631235]]]}},{"type":"Feature","id":"relation/16901061","properties":{"id":"osm-relation-16901061","name":"Druzhba"},"geometry":{"type":"Polygon","coordinates":[[[23.3813482,42.6733539],[23.3813609,42.6730714],[23.3814651,42.6727593],[23.3818728,42.6719517],[23.3820096,42.6717121],[23.3826452,42.6707753],[23.3829493,42.6704176],[23.383825,42.6694842],[23.3841238,42.6691622],[23.3841649,42.6691186],[23.3846394,42.6685997],[23.384909,42.6683032],[23.3852707,42.6679096],[23.3853431,42.6678375],[23.3854899,42.6676795],[23.3858375,42.6672937],[23.3862964,42.6668883],[23.3867535,42.6664333],[23.3872036,42.665981],[23.3874869,42.6657159],[23.3881022,42.6651596],[23.3888928,42.6644462],[23.389792,42.6636395],[23.3899676,42.6634782],[23.3900277,42.6634236],[23.390121,42.6633387],[23.3903723,42.6630906],[23.3905598,42.662899],[23.3906365,42.6628217],[23.3907402,42.6626999],[23.3908529,42.6625586],[23.3915167,42.6630812],[23.391731,42.6628377],[23.3918941,42.6626596],[23.3919847,42.662568],[23.3920761,42.6624801],[23.3920911,42.6624657],[23.3923883,42.6621845],[23.3927183,42.6618921],[23.3927577,42.6618562],[23.3929126,42.6617155],[23.3930057,42.6616309],[23.3931098,42.6615363],[23.3933416,42.6613256],[23.3934603,42.6612177],[23.3942404,42.6604935],[23.394553,42.6602035],[23.3946785,42.660088],[23.3947899,42.6599855],[23.394843,42.659935],[23.3949628,42.6598263],[23.3950606,42.6597418],[23.3950793,42.6597245],[23.3953304,42.6595051],[23.3960059,42.658915],[23.396175,42.6587712],[23.3962741,42.6587016],[23.3975304,42.6580385],[23.397625,42.657988],[23.3973555,42.6576952],[23.3953686,42.6583898],[23.3945856,42.6574027],[23.3935744,42.6573201],[23.393727,42.6569952],[23.3927784,42.6569257],[23.392713,42.6573571],[23.3925406,42.6572823],[23.3918118,42.6569661],[23.3914411,42.6568053],[23.3928744,42.6553177],[23.3940984,42.6535411],[23.3957185,42.6516394],[23.3962797,42.651765],[23.3966035,42.6515501],[23.3975932,42.6510104],[23.3980358,42.650757],[23.3983117,42.6505763],[23.3984435,42.650467],[23.3985534,42.6503625],[23.3997555,42.6489137],[23.3998364,42.6488135],[23.3999003,42.6487324],[23.3999944,42.6486129],[23.3993486,42.6483124],[23.3995843,42.6478986],[23.3991134,42.647672],[23.4000357,42.6466367],[23.4004021,42.645833],[23.4005863,42.6445981],[23.4005914,42.6445335],[23.4011586,42.6443337],[23.4012413,42.6443046],[23.4013821,42.6442426],[23.4008134,42.6436959],[23.401168,42.6435349],[23.4030421,42.642684],[23.411952,42.6386878],[23.4145551,42.6375743],[23.4151714,42.6373889],[23.4156767,42.6372702],[23.4161948,42.6371912],[23.4178226,42.6369976],[23.4180933,42.6369654],[23.418558,42.6369201],[23.419779,42.6367902],[23.420969,42.6366571],[23.4242928,42.6442736],[23.4213532,42.6446278],[23.4209731,42.6452802],[23.41982,42.6452708],[23.4195783,42.6438928],[23.4171733,42.643771],[23.4167883,42.6443486],[23.4160039,42.6446175],[23.4157008,42.6448405],[23.4152483,42.6451423],[23.4143221,42.6457599],[23.4137803,42.6461222],[23.4134665,42.646332],[23.4132788,42.6464634],[23.4127375,42.6468077],[23.4126548,42.6466889],[23.4124792,42.646808],[23.4118083,42.6472629],[23.410826,42.6479289],[23.4106701,42.6480341],[23.4106125,42.648073],[23.4096173,42.6487445],[23.4094232,42.648877],[23.4091265,42.6490795],[23.4089753,42.6491814],[23.4088387,42.6492736],[23.4085565,42.649464],[23.4084254,42.6495525],[23.4083903,42.6495761],[23.4080232,42.6498238],[23.4078791,42.6499211],[23.4074286,42.6502243],[23.407198,42.6503794],[23.4071166,42.6504341],[23.4064322,42.6508919],[23.406216,42.6510512],[23.4060238,42.6511828],[23.4059739,42.651217],[23.4058812,42.6512805],[23.4057871,42.6513434],[23.4057733,42.6513526],[23.4080984,42.6555306],[23.4080781,42.6555379],[23.4080055,42.655564],[23.4079943,42.655568],[23.4077726,42.6556475],[23.4072145,42.6558505],[23.4068714,42.6559709],[23.4066975,42.6560333],[23.4062966,42.6561788],[23.4061544,42.6562283],[23.405115,42.6566052],[23.4047605,42.6567327],[23.4044079,42.6568594],[23.403435,42.6572041],[23.4020169,42.657713],[23.4019525,42.6577361],[23.4018714,42.6577652],[23.4019157,42.6578283],[23.4019339,42.6578542],[23.4020678,42.6580446],[23.4021258,42.6581272],[23.4022674,42.6583285],[23.4025074,42.6586699],[23.4028566,42.6591613],[23.4029607,42.6593309],[23.4035206,42.660191],[23.4039794,42.6608881],[23.4040405,42.660981],[23.4040752,42.6610359],[23.4041873,42.6612033],[23.4043113,42.6614],[23.4047893,42.662178],[23.4049049,42.6623663],[23.4051723,42.6628412],[23.405286,42.663043],[23.4054967,42.6634656],[23.4057215,42.6639166],[23.4058896,42.6642537],[23.406099,42.6646637],[23.4045106,42.6649188],[23.4043912,42.6645841],[23.4048133,42.6645315],[23.4045267,42.6636605],[23.403723,42.6638587],[23.4036318,42.6638341],[23.4031621,42.6629971],[23.403141,42.6629568],[23.4026686,42.662053],[23.4026063,42.6619719],[23.4016931,42.6623264],[23.4015181,42.662421],[23.4015005,42.6624541],[23.4015357,42.6625057],[23.4019692,42.6631408],[23.4018022,42.6632044],[23.4020702,42.663542],[23.4019254,42.6636236],[23.4022324,42.6639395],[23.4022881,42.6639783],[23.4024211,42.6640707],[23.4027613,42.6644575],[23.4029079,42.6646042],[23.4029405,42.6646368],[23.4032206,42.6649344],[23.403582,42.6653411],[23.4038037,42.6655924],[23.4043483,42.6661638],[23.4046959,42.6665183],[23.4049037,42.6667499],[23.4031947,42.6676142],[23.4030502,42.6676855],[23.4028053,42.6678091],[23.4024055,42.6680092],[23.4023725,42.6680266],[23.4022991,42.6680619],[23.4022009,42.6681136],[23.402116,42.6681551],[23.4020885,42.6681684],[23.4018279,42.6683001],[23.4016823,42.6683737],[23.3998093,42.6693273],[23.399461,42.6694994],[23.3986421,42.6699108],[23.397859,42.6703253],[23.3978202,42.6703459],[23.3977501,42.6703829],[23.3975792,42.6704673],[23.3975263,42.6704935],[23.3972107,42.6706494],[23.3964236,42.6710406],[23.396295,42.6711047],[23.3960268,42.6712378],[23.3957572,42.6713512],[23.3954817,42.6714544],[23.3952579,42.6715137],[23.3949053,42.6715995],[23.3946113,42.6716609],[23.3943606,42.6717144],[23.3943153,42.671724],[23.3942756,42.6717324],[23.3940506,42.6717827],[23.3937387,42.6718501],[23.3936979,42.6718584],[23.393276,42.6719369],[23.3926942,42.6720494],[23.3920802,42.6721613],[23.391354,42.6722943],[23.3908497,42.6723835],[23.3901687,42.6725057],[23.3883344,42.6728349],[23.3875386,42.6729777],[23.3874873,42.6729869],[23.3873774,42.6730066],[23.3871545,42.6730478],[23.3867034,42.6731313],[23.3864509,42.673178],[23.3859046,42.6732791],[23.3842358,42.6735858],[23.383961,42.6736371],[23.3815205,42.6740278],[23.3813482,42.6733539]]]}},{"type":"Feature","id":"relation/16901551","properties":{"id":"osm-relation-16901551","name":"Eksperimentalen"},"geometry":{"type":"Polygon","coordinates":[[[23.3897965,42.6336353],[23.3906869,42.6316822],[23.3931232,42.6299401],[23.3946451,42.6265111],[23.3947811,42.6264547],[23.3948542,42.626332],[23.3948498,42.6259922],[23.394841,42.6256312],[23.3947912,42.6253456],[23.3947223,42.6252169],[23.3944677,42.6248488],[23.3942702,42.6245772],[23.3940976,42.6243452],[23.3940378,42.6242077],[23.3940102,42.6240455],[23.3940119,42.6239018],[23.3940175,42.6234392],[23.3940232,42.6233336],[23.3940192,42.6232527],[23.3939298,42.6228613],[23.3950368,42.6228182],[23.3956902,42.6227928],[23.3962292,42.6227733],[23.3966289,42.6227682],[23.3975777,42.6227509],[23.3978909,42.6227336],[23.3981992,42.6231419],[23.3981561,42.624976],[23.3993436,42.6258386],[23.3996575,42.6260561],[23.3998639,42.626241],[23.3999445,42.6263132],[23.4000837,42.62645],[23.4002229,42.6265456],[23.4003767,42.6266397],[23.4004945,42.6277224],[23.4019228,42.6291043],[23.4009556,42.6297828],[23.4000784,42.6319259],[23.4029963,42.6314682],[23.4039322,42.6314682],[23.4055176,42.6326167],[23.4047804,42.6347185],[23.4046651,42.634748],[23.4045336,42.6348095],[23.4044051,42.6349113],[23.4039921,42.6352605],[23.4034451,42.6357231],[23.4033347,42.635768],[23.4032071,42.6357882],[23.4031009,42.6357838],[23.4023845,42.6356398],[23.4021894,42.6356146],[23.4018012,42.6355998],[23.4016385,42.6355796],[23.4014907,42.6355335],[23.4011176,42.6353498],[23.4008441,42.63539],[23.4006395,42.6354374],[23.4004091,42.6354963],[23.4002882,42.6355358],[23.4001601,42.6355579],[23.3999347,42.6355627],[23.3994117,42.635565],[23.3991792,42.6355742],[23.3967386,42.6355689],[23.3899284,42.635285],[23.3897965,42.6336353]]]}},{"type":"Feature","id":"relation/16873306","properties":{"id":"osm-relation-16873306","name":"Fakulteta"},"geometry":{"type":"Polygon","coordinates":[[[23.2506382,42.6969154],[23.2514833,42.6965673],[23.2515229,42.6965548],[23.251518,42.6965089],[23.2515159,42.696396],[23.2515424,42.6963185],[23.2515859,42.6962667],[23.2516293,42.6962285],[23.2519013,42.696113],[23.2519585,42.696086],[23.2519998,42.6960487],[23.2520951,42.6959085],[23.2522765,42.695391],[23.2528889,42.6954733],[23.2529811,42.6954857],[23.2532077,42.6955034],[23.2533857,42.69551],[23.2537679,42.6955],[23.2543891,42.6954543],[23.2550617,42.695389],[23.2567338,42.6952288],[23.2566819,42.694101],[23.2584948,42.6939646],[23.2588437,42.693021],[23.2583252,42.6929191],[23.257648,42.6928018],[23.2573797,42.6927751],[23.2571555,42.6927236],[23.2568808,42.6926953],[23.2565067,42.6926194],[23.2564289,42.6926224],[23.2562988,42.6925948],[23.2556913,42.6924656],[23.2554928,42.6924508],[23.2552125,42.6924085],[23.2549175,42.6923769],[23.2543851,42.6922941],[23.2535264,42.6921435],[23.253793,42.6914338],[23.2540429,42.6907688],[23.2541576,42.6904635],[23.2541632,42.6904433],[23.2541848,42.6903756],[23.254202,42.6903786],[23.2542287,42.6903822],[23.2544437,42.6904106],[23.2545817,42.6904261],[23.2551353,42.6904885],[23.2552918,42.6905055],[23.2554775,42.6905218],[23.255826,42.69054],[23.2558609,42.6905397],[23.2559143,42.6905393],[23.2561482,42.6905376],[23.2562242,42.6905341],[23.2564957,42.6905214],[23.2565239,42.6905191],[23.2566186,42.6905114],[23.2566508,42.6905088],[23.2571051,42.6904718],[23.2571541,42.6904678],[23.257427,42.6904256],[23.257543,42.6904077],[23.2578765,42.6903489],[23.2582163,42.6902869],[23.2583438,42.6902636],[23.2585469,42.6902033],[23.2585777,42.6902817],[23.2586415,42.6905151],[23.258772,42.6906392],[23.2588565,42.6910779],[23.2588982,42.6913475],[23.2588881,42.6915215],[23.2597794,42.691643],[23.2600407,42.6921063],[23.2602938,42.6920825],[23.2603072,42.6921772],[23.2608061,42.6922048],[23.2614284,42.692258],[23.2615249,42.691773],[23.2618736,42.691775],[23.2620837,42.6913122],[23.2634782,42.6909248],[23.2637178,42.6911778],[23.2641908,42.6912965],[23.2645901,42.6915311],[23.2648742,42.6915081],[23.2649204,42.6903174],[23.2649833,42.6903168],[23.2657517,42.6903096],[23.265788,42.6904614],[23.2658794,42.6904899],[23.2658694,42.6905635],[23.2662323,42.6905441],[23.2662095,42.6904672],[23.2661835,42.6903795],[23.2661785,42.690293],[23.2662849,42.6902443],[23.2663324,42.6900253],[23.2663925,42.6899076],[23.2673127,42.6898865],[23.2674775,42.689949],[23.2675864,42.6900529],[23.2676027,42.6901468],[23.2675864,42.6902268],[23.2682583,42.6901822],[23.2687711,42.6901474],[23.2689126,42.6899473],[23.2689993,42.6898475],[23.2711887,42.6882454],[23.2716366,42.6879365],[23.2721362,42.687592],[23.2722483,42.6875147],[23.2723351,42.6874549],[23.2723606,42.6874373],[23.2725308,42.6872967],[23.2727105,42.6871807],[23.2737299,42.6865014],[23.2737945,42.6863784],[23.2738093,42.6862958],[23.2738052,42.6862061],[23.2737864,42.6861057],[23.2737361,42.6858752],[23.2737046,42.6857702],[23.2737024,42.6857056],[23.273719,42.6856531],[23.273761,42.6855987],[23.2738867,42.6855092],[23.2741128,42.685396],[23.2748821,42.6863644],[23.2754644,42.687147],[23.2760527,42.6880022],[23.2765928,42.6887581],[23.2771706,42.6895312],[23.275877,42.690914],[23.2769612,42.6922017],[23.2770024,42.6929795],[23.2771129,42.6936285],[23.2771294,42.6937395],[23.2771597,42.6940799],[23.2771613,42.6941553],[23.2771671,42.6944634],[23.2771501,42.6945637],[23.2771242,42.694698],[23.2770562,42.6954397],[23.277042,42.6957543],[23.2770202,42.6962355],[23.2769951,42.6967693],[23.2769943,42.6968069],[23.2769795,42.6971379],[23.276936,42.6972211],[23.2768873,42.6972936],[23.2768945,42.6973815],[23.2766698,42.6974189],[23.2764155,42.697436],[23.276326,42.6974659],[23.2762573,42.6975145],[23.2762059,42.6975711],[23.2761458,42.6977266],[23.276047,42.6980459],[23.275927,42.6983492],[23.2755382,42.6990247],[23.2760971,42.6991682],[23.2762252,42.6992357],[23.2762655,42.6993224],[23.2762729,42.6993841],[23.2762725,42.6995422],[23.2763079,42.6996992],[23.276271,42.6999988],[23.2761651,42.7005332],[23.2761033,42.7008444],[23.2760495,42.7011156],[23.276022,42.7012536],[23.2759348,42.7012425],[23.2737564,42.7010434],[23.2730626,42.7009901],[23.2717953,42.7012497],[23.2714849,42.7012462],[23.271281,42.7010006],[23.2713298,42.7007801],[23.2701676,42.7002358],[23.2703333,42.699821],[23.2706477,42.6996897],[23.270814,42.6993211],[23.2706324,42.6990053],[23.2704787,42.6988165],[23.2705483,42.6979877],[23.2705444,42.6979247],[23.2699558,42.6978131],[23.2694483,42.6977176],[23.2691242,42.6976584],[23.2679166,42.697436],[23.2673353,42.6973201],[23.2670541,42.6972628],[23.2670484,42.6973203],[23.2670389,42.6978092],[23.2669446,42.6978067],[23.2665624,42.6977998],[23.2656756,42.6978111],[23.2655869,42.6978117],[23.2649604,42.6978109],[23.264903,42.698122],[23.26425,42.6987859],[23.2637029,42.6984487],[23.2636834,42.6984666],[23.2628418,42.6991882],[23.2625482,42.69944],[23.2622778,42.6997587],[23.2620303,42.6996319],[23.2618384,42.6992747],[23.2615497,42.6987859],[23.2614384,42.6987909],[23.2610722,42.6986253],[23.26092,42.6985303],[23.2607713,42.6984324],[23.2602862,42.698113],[23.2602126,42.6980645],[23.2598284,42.6978472],[23.2596775,42.6977644],[23.2589571,42.6984534],[23.2584452,42.6985415],[23.2579359,42.6989604],[23.2578614,42.6990686],[23.2578483,42.6991542],[23.257909,42.6997329],[23.2578576,42.6998371],[23.2577148,42.6999098],[23.2568682,42.7001775],[23.25673,42.7002181],[23.2566725,42.7001801],[23.2550643,42.699194],[23.255478,42.6984698],[23.2555222,42.6983788],[23.2555193,42.6981947],[23.2553513,42.6980019],[23.2552069,42.6979045],[23.254934,42.6976881],[23.2543354,42.6977626],[23.2542283,42.697879],[23.2539905,42.6980735],[23.2537947,42.6981262],[23.2536883,42.6981479],[23.2533957,42.6982213],[23.2527685,42.6983816],[23.2524773,42.6984613],[23.2521255,42.6985585],[23.2521768,42.6991708],[23.2521025,42.6992755],[23.2519545,42.6993142],[23.2517108,42.6992879],[23.2514494,42.699088],[23.2513768,42.6988357],[23.2513043,42.6982581],[23.2511884,42.6975252],[23.25075,42.6973001],[23.2506382,42.6969154]]]}},{"type":"Feature","id":"relation/16920179","properties":{"id":"osm-relation-16920179","name":"Filipovtsi"},"geometry":{"type":"Polygon","coordinates":[[[23.2146614,42.716631],[23.2164884,42.7159021],[23.2166495,42.7158849],[23.2195909,42.716079],[23.2196112,42.7154906],[23.2202393,42.7153114],[23.2213289,42.7149783],[23.2215403,42.7152516],[23.2222517,42.7162508],[23.2231848,42.7162777],[23.2246361,42.7163374],[23.225994,42.7164464],[23.2275877,42.716551],[23.2279393,42.7166063],[23.2283276,42.7167541],[23.2292281,42.7174157],[23.2288927,42.717698],[23.2296148,42.7182358],[23.2296456,42.7189239],[23.2285497,42.7203004],[23.2280191,42.7205527],[23.227149,42.7209966],[23.2267894,42.7210189],[23.2255911,42.7223148],[23.2249318,42.7228614],[23.2241183,42.7229966],[23.2226959,42.7239913],[23.2222463,42.7238138],[23.222026,42.7241519],[23.2213913,42.7239165],[23.2201959,42.7257544],[23.2181439,42.7248897],[23.2182302,42.7233189],[23.2168736,42.7204203],[23.2172587,42.7202687],[23.2168427,42.7197979],[23.2161341,42.7189196],[23.2162204,42.7188268],[23.2157521,42.7181069],[23.2154809,42.7174437],[23.2153145,42.7174799],[23.2149479,42.7175501],[23.2146614,42.716631]]]}},{"type":"Feature","id":"relation/16918874","properties":{"id":"osm-relation-16918874","name":"Fohar"},"geometry":{"type":"Polygon","coordinates":[[[23.2838999,42.6444502],[23.2847237,42.6431533],[23.2849665,42.6431073],[23.2850632,42.6425352],[23.2851142,42.6425351],[23.2858031,42.6425269],[23.2858436,42.6425264],[23.2869547,42.642514],[23.2873482,42.6425094],[23.2873165,42.6426884],[23.28705,42.6434914],[23.2867174,42.6439649],[23.2858054,42.6451171],[23.2855635,42.6454209],[23.2839748,42.6448244],[23.2838999,42.6444502]]]}},{"type":"Feature","id":"relation/16858358","properties":{"id":"osm-relation-16858358","name":"Gara Pioner"},"geometry":{"type":"Polygon","coordinates":[[[23.3393303,42.6677096],[23.3393313,42.6674544],[23.3397328,42.6674595],[23.3397747,42.6666887],[23.3408666,42.6667368],[23.3410692,42.6667353],[23.3412529,42.6667123],[23.3411475,42.6676879],[23.3410804,42.6676938],[23.3393303,42.6677096]]]}},{"type":"Feature","id":"relation/16859661","properties":{"id":"osm-relation-16859661","name":"Gardova Glava"},"geometry":{"type":"Polygon","coordinates":[[[23.2461833,42.6564354],[23.2466499,42.6563079],[23.2466941,42.6562959],[23.2467306,42.6562831],[23.2468305,42.6562481],[23.2473091,42.6560434],[23.2474368,42.6559791],[23.2474819,42.6559413],[23.2475351,42.6558946],[23.2477504,42.6556888],[23.2478394,42.6556094],[23.2479548,42.6555211],[23.248109,42.6554323],[23.2482592,42.6553416],[23.2484342,42.6552163],[23.248468,42.6551862],[23.2484986,42.6551533],[23.2485372,42.6551083],[23.2485536,42.6550846],[23.248618,42.6549836],[23.2487058,42.6547834],[23.2487235,42.654742],[23.2487473,42.6546962],[23.2487631,42.6546718],[23.2487889,42.6546478],[23.2488499,42.6546148],[23.2488953,42.654597],[23.248984,42.6545724],[23.2490549,42.6545644],[23.2491983,42.6545743],[23.2493781,42.6546157],[23.2495524,42.6546246],[23.2497549,42.6546048],[23.2500265,42.6545437],[23.2505059,42.6544322],[23.2505897,42.6544006],[23.2508513,42.6543086],[23.2515844,42.6540462],[23.2518694,42.6539467],[23.2523999,42.6537616],[23.2525712,42.6536673],[23.252653,42.6535628],[23.2526718,42.6533724],[23.2526852,42.6532876],[23.2527241,42.6531998],[23.2527858,42.653113],[23.2528783,42.653044],[23.2531761,42.6529651],[23.2532471,42.6529621],[23.2534803,42.6529397],[23.2536615,42.6529424],[23.2537957,42.6529592],[23.2541051,42.6530376],[23.2546098,42.6531775],[23.2546809,42.653189],[23.2547624,42.6531878],[23.2548311,42.6531788],[23.2548962,42.6531619],[23.2550956,42.6530895],[23.2552025,42.6530476],[23.255972,42.6527093],[23.2563982,42.6525262],[23.2567451,42.652372],[23.2569865,42.6522467],[23.2578069,42.6515238],[23.2579532,42.6514459],[23.258137,42.6513883],[23.2581974,42.6513794],[23.2583301,42.6513627],[23.2585373,42.6513308],[23.2587479,42.6512815],[23.2591301,42.6511424],[23.2595753,42.650954],[23.2597993,42.6508495],[23.2600667,42.6506795],[23.2605532,42.6503514],[23.2606363,42.6502804],[23.2606846,42.6502123],[23.2608462,42.6498752],[23.2608609,42.6498458],[23.2609129,42.6497701],[23.2610239,42.6497835],[23.261105,42.6497911],[23.2611779,42.6497944],[23.2611981,42.6499006],[23.2614529,42.6501087],[23.2618311,42.6505082],[23.2619941,42.6506711],[23.2623726,42.6506169],[23.263946,42.6503129],[23.2641995,42.6502064],[23.264579,42.6500915],[23.2653746,42.6497275],[23.2655297,42.6496431],[23.2656728,42.6495727],[23.2658076,42.6500411],[23.2660434,42.6507036],[23.2661236,42.6509252],[23.2661374,42.6509634],[23.266178,42.6510997],[23.2662049,42.6512961],[23.2662006,42.6515839],[23.2661193,42.6523197],[23.2660367,42.6528696],[23.2657861,42.654538],[23.2657297,42.6548023],[23.2658028,42.6550095],[23.2659464,42.6554125],[23.2662534,42.6562355],[23.2664675,42.6567314],[23.2667614,42.6572474],[23.2669277,42.6574575],[23.2689504,42.6572758],[23.2690533,42.6578801],[23.2691814,42.6586154],[23.2681561,42.6589773],[23.2670286,42.6593765],[23.2658941,42.6597836],[23.265778,42.6598252],[23.2656881,42.6598575],[23.2650999,42.6600684],[23.2650751,42.6600773],[23.2649743,42.6601135],[23.2648429,42.6601674],[23.2648096,42.6601813],[23.2641922,42.6604352],[23.263858,42.6606102],[23.2635534,42.6608156],[23.2632092,42.6610741],[23.2628847,42.6613799],[23.2627263,42.661592],[23.2625548,42.6618217],[23.2622812,42.6622774],[23.2622324,42.6623647],[23.262185,42.6624494],[23.2618971,42.6629691],[23.2617045,42.6633286],[23.2615108,42.6636528],[23.2614165,42.6637694],[23.2611417,42.664063],[23.2608876,42.6642928],[23.2602185,42.6648031],[23.2597867,42.665166],[23.2589552,42.6648514],[23.2586745,42.66471],[23.2545325,42.6631516],[23.2541045,42.6629906],[23.2535512,42.6627824],[23.2534919,42.6627601],[23.2534582,42.6627474],[23.253438,42.6627404],[23.2530797,42.6626053],[23.2504495,42.6616135],[23.2489863,42.661062],[23.2483339,42.6608255],[23.2482818,42.6608066],[23.2481807,42.66077],[23.2477498,42.6606302],[23.2477595,42.6606121],[23.2477949,42.660565],[23.2478023,42.6605527],[23.2478501,42.6604732],[23.2478563,42.6604629],[23.2479582,42.6603288],[23.2479897,42.6602961],[23.2480213,42.6602633],[23.2480392,42.6602448],[23.2479399,42.660141],[23.2473377,42.6597495],[23.2472684,42.6596918],[23.2463616,42.6593704],[23.2463913,42.6588733],[23.2463886,42.6579669],[23.2463923,42.6576772],[23.246376,42.6573601],[23.2463817,42.6569157],[23.2463106,42.6567047],[23.2461833,42.6564354]],[[23.2542796,42.6572304],[23.2543473,42.6572496],[23.2549924,42.6573482],[23.2551664,42.6573683],[23.2556874,42.6574355],[23.2561051,42.6574955],[23.2564528,42.6575457],[23.256485,42.656959],[23.2564134,42.6568326],[23.2562788,42.6566836],[23.2562114,42.6565621],[23.2562041,42.6564779],[23.2562345,42.6563642],[23.2557143,42.6561664],[23.2554964,42.6560764],[23.2549629,42.6557711],[23.2545887,42.6562095],[23.2544613,42.6564216],[23.2543567,42.656752],[23.2542796,42.6572304]]]}},{"type":"Feature","id":"relation/16887855","properties":{"id":"osm-relation-16887855","name":"Geo Milev"},"geometry":{"type":"Polygon","coordinates":[[[23.3503871,42.6856495],[23.3507261,42.6854639],[23.351382,42.6851194],[23.3517747,42.6849047],[23.3522301,42.68463],[23.3530617,42.6841369],[23.3540501,42.6835426],[23.3541861,42.6834607],[23.354437,42.6833097],[23.354729,42.6831162],[23.3549864,42.6829131],[23.3552603,42.682679],[23.3554253,42.6825019],[23.3558989,42.6819906],[23.3566381,42.6811985],[23.3569871,42.6808049],[23.3568023,42.6807073],[23.3561299,42.6800862],[23.3557637,42.6797367],[23.3546081,42.6786578],[23.3544749,42.6785368],[23.3617096,42.6733736],[23.3618564,42.6734901],[23.3619362,42.6735544],[23.3621633,42.6737403],[23.3624212,42.6739531],[23.3626479,42.6741402],[23.3629035,42.6743512],[23.363205,42.6745999],[23.36378,42.6751174],[23.3638566,42.6751956],[23.3639005,42.6752399],[23.3639304,42.6752697],[23.3640919,42.6754313],[23.3641715,42.675511],[23.3644163,42.675756],[23.3645495,42.6758893],[23.364636,42.6759834],[23.3649282,42.6763294],[23.364998,42.6764111],[23.3651457,42.6765762],[23.3653051,42.6767535],[23.3653302,42.6767814],[23.3655148,42.6769835],[23.3662627,42.6778114],[23.366335,42.6778376],[23.3664155,42.6779382],[23.3671197,42.6776363],[23.3687985,42.6768992],[23.3709852,42.6759899],[23.3710103,42.6759868],[23.3710673,42.6759652],[23.3710229,42.6759289],[23.3707042,42.6756684],[23.37068,42.6756207],[23.3706965,42.6754814],[23.3706897,42.6754324],[23.3706594,42.6753906],[23.3705879,42.6753323],[23.3701153,42.6749665],[23.3700132,42.6748849],[23.3697689,42.674703],[23.3696225,42.6745908],[23.3693355,42.6743708],[23.3690315,42.6741408],[23.368611,42.6738189],[23.3681121,42.6734393],[23.3678545,42.6732416],[23.3675599,42.6730195],[23.3672987,42.6728172],[23.367197,42.6727408],[23.3669872,42.6725785],[23.3661708,42.6719533],[23.3659183,42.6717569],[23.3653783,42.6713372],[23.3652218,42.671214],[23.3649836,42.6710373],[23.3666515,42.669847],[23.367879,42.668971],[23.3731629,42.6729428],[23.3737863,42.6733101],[23.37424,42.6735774],[23.3747762,42.6739619],[23.3748488,42.6740141],[23.3753043,42.6743519],[23.37555,42.6745356],[23.37565,42.6746093],[23.3757888,42.6747095],[23.3759532,42.6748297],[23.3759851,42.674856],[23.3760979,42.6749529],[23.3761234,42.6749975],[23.3761336,42.675014],[23.3758978,42.675056],[23.3753343,42.6751565],[23.3751262,42.6751947],[23.3751139,42.675197],[23.3743241,42.675342],[23.3743146,42.6753437],[23.3741175,42.6753799],[23.3725093,42.6756772],[23.3717411,42.67587],[23.3711833,42.6760488],[23.371169,42.6760533],[23.3705137,42.6763312],[23.3703606,42.6763926],[23.3694838,42.6767445],[23.3692368,42.6768449],[23.3680954,42.6773356],[23.3664921,42.6780233],[23.3655425,42.6784525],[23.3655582,42.6784633],[23.3655912,42.6784927],[23.3656392,42.6785364],[23.3656752,42.6785749],[23.3659666,42.6789433],[23.366012,42.679005],[23.3664502,42.6797773],[23.3664766,42.6798217],[23.3665091,42.6798767],[23.3665241,42.6799044],[23.3668035,42.6804001],[23.3668411,42.6804668],[23.3668587,42.6804972],[23.3670803,42.6808924],[23.3672252,42.6811616],[23.3674328,42.6815377],[23.3677658,42.6821255],[23.3678022,42.6821837],[23.3678496,42.6822532],[23.3682363,42.6831228],[23.3685123,42.6830704],[23.368638,42.6835565],[23.3687754,42.6840939],[23.3680513,42.6844397],[23.3679876,42.6844609],[23.3679051,42.6844791],[23.3673234,42.6845739],[23.3672947,42.6844549],[23.3672555,42.684323],[23.3670686,42.6836938],[23.3669869,42.6834491],[23.3669659,42.6834063],[23.3662091,42.6836467],[23.3655786,42.6838586],[23.3654572,42.6838994],[23.3652675,42.6839632],[23.3651939,42.6839856],[23.3651625,42.6839947],[23.3648346,42.6840947],[23.3647324,42.6841251],[23.3644106,42.6842207],[23.3643393,42.6842418],[23.3641563,42.6842998],[23.3640851,42.6843207],[23.3642539,42.6844141],[23.3644073,42.684497],[23.3645982,42.6846086],[23.3648474,42.6847724],[23.3649191,42.6848264],[23.36479,42.6848667],[23.3644349,42.6849579],[23.3641202,42.6850402],[23.364097,42.6850463],[23.3640706,42.6850533],[23.3636806,42.6851564],[23.363652,42.6851643],[23.3636235,42.6851718],[23.3636412,42.6851968],[23.3636526,42.6852131],[23.3636923,42.6852525],[23.3637301,42.6852688],[23.3637645,42.6852792],[23.3638658,42.6856],[23.3635142,42.6856811],[23.3635764,42.6858203],[23.3634666,42.6858507],[23.3633774,42.685875],[23.3631497,42.6859373],[23.3630481,42.6859656],[23.362959,42.6859901],[23.36251,42.6861039],[23.362412,42.6861286],[23.3621497,42.6861938],[23.3621054,42.6862019],[23.3620672,42.6861996],[23.3620298,42.6861905],[23.3620006,42.6861768],[23.3619606,42.6861732],[23.3619222,42.6861782],[23.3601643,42.6866055],[23.3601205,42.6866133],[23.360074,42.686605],[23.3601019,42.6866683],[23.3601671,42.6868093],[23.3597651,42.686898],[23.3597525,42.6868678],[23.3593552,42.6869518],[23.3592639,42.6867454],[23.3588815,42.6868387],[23.3587319,42.6865408],[23.3581607,42.6866753],[23.3580767,42.6866839],[23.3579713,42.6866633],[23.3578328,42.6869279],[23.3574607,42.6868433],[23.3574035,42.6869403],[23.3569975,42.6868455],[23.3566407,42.6869307],[23.3562192,42.6870489],[23.3563077,42.6873209],[23.3565692,42.6873012],[23.3570928,42.687676],[23.357117,42.6879225],[23.3569708,42.6881155],[23.3566013,42.6882795],[23.3565281,42.6884194],[23.356504,42.6885846],[23.3561945,42.688635],[23.3557826,42.6887121],[23.3554835,42.6887605],[23.3553672,42.6887803],[23.3551098,42.6888295],[23.3548012,42.6888674],[23.3548146,42.6889389],[23.3548294,42.6889694],[23.3548522,42.689003],[23.3548928,42.6890339],[23.3544647,42.6890291],[23.354379,42.6890754],[23.354104,42.689163],[23.3540134,42.6891919],[23.353624,42.6893226],[23.3535464,42.6893487],[23.3534356,42.6893787],[23.3534033,42.689323],[23.352668,42.6880989],[23.3522399,42.687356],[23.3521632,42.6872216],[23.3520779,42.68709],[23.351984,42.6869617],[23.3518819,42.6868368],[23.3517717,42.6867156],[23.3516401,42.6865856],[23.3515846,42.6865365],[23.3514992,42.6864609],[23.3513494,42.686342],[23.3507052,42.6858649],[23.3503871,42.6856495]]]}},{"type":"Feature","id":"relation/15648514","properties":{"id":"osm-relation-15648514","name":"Gevgeliyski"},"geometry":{"type":"Polygon","coordinates":[[[23.2757569,42.7084077],[23.2758757,42.7083482],[23.2759231,42.7083278],[23.276009,42.7082963],[23.2772964,42.7078974],[23.2789802,42.7074462],[23.2793702,42.7073569],[23.283215,42.7063817],[23.2833694,42.7063391],[23.2848605,42.7059277],[23.2848486,42.7060033],[23.2848248,42.7061154],[23.2848154,42.706151],[23.2847698,42.7063735],[23.284739,42.7065789],[23.2847295,42.7066685],[23.2847064,42.7067687],[23.2845731,42.7073901],[23.2843962,42.7080933],[23.2843727,42.708196],[23.2843626,42.7082424],[23.2842471,42.7087734],[23.2842369,42.7087931],[23.2841861,42.708811],[23.284126,42.7088118],[23.2840385,42.7087966],[23.2839495,42.708772],[23.2839224,42.7088209],[23.2838728,42.7090278],[23.2838802,42.7097909],[23.2838816,42.7098672],[23.2837689,42.7100131],[23.2836075,42.7106032],[23.2835738,42.7107265],[23.2835349,42.7107581],[23.2834611,42.7107492],[23.2824609,42.7104607],[23.2823707,42.7104457],[23.282234,42.7104423],[23.2802956,42.7098803],[23.2802066,42.7098541],[23.2797215,42.7097117],[23.2794459,42.7096302],[23.2778986,42.7092071],[23.2760118,42.7086481],[23.275951,42.7085908],[23.2757569,42.7084077]]]}},{"type":"Feature","id":"relation/16915384+relation/16919814","properties":{"id":"osm-relations-16915384-16919814","name":"Gorna Banya"},"geometry":{"type":"MultiPolygon","coordinates":[[[[23.2254151,42.679699],[23.225573,42.6790639],[23.2258981,42.6791937],[23.2262139,42.6792278],[23.2273471,42.6791732],[23.2273007,42.6789342],[23.227858,42.6788727],[23.2280995,42.6782035],[23.2274586,42.678183],[23.2268455,42.6781011],[23.2261489,42.6778689],[23.2258238,42.6776163],[23.2258795,42.6772202],[23.2260839,42.6770495],[23.2261675,42.6768583],[23.2283297,42.6774899],[23.2286152,42.6769686],[23.2285635,42.6768391],[23.2285551,42.6767472],[23.2285758,42.6763872],[23.2285534,42.6763347],[23.2284773,42.676254],[23.228443,42.6761984],[23.2284226,42.675922],[23.2287892,42.6759025],[23.2292564,42.6758624],[23.2296449,42.6758297],[23.2300269,42.6757876],[23.2295785,42.675651],[23.2293514,42.6754949],[23.2292038,42.6752989],[23.2303468,42.6749864],[23.2306014,42.675006],[23.2308385,42.6749721],[23.2307879,42.6746411],[23.2307204,42.6743466],[23.2304546,42.6738712],[23.2306393,42.6737017],[23.2323019,42.6739066],[23.232339,42.6740637],[23.2327663,42.6741729],[23.2331285,42.6740637],[23.2336301,42.6742207],[23.2337323,42.6743778],[23.2340515,42.6743191],[23.234971,42.6741439],[23.2361415,42.673929],[23.2363397,42.6737236],[23.2368528,42.6731921],[23.2371826,42.6729937],[23.2375592,42.6728782],[23.2380711,42.672509],[23.2387433,42.6716859],[23.2388246,42.6714866],[23.2390347,42.6712632],[23.2392555,42.6711311],[23.2395598,42.6710509],[23.2400166,42.6709502],[23.2403205,42.6708462],[23.2408501,42.6715422],[23.2408857,42.6716202],[23.2409939,42.6715701],[23.2413703,42.6714891],[23.2415999,42.6714542],[23.2417416,42.671435],[23.2417966,42.6714341],[23.2422211,42.6715835],[23.242427,42.6716512],[23.2426547,42.671738],[23.2428135,42.6718089],[23.2433391,42.6720435],[23.243893,42.6723077],[23.244445,42.6725595],[23.2447017,42.6726795],[23.245104,42.6728365],[23.2452908,42.6728953],[23.2455289,42.6729574],[23.2456998,42.6729716],[23.2459151,42.6729942],[23.2461504,42.6729948],[23.2463185,42.6729907],[23.2469442,42.6729755],[23.2475825,42.67296],[23.2481001,42.6729462],[23.2482283,42.6729417],[23.2483516,42.6729374],[23.2486661,42.6729264],[23.2489546,42.6729163],[23.2491637,42.672909],[23.2497201,42.6728895],[23.2501229,42.6729252],[23.2502662,42.6729308],[23.2505433,42.6729385],[23.2504711,42.6730541],[23.250369,42.673227],[23.2503058,42.673339],[23.250249,42.6734646],[23.2501737,42.6736481],[23.250054,42.6739666],[23.2499355,42.6743829],[23.2498657,42.6748077],[23.2497421,42.6756383],[23.2496997,42.6759233],[23.2496964,42.6759454],[23.2496766,42.6760788],[23.2496188,42.6764677],[23.2496122,42.6765125],[23.2496054,42.6765581],[23.2495978,42.6766092],[23.2495546,42.6768563],[23.2494859,42.6771396],[23.2494003,42.6773899],[23.2493266,42.6775725],[23.2491967,42.6778347],[23.2490508,42.6780921],[23.2486683,42.6786297],[23.2484915,42.6788219],[23.248207,42.6790857],[23.248081,42.6792083],[23.2478322,42.6793856],[23.2476643,42.6795029],[23.2473674,42.6796915],[23.2470813,42.6798417],[23.2468711,42.6799521],[23.2467384,42.6800232],[23.2462733,42.6802634],[23.2460933,42.6803563],[23.2455486,42.6806244],[23.2453262,42.6807305],[23.2446587,42.6810638],[23.243709,42.6815381],[23.2426019,42.6821177],[23.2423337,42.6822576],[23.2419906,42.6824366],[23.2419208,42.682473],[23.241875,42.6824956],[23.2414206,42.6827339],[23.2410716,42.682916],[23.2407606,42.683079],[23.2407352,42.6830923],[23.2405718,42.6831748],[23.2402756,42.6833186],[23.2398854,42.6835001],[23.2380646,42.6844346],[23.2368624,42.6850709],[23.2361913,42.6854137],[23.2354636,42.685775],[23.2349889,42.6855057],[23.2341531,42.6848374],[23.2338961,42.6849266],[23.2324544,42.6841973],[23.2327149,42.6839716],[23.2321082,42.6835729],[23.2317799,42.6839061],[23.2313552,42.6837355],[23.2318548,42.6831741],[23.2314444,42.6829983],[23.2315122,42.6829196],[23.2305072,42.6825535],[23.2297867,42.6821479],[23.2290259,42.6823673],[23.2284937,42.6834431],[23.228101,42.6830612],[23.2278602,42.6834245],[23.2276068,42.6833732],[23.2274484,42.6831916],[23.2277335,42.682847],[23.2279362,42.68199],[23.2284874,42.6819854],[23.2279718,42.6811919],[23.2274407,42.681242],[23.2274121,42.6809349],[23.2269384,42.6800677],[23.2264461,42.6801701],[23.226474,42.6797399],[23.2260653,42.6798082],[23.2257959,42.6797672],[23.2254151,42.679699]]],[[[23.2153113,42.6703638],[23.2155434,42.6700275],[23.2162399,42.6699421],[23.2170524,42.6700626],[23.2177625,42.6704191],[23.2185067,42.6704893],[23.2186637,42.6708508],[23.2190597,42.6709412],[23.2188617,42.6712524],[23.2189422,42.6716123],[23.2189837,42.671664],[23.2190356,42.6717092],[23.2191582,42.671794],[23.2192822,42.6718736],[23.2194606,42.671874],[23.2196813,42.6718516],[23.22006,42.6712268],[23.2201276,42.6711521],[23.2202116,42.6710802],[23.2204135,42.6709575],[23.2203675,42.6708273],[23.22025,42.6705258],[23.2193971,42.6706525],[23.2187861,42.6690312],[23.2184174,42.6690211],[23.2181102,42.6684287],[23.2194351,42.6681333],[23.2193691,42.6679784],[23.2192309,42.6677717],[23.2190967,42.6676058],[23.2186191,42.6671711],[23.2178291,42.6674305],[23.2175336,42.6671755],[23.2180502,42.6666819],[23.2178153,42.6665153],[23.2174068,42.666256],[23.2167961,42.6658807],[23.2167131,42.6658334],[23.2162685,42.6655802],[23.2165553,42.6653939],[23.2169103,42.6654994],[23.2196858,42.6672495],[23.22085,42.6664834],[23.2224545,42.6667093],[23.2237262,42.6672446],[23.2241379,42.6668852],[23.2246062,42.6666392],[23.2260735,42.6667248],[23.2261405,42.6657032],[23.2273333,42.6653287],[23.2276862,42.665332],[23.2284591,42.6655784],[23.2289004,42.6660227],[23.2290169,42.6659949],[23.2290351,42.6672873],[23.2300588,42.6671474],[23.2301041,42.6669409],[23.2301584,42.666741],[23.2303577,42.6666877],[23.2319432,42.6667567],[23.2325527,42.6670099],[23.2331153,42.667238],[23.2333879,42.6673446],[23.2337469,42.6675161],[23.2350573,42.6680417],[23.2353505,42.6683026],[23.2354707,42.6685307],[23.2354668,42.6687902],[23.2352613,42.6689414],[23.2346485,42.6692123],[23.2336529,42.6698243],[23.2334936,42.6700598],[23.2334705,42.670102],[23.2334379,42.6701826],[23.2340158,42.6701803],[23.2341138,42.6700969],[23.234488,42.6698955],[23.2352644,42.6695022],[23.2358098,42.6691821],[23.2359831,42.6691101],[23.2362878,42.6688348],[23.2372497,42.6692855],[23.2373115,42.6693717],[23.2374316,42.6693309],[23.2374885,42.6693321],[23.237604,42.6693652],[23.238241,42.669584],[23.2393581,42.6698437],[23.2395244,42.6698998],[23.2396785,42.6699783],[23.2398852,42.6701291],[23.2399424,42.6702158],[23.2399479,42.6702994],[23.2399696,42.6703647],[23.2400074,42.6704287],[23.2401082,42.6705623],[23.2403205,42.6708462],[23.2400166,42.6709502],[23.2395598,42.6710509],[23.2392555,42.6711311],[23.2390347,42.6712632],[23.2388246,42.6714866],[23.2387433,42.6716859],[23.2380711,42.672509],[23.2375592,42.6728782],[23.2371826,42.6729937],[23.2368528,42.6731921],[23.2363397,42.6737236],[23.2361415,42.673929],[23.234971,42.6741439],[23.2340515,42.6743191],[23.2337323,42.6743778],[23.2336301,42.6742207],[23.2331285,42.6740637],[23.2327663,42.6741729],[23.232339,42.6740637],[23.2323019,42.6739066],[23.2306393,42.6737017],[23.2304546,42.6738712],[23.2307204,42.6743466],[23.2307879,42.6746411],[23.2308385,42.6749721],[23.2306014,42.675006],[23.2303468,42.6749864],[23.2292038,42.6752989],[23.2293514,42.6754949],[23.2295785,42.675651],[23.2300269,42.6757876],[23.2296449,42.6758297],[23.2292564,42.6758624],[23.2287892,42.6759025],[23.2284226,42.675922],[23.228443,42.6761984],[23.2284773,42.676254],[23.2285534,42.6763347],[23.2285758,42.6763872],[23.2285551,42.6767472],[23.2285635,42.6768391],[23.2286152,42.6769686],[23.2283297,42.6774899],[23.2261675,42.6768583],[23.2258405,42.676748],[23.2248318,42.6769154],[23.2243697,42.6769517],[23.223406,42.6771427],[23.2230255,42.6777155],[23.2229232,42.6776712],[23.2223893,42.6779379],[23.2219124,42.6776636],[23.221318,42.6779278],[23.2209872,42.6776689],[23.2209781,42.6771561],[23.2200993,42.6771627],[23.2201211,42.6765486],[23.2202787,42.6766346],[23.2204601,42.6766902],[23.2206794,42.676718],[23.2209294,42.676723],[23.2212489,42.6766982],[23.2216307,42.6765942],[23.2217685,42.6765335],[23.2219877,42.6763765],[23.2221864,42.6762378],[23.2225396,42.6760935],[23.2224584,42.6760427],[23.2223288,42.6759995],[23.2219262,42.6758864],[23.221712,42.6758039],[23.2214096,42.6757073],[23.2210623,42.6756209],[23.2212645,42.6751307],[23.2212144,42.6744065],[23.2212334,42.6742617],[23.2212455,42.674061],[23.2213304,42.6736945],[23.2207747,42.6736185],[23.2204627,42.6735757],[23.2202061,42.6735391],[23.2199221,42.6735055],[23.2197412,42.6735072],[23.2192851,42.6734835],[23.2187921,42.6734874],[23.2187527,42.673448],[23.2187577,42.6734015],[23.2187852,42.6730196],[23.2186641,42.6730649],[23.2185845,42.6730827],[23.2184288,42.6731095],[23.2182732,42.6731244],[23.2181858,42.6725476],[23.2174552,42.6725526],[23.2173255,42.6719352],[23.2176733,42.671895],[23.2177556,42.6712323],[23.2174211,42.6711771],[23.2170114,42.6709562],[23.2166017,42.6713127],[23.2159531,42.6709914],[23.2154853,42.6708468],[23.2153113,42.6703638]]]]}},{"type":"Feature","id":"relation/16901523","properties":{"id":"osm-relation-16901523","name":"Gorublyane"},"geometry":{"type":"Polygon","coordinates":[[[23.3978909,42.6227336],[23.3984162,42.6227055],[23.3985481,42.6226982],[23.3990094,42.6226725],[23.4008911,42.6226187],[23.4011781,42.6226114],[23.4041085,42.6224995],[23.404354,42.6224917],[23.4046706,42.6224829],[23.4049902,42.6224745],[23.4045812,42.6218876],[23.4045235,42.6217762],[23.4044631,42.6216594],[23.4044194,42.6215749],[23.4043688,42.621477],[23.4043094,42.6213621],[23.4042578,42.6212624],[23.4041804,42.6211127],[23.4041522,42.6210581],[23.4038386,42.6204803],[23.4054621,42.6200794],[23.4056601,42.6201376],[23.4065039,42.6216698],[23.406565,42.6216816],[23.4072261,42.6216518],[23.4072088,42.6214377],[23.4072707,42.6214099],[23.4077798,42.6213611],[23.4079942,42.6213366],[23.4082412,42.6212961],[23.4084739,42.6212479],[23.40854,42.6212624],[23.4085948,42.6212933],[23.4086333,42.6213362],[23.4086535,42.62141],[23.4085852,42.621638],[23.4092885,42.6217054],[23.4093786,42.6220619],[23.4094501,42.6223447],[23.4103859,42.6223018],[23.4134682,42.6222132],[23.4132417,42.6235697],[23.4124497,42.6244601],[23.4148365,42.6272034],[23.4150697,42.6329535],[23.4155449,42.6355181],[23.4178226,42.6369976],[23.4161948,42.6371912],[23.4156767,42.6372702],[23.4151714,42.6373889],[23.4145551,42.6375743],[23.411952,42.6386878],[23.4030421,42.642684],[23.401168,42.6435349],[23.4008134,42.6436959],[23.3999696,42.6434517],[23.3999743,42.6434467],[23.4000115,42.6434126],[23.4001092,42.6433231],[23.4002516,42.6432252],[23.4003497,42.6431593],[23.400404,42.6431366],[23.4004757,42.6431067],[23.4004874,42.6431039],[23.4006002,42.6430766],[23.4008948,42.6430161],[23.4009431,42.6430087],[23.4012504,42.6429469],[23.4014249,42.6429118],[23.4016012,42.6428499],[23.4017718,42.6427427],[23.4018141,42.6427092],[23.4019058,42.6426367],[23.4019547,42.6425988],[23.4020726,42.6425061],[23.4021274,42.642463],[23.4022545,42.6423558],[23.4023507,42.6422727],[23.402818,42.641869],[23.4030239,42.6416911],[23.4030632,42.6416543],[23.4032576,42.6414724],[23.4035515,42.6412209],[23.4037067,42.6410873],[23.403876,42.6409305],[23.4045876,42.6402975],[23.4050218,42.6399128],[23.4050427,42.6398943],[23.4053786,42.6395968],[23.4055335,42.6394175],[23.4057631,42.6391517],[23.4060492,42.6387791],[23.4060729,42.6387482],[23.4060998,42.6387063],[23.4061345,42.6386596],[23.4061639,42.6386151],[23.4061911,42.6385737],[23.4063781,42.6382901],[23.4065163,42.6380884],[23.4067504,42.6377468],[23.4068941,42.6375399],[23.4069486,42.6374615],[23.4071495,42.6371641],[23.4074264,42.6367543],[23.4079736,42.6359314],[23.4078826,42.6358952],[23.4073237,42.635673],[23.4072065,42.6356264],[23.4068773,42.6354955],[23.4068398,42.6354806],[23.406501,42.6353459],[23.4062313,42.6352387],[23.4056906,42.6350026],[23.4053396,42.6348561],[23.405066,42.6347455],[23.404934,42.6347187],[23.4047804,42.6347185],[23.4055176,42.6326167],[23.4039322,42.6314682],[23.4029963,42.6314682],[23.4000784,42.6319259],[23.4009556,42.6297828],[23.4019228,42.6291043],[23.4004945,42.6277224],[23.4003767,42.6266397],[23.4002229,42.6265456],[23.4000837,42.62645],[23.3999445,42.6263132],[23.3998639,42.626241],[23.3996575,42.6260561],[23.3993436,42.6258386],[23.3981561,42.624976],[23.3981992,42.6231419],[23.3978909,42.6227336]]]}},{"type":"Feature","id":"relation/14580178","properties":{"id":"osm-relation-14580178","name":"Gotse Delchev"},"geometry":{"type":"Polygon","coordinates":[[[23.2880388,42.6652481],[23.2881639,42.6651851],[23.2886298,42.6649537],[23.2897045,42.6644009],[23.2911145,42.6636831],[23.2919463,42.6632735],[23.2921466,42.6631711],[23.2922465,42.6631201],[23.2926197,42.6629278],[23.2929061,42.6627801],[23.2936929,42.662387],[23.2938179,42.6623268],[23.2938368,42.6623174],[23.2942008,42.6621401],[23.2946956,42.6618821],[23.2951303,42.6616638],[23.2953354,42.6615609],[23.2955391,42.6614615],[23.2955896,42.661436],[23.2960199,42.661224],[23.2963758,42.6610511],[23.2969457,42.6607743],[23.2978478,42.6603583],[23.297953,42.6603118],[23.2981169,42.660238],[23.2981848,42.660207],[23.2985367,42.6600462],[23.2987057,42.6599689],[23.2989615,42.6598518],[23.2996298,42.6595357],[23.2998037,42.6594534],[23.2999731,42.6593731],[23.3000012,42.6593579],[23.3003621,42.6591514],[23.3005729,42.6590313],[23.3006504,42.6589839],[23.3013045,42.6586136],[23.3021145,42.6581597],[23.3024661,42.6579706],[23.3026445,42.6578795],[23.3027791,42.6578169],[23.3028127,42.6578026],[23.3030488,42.6577023],[23.3030842,42.6576902],[23.3031747,42.6576504],[23.3033557,42.6575801],[23.3037244,42.6574491],[23.3039008,42.6573929],[23.3040904,42.6573382],[23.3041365,42.6580087],[23.303905,42.659022],[23.3038782,42.6594184],[23.3041947,42.6604461],[23.3038138,42.6618623],[23.3036387,42.6624387],[23.3035839,42.6625057],[23.3035765,42.6625148],[23.3032591,42.6629059],[23.3031232,42.6630813],[23.3029937,42.6632507],[23.3029773,42.6632721],[23.3029076,42.6633757],[23.3028538,42.6634868],[23.3028187,42.6635594],[23.302771,42.6636709],[23.3027501,42.6637742],[23.3027137,42.6640647],[23.3027166,42.6643499],[23.3027542,42.6646301],[23.3028349,42.665074],[23.3028608,42.6652078],[23.3027166,42.6653062],[23.3024961,42.6654544],[23.3024029,42.6655176],[23.3021193,42.6657096],[23.3017914,42.6659315],[23.3017808,42.6659387],[23.3013967,42.6662216],[23.3010432,42.6665027],[23.3008431,42.6666733],[23.3008243,42.6666895],[23.3007555,42.6667497],[23.3006703,42.6668105],[23.3006506,42.6668266],[23.3003683,42.6670585],[23.3002162,42.6671812],[23.2999679,42.6673815],[23.2998586,42.6674696],[23.2995767,42.667709],[23.2988835,42.6682846],[23.2982797,42.6687828],[23.2979418,42.669063],[23.297786,42.6691901],[23.2977411,42.6692268],[23.2976669,42.6692873],[23.2973623,42.6695416],[23.2970539,42.6697918],[23.29653,42.6702169],[23.2964399,42.670296],[23.2959684,42.6706931],[23.2957272,42.6708976],[23.2956066,42.6709979],[23.2954788,42.6710965],[23.295107,42.6713726],[23.2946262,42.6717826],[23.2944982,42.6719177],[23.2943197,42.6717265],[23.294205,42.6716066],[23.2939209,42.6713097],[23.2936596,42.6710367],[23.2935748,42.6709481],[23.2926736,42.6700061],[23.2911451,42.6684426],[23.2906458,42.6679187],[23.290053,42.6673107],[23.2897691,42.6670282],[23.2890849,42.6663224],[23.2888493,42.6660793],[23.2886646,42.6658901],[23.2880388,42.6652481]]]}},{"type":"Feature","id":"relation/16861594","properties":{"id":"osm-relation-16861594","name":"Gradina"},"geometry":{"type":"Polygon","coordinates":[[[23.3267185,42.6386983],[23.3274212,42.6383905],[23.3277806,42.6385444],[23.3281186,42.6389351],[23.3282688,42.6389509],[23.3286228,42.6387891],[23.3289662,42.6392232],[23.3298587,42.6389347],[23.3299593,42.638948],[23.3302885,42.6393041],[23.3305728,42.6396632],[23.3310234,42.6395823],[23.3310744,42.6394816],[23.3307498,42.639091],[23.3312219,42.6389075],[23.331407,42.6391876],[23.3315625,42.6393021],[23.3317449,42.6393613],[23.331989,42.6394007],[23.3328151,42.6392823],[23.3329573,42.6396691],[23.3321,42.6397433],[23.3322212,42.6398976],[23.3322533,42.639994],[23.3322434,42.6401213],[23.3322975,42.6403123],[23.3323999,42.640444],[23.3324001,42.6404886],[23.3323779,42.640557],[23.3322009,42.6407109],[23.3322653,42.6410147],[23.332372,42.6411465],[23.3322778,42.6416477],[23.3322658,42.6417115],[23.3321521,42.6419236],[23.331915,42.6419092],[23.3313472,42.6417935],[23.3308307,42.6418146],[23.3305487,42.6418158],[23.3302268,42.6417842],[23.3300712,42.6416895],[23.3298459,42.6412765],[23.329744,42.6410897],[23.3294382,42.6409674],[23.3290949,42.6405175],[23.3291968,42.640261],[23.3286282,42.6395546],[23.3283385,42.6396928],[23.3277806,42.6397954],[23.3267185,42.6386983]]]}},{"type":"Feature","id":"relation/16863584","properties":{"id":"osm-relation-16863584","name":"Grupa-Zoopark"},"geometry":{"type":"Polygon","coordinates":[[[23.3338314,42.6564755],[23.3338476,42.6563359],[23.3338542,42.6562995],[23.3338686,42.6561987],[23.3340088,42.6563059],[23.3340839,42.6563683],[23.3345227,42.6566999],[23.3346998,42.6568439],[23.3348996,42.6569948],[23.3350505,42.6570977],[23.3351919,42.6571854],[23.3353143,42.6572505],[23.3354236,42.6573006],[23.3355091,42.6573349],[23.3355949,42.6573696],[23.3356717,42.6573987],[23.3357703,42.6574278],[23.3358893,42.6574581],[23.336,42.6574823],[23.3360989,42.6575057],[23.3361549,42.6575151],[23.3362226,42.6575272],[23.3363319,42.657555],[23.3364678,42.6576089],[23.3364851,42.6577938],[23.3364904,42.6578381],[23.3365792,42.6584833],[23.3366457,42.6591214],[23.3365419,42.6591265],[23.3362415,42.6591357],[23.3347762,42.6591947],[23.3345452,42.6580893],[23.3345144,42.6579888],[23.3341587,42.6572214],[23.3338703,42.6566152],[23.3338459,42.656556],[23.3338316,42.6565118],[23.3338314,42.6564755]]]}},{"type":"Feature","id":"relation/16886720+relation/16890973","properties":{"id":"osm-relations-16886720-16890973","name":"Hadzhi Dimitar"},"geometry":{"type":"MultiPolygon","coordinates":[[[[23.3321984,42.7075057],[23.3322152,42.7074378],[23.3322252,42.7074011],[23.3322493,42.7073127],[23.3322871,42.7071741],[23.3323829,42.7068224],[23.3325991,42.7061047],[23.332738,42.7055754],[23.3327584,42.7055272],[23.3328127,42.7054712],[23.3328598,42.7054478],[23.3329493,42.7054075],[23.3330831,42.7052227],[23.3336048,42.7048813],[23.334908,42.7041906],[23.3389435,42.7021115],[23.3391777,42.702015],[23.340438,42.7014956],[23.3434618,42.7002708],[23.3442916,42.6999422],[23.3445432,42.6998527],[23.3448369,42.6997729],[23.3454005,42.6996695],[23.3468379,42.6994092],[23.347327,42.6993291],[23.3495581,42.6995938],[23.3496096,42.699584],[23.3497141,42.6995791],[23.3504661,42.7012706],[23.3506034,42.7015764],[23.3507296,42.701845],[23.3507863,42.7019233],[23.349577,42.7021611],[23.3495265,42.7021805],[23.3490753,42.7023035],[23.3485684,42.7024244],[23.348391,42.7024667],[23.3481724,42.7025207],[23.3471065,42.7027524],[23.3461518,42.702954],[23.3451883,42.7031514],[23.3454071,42.7037494],[23.3445566,42.7043065],[23.3433722,42.7050645],[23.343312,42.7051182],[23.3432877,42.7051768],[23.343037,42.7050546],[23.3425838,42.7053725],[23.3423527,42.7054859],[23.3416094,42.7058585],[23.3407979,42.7062707],[23.3409007,42.7072201],[23.3415226,42.7075926],[23.3413101,42.7078227],[23.3420712,42.7081471],[23.3418589,42.7084798],[23.3420227,42.7085948],[23.3426612,42.7089441],[23.3452522,42.7102942],[23.3468428,42.7111554],[23.3482081,42.7108957],[23.3484442,42.7108497],[23.3486361,42.7108124],[23.3487129,42.7108069],[23.3487344,42.7108054],[23.3491944,42.7107728],[23.3493458,42.7107816],[23.3496362,42.7108198],[23.3500897,42.7108795],[23.3502144,42.7108968],[23.3503486,42.7109135],[23.3503859,42.7109184],[23.3522148,42.7111586],[23.3533083,42.7112843],[23.3540647,42.7113633],[23.3542784,42.711386],[23.3543962,42.7113982],[23.35458,42.7114135],[23.3546965,42.711427],[23.3547317,42.7114311],[23.3550809,42.7114716],[23.3552929,42.7114947],[23.3579088,42.7117592],[23.3585631,42.7117759],[23.3587826,42.7117815],[23.3593117,42.7117519],[23.359602,42.7117357],[23.3604031,42.7115976],[23.3607235,42.7115164],[23.3611281,42.7114125],[23.3617628,42.7111994],[23.3619258,42.7111447],[23.3636894,42.7105376],[23.3639708,42.7104409],[23.3640545,42.7104121],[23.3647327,42.7101863],[23.3656132,42.7098716],[23.3660741,42.7096887],[23.3666753,42.7094357],[23.3674341,42.7091021],[23.367681,42.7090181],[23.3678957,42.708959],[23.3680561,42.7089184],[23.368414,42.7088353],[23.3686351,42.7088012],[23.3688361,42.7087702],[23.3691793,42.7087201],[23.3694183,42.7086281],[23.3696266,42.7086703],[23.3697171,42.7086633],[23.3698512,42.7086578],[23.3701059,42.7086678],[23.370346,42.7086945],[23.3707138,42.7087336],[23.3720093,42.7089591],[23.3725854,42.7090631],[23.3751735,42.7095378],[23.3751805,42.7095439],[23.3751559,42.7096177],[23.3743828,42.7119265],[23.3741535,42.71267],[23.3737775,42.7137833],[23.3732524,42.7155493],[23.372885,42.7166384],[23.372815,42.7168503],[23.37269,42.7172283],[23.3724581,42.7171886],[23.3725834,42.7168332],[23.3727717,42.7159761],[23.3712989,42.7156194],[23.3713286,42.7155782],[23.3700209,42.7151269],[23.3681486,42.7146198],[23.3677821,42.7146683],[23.3677458,42.7147775],[23.3675069,42.715497],[23.3672685,42.715463],[23.3671437,42.715609],[23.3670738,42.7158392],[23.3669857,42.7158258],[23.3669022,42.7158112],[23.36674,42.7157828],[23.3663216,42.7157395],[23.3655116,42.7157355],[23.3653363,42.7157316],[23.3652166,42.7157454],[23.3650468,42.7157622],[23.364909,42.7157937],[23.3643765,42.7149081],[23.3642949,42.7148897],[23.3610942,42.7155177],[23.3608459,42.7157184],[23.3634039,42.7175451],[23.3616138,42.7188914],[23.3615402,42.7190123],[23.3610206,42.7193995],[23.3607923,42.7192947],[23.3607562,42.7192781],[23.3604902,42.7191561],[23.3602628,42.7190458],[23.3600717,42.7189564],[23.3597553,42.7188022],[23.3596359,42.7187441],[23.3587163,42.7182961],[23.3584118,42.7181991],[23.3543312,42.7166059],[23.3529691,42.7164975],[23.3529318,42.7161537],[23.352742,42.7158676],[23.3524816,42.7156126],[23.3523291,42.7154901],[23.3515777,42.7149574],[23.3488417,42.7129766],[23.3485329,42.7127781],[23.3483774,42.7126718],[23.3481835,42.7124995],[23.3474396,42.7119351],[23.3469159,42.711559],[23.346588,42.7113679],[23.3464378,42.7114136],[23.3463802,42.7114311],[23.346204,42.7113363],[23.3461264,42.7113598],[23.3456058,42.7115159],[23.3452744,42.7116105],[23.3449035,42.7117352],[23.34464,42.7118458],[23.3443,42.7120168],[23.3440808,42.712148],[23.3437447,42.712394],[23.3435907,42.7125284],[23.3435628,42.7125528],[23.3434826,42.7126354],[23.3434243,42.7126983],[23.3434043,42.7127198],[23.3422005,42.7140174],[23.3419921,42.7142532],[23.3418288,42.7144398],[23.3415626,42.714777],[23.3414879,42.7148656],[23.3406057,42.7159121],[23.3405995,42.7159195],[23.340512,42.7160232],[23.340435,42.716117],[23.3404119,42.7161477],[23.3402264,42.7163786],[23.3400381,42.7163094],[23.3400246,42.7162665],[23.3399995,42.716219],[23.3395987,42.7156137],[23.3395719,42.715578],[23.3393384,42.7152185],[23.3384929,42.7139381],[23.3370123,42.7116706],[23.3370047,42.7116602],[23.3369894,42.7116393],[23.3369724,42.7116161],[23.3369467,42.711579],[23.3369107,42.7115838],[23.3367381,42.7113476],[23.3367099,42.7113282],[23.3366347,42.7113578],[23.3365827,42.7112771],[23.3364751,42.7113145],[23.3363797,42.711174],[23.3364375,42.7111537],[23.3363954,42.7110888],[23.3361743,42.7107485],[23.3361045,42.710773],[23.3359693,42.7105825],[23.3360771,42.7104993],[23.3358621,42.7102573],[23.3355965,42.7099566],[23.3355179,42.7098676],[23.3354493,42.7097909],[23.3347559,42.7090167],[23.3343494,42.7085585],[23.3342888,42.7084953],[23.3339891,42.7081697],[23.3339335,42.7081245],[23.3338765,42.7080915],[23.3337932,42.7080532],[23.3336548,42.7080142],[23.3335068,42.7079977],[23.3333895,42.7080002],[23.3332816,42.7080127],[23.33318,42.7080244],[23.3330776,42.7080357],[23.3329912,42.7080414],[23.3329379,42.7080443],[23.3328893,42.70804],[23.3328751,42.7080062],[23.3328729,42.7080009],[23.3328568,42.7079761],[23.3328548,42.7079731],[23.3327928,42.7079029],[23.3327729,42.7078865],[23.3325334,42.7076929],[23.3324077,42.7075931],[23.3323596,42.7075623],[23.3323026,42.707536],[23.3322532,42.7075189],[23.3321984,42.7075057]]],[[[23.3407979,42.7062707],[23.3416094,42.7058585],[23.3423527,42.7054859],[23.3425838,42.7053725],[23.343037,42.7050546],[23.3432877,42.7051768],[23.343312,42.7051182],[23.3433722,42.7050645],[23.3445566,42.7043065],[23.3454071,42.7037494],[23.3451883,42.7031514],[23.3461518,42.702954],[23.3471065,42.7027524],[23.3481724,42.7025207],[23.348391,42.7024667],[23.3485684,42.7024244],[23.3490753,42.7023035],[23.3495265,42.7021805],[23.349577,42.7021611],[23.3507863,42.7019233],[23.3509539,42.7020783],[23.3512049,42.7022146],[23.3514756,42.7023401],[23.3532332,42.7031579],[23.3536251,42.7033263],[23.3586055,42.7051044],[23.3612051,42.7060132],[23.36149,42.706151],[23.3618155,42.7063148],[23.3622232,42.7065329],[23.3626472,42.7067864],[23.3629613,42.7069996],[23.3633937,42.7074875],[23.3635473,42.7075823],[23.3637077,42.7076864],[23.3639634,42.7078441],[23.3646913,42.7082996],[23.365089,42.7084971],[23.3655009,42.7086687],[23.3657828,42.7087542],[23.3661178,42.7088278],[23.3664537,42.7088744],[23.3665235,42.7088808],[23.3667708,42.7089037],[23.3672975,42.7089169],[23.3677297,42.7089102],[23.368037,42.7088852],[23.368414,42.7088353],[23.3680561,42.7089184],[23.3678957,42.708959],[23.367681,42.7090181],[23.3674341,42.7091021],[23.3666753,42.7094357],[23.3660741,42.7096887],[23.3656132,42.7098716],[23.3647327,42.7101863],[23.3640545,42.7104121],[23.3639708,42.7104409],[23.3636894,42.7105376],[23.3619258,42.7111447],[23.3617628,42.7111994],[23.3611281,42.7114125],[23.3607235,42.7115164],[23.3604031,42.7115976],[23.359602,42.7117357],[23.3593117,42.7117519],[23.3587826,42.7117815],[23.3585631,42.7117759],[23.3579088,42.7117592],[23.3552929,42.7114947],[23.3550809,42.7114716],[23.3547317,42.7114311],[23.3546965,42.711427],[23.35458,42.7114135],[23.3543962,42.7113982],[23.3542784,42.711386],[23.3540647,42.7113633],[23.3533083,42.7112843],[23.3522148,42.7111586],[23.3503859,42.7109184],[23.3503486,42.7109135],[23.3502144,42.7108968],[23.3500897,42.7108795],[23.3496362,42.7108198],[23.3493458,42.7107816],[23.3491944,42.7107728],[23.3487344,42.7108054],[23.3487129,42.7108069],[23.3486361,42.7108124],[23.3484442,42.7108497],[23.3482081,42.7108957],[23.3468428,42.7111554],[23.3452522,42.7102942],[23.3426612,42.7089441],[23.3420227,42.7085948],[23.3418589,42.7084798],[23.3420712,42.7081471],[23.3413101,42.7078227],[23.3415226,42.7075926],[23.3409007,42.7072201],[23.3407979,42.7062707]]]]}},{"type":"Feature","id":"relation/14579911","properties":{"id":"osm-relation-14579911","name":"Hipodruma"},"geometry":{"type":"Polygon","coordinates":[[[23.2848111,42.678755],[23.285051,42.6785932],[23.2856379,42.6781771],[23.2857913,42.6782241],[23.2858108,42.6782301],[23.2871224,42.6786476],[23.2878411,42.6788762],[23.2882035,42.6789691],[23.2885566,42.6790363],[23.2892808,42.6791035],[23.2897121,42.6791274],[23.2899146,42.6791346],[23.2901587,42.6791356],[23.2903833,42.6791221],[23.290885,42.6790575],[23.2911046,42.6790173],[23.2916618,42.6788934],[23.2932923,42.6785248],[23.2958279,42.6779094],[23.2960219,42.6778723],[23.2962068,42.6778564],[23.2963276,42.6778537],[23.2964807,42.6778565],[23.2966016,42.6778697],[23.2967321,42.6778853],[23.2969402,42.6779298],[23.2978106,42.6782004],[23.2991278,42.678762],[23.2998522,42.6790345],[23.3000801,42.6790951],[23.3003311,42.6791499],[23.3010075,42.6792695],[23.3016587,42.6793814],[23.3023087,42.6793884],[23.3026195,42.6794546],[23.3025391,42.679738],[23.3023321,42.6804186],[23.3022155,42.6808019],[23.3021974,42.6808613],[23.302035,42.6813949],[23.3018501,42.6820029],[23.3018051,42.6821507],[23.3017915,42.6821955],[23.3016895,42.6826099],[23.3016288,42.682811],[23.3015776,42.6830278],[23.3015181,42.6832914],[23.3015055,42.6833593],[23.3014681,42.6835614],[23.3014191,42.6838055],[23.3013781,42.6840095],[23.3013206,42.6843314],[23.3013167,42.6843591],[23.3012962,42.684481],[23.3012839,42.6845693],[23.3012286,42.6849696],[23.3011514,42.685371],[23.3011111,42.6855442],[23.3011025,42.6855728],[23.3010657,42.6856948],[23.3010008,42.6858728],[23.3009245,42.6860311],[23.3008465,42.6861646],[23.3007701,42.6862902],[23.300642,42.6864853],[23.3005725,42.6865703],[23.3004922,42.6866599],[23.3003834,42.6867687],[23.3003611,42.6867908],[23.3003271,42.6868293],[23.3002812,42.6868771],[23.300255,42.6869044],[23.3001749,42.6869878],[23.3000999,42.6869487],[23.2997986,42.6867917],[23.2997341,42.6867578],[23.2996385,42.686708],[23.299601,42.6866881],[23.2989879,42.6863621],[23.2970866,42.6853819],[23.2970597,42.6853691],[23.2969759,42.6853248],[23.2968636,42.6852657],[23.29684,42.6852533],[23.2961737,42.6849024],[23.2936801,42.683589],[23.2931831,42.6833272],[23.2930772,42.6832714],[23.2929476,42.6832021],[23.2929229,42.6831889],[23.2925182,42.682971],[23.2896633,42.6814431],[23.28965,42.6814359],[23.2896308,42.6814255],[23.2895929,42.681405],[23.2895777,42.6813968],[23.2854446,42.6791096],[23.285052,42.6788825],[23.2850107,42.6788582],[23.2848952,42.6787943],[23.2848111,42.678755]]]}},{"type":"Feature","id":"relation/16857206","properties":{"id":"osm-relation-16857206","name":"Hladilnika"},"geometry":{"type":"Polygon","coordinates":[[[23.3128414,42.6576118],[23.31322,42.65778],[23.3132493,42.6577935],[23.3132897,42.6578122],[23.3134766,42.6578985],[23.3135434,42.6579294],[23.313803,42.6580493],[23.3140686,42.6581721],[23.3142368,42.6582498],[23.3146167,42.6584253],[23.314774,42.658498],[23.3154232,42.6588044],[23.3157851,42.6589748],[23.3161405,42.6591335],[23.31622,42.659169],[23.3165029,42.6592953],[23.3165259,42.6594178],[23.3165478,42.6595244],[23.3165525,42.6595472],[23.3165931,42.6597458],[23.3166052,42.659805],[23.3166128,42.6598422],[23.3166811,42.6601765],[23.3166932,42.6602502],[23.3167024,42.6603058],[23.3167091,42.660349],[23.3167832,42.6607471],[23.3168155,42.6609208],[23.3168771,42.6612515],[23.3169814,42.6618117],[23.317101,42.6624729],[23.3171686,42.6628365],[23.317191,42.6629374],[23.3172482,42.663245],[23.3172699,42.6633614],[23.3173207,42.6636436],[23.3174985,42.664632],[23.3175032,42.6646582],[23.3175398,42.6648711],[23.317519,42.6648657],[23.3174137,42.6648374],[23.3173308,42.6648174],[23.317189,42.6647809],[23.3167987,42.6646806],[23.3157112,42.6644011],[23.3142447,42.6640242],[23.3136973,42.6638873],[23.3136896,42.6637663],[23.313678,42.6635205],[23.3136518,42.6632637],[23.3136263,42.6630144],[23.3135994,42.662646],[23.3135486,42.6619114],[23.3135225,42.6616696],[23.3134761,42.6612402],[23.3134202,42.6608261],[23.3133913,42.6605651],[23.313388,42.6605283],[23.3133756,42.6602886],[23.3133266,42.6595431],[23.3133035,42.6590633],[23.3132826,42.6588956],[23.3132429,42.6587271],[23.313201,42.6585824],[23.3131658,42.6584605],[23.3131114,42.6583094],[23.3130802,42.6582225],[23.3129605,42.6578952],[23.3129446,42.6578537],[23.3128414,42.6576118]]]}},{"type":"Feature","id":"relation/16891624","properties":{"id":"osm-relation-16891624","name":"Hristo Botev"},"geometry":{"type":"Polygon","coordinates":[[[23.3737955,42.6959949],[23.3740416,42.6956632],[23.3741459,42.6955103],[23.3744257,42.6950871],[23.3747384,42.694592],[23.375028,42.6941677],[23.3751479,42.6939831],[23.3752868,42.6937525],[23.3756587,42.6932025],[23.3764273,42.6920884],[23.3764434,42.6920659],[23.3766729,42.6917449],[23.3776824,42.6903224],[23.3783839,42.6893081],[23.3786467,42.6889443],[23.3789162,42.6885559],[23.3789833,42.6883775],[23.3790021,42.6882523],[23.3789968,42.6881357],[23.3789647,42.6879657],[23.3788856,42.6878035],[23.3788077,42.6877131],[23.3786368,42.6875779],[23.3784583,42.6874432],[23.3783338,42.6873207],[23.3781072,42.6870528],[23.3779921,42.6869396],[23.3776681,42.6866741],[23.3806647,42.6845448],[23.3884474,42.6793551],[23.3925003,42.6814027],[23.3943139,42.685908],[23.3944999,42.6876076],[23.3941933,42.6877848],[23.3906497,42.6911312],[23.3899825,42.6917615],[23.3891719,42.6925311],[23.3884844,42.6931179],[23.387918,42.6935205],[23.3873022,42.6938953],[23.3866642,42.6942218],[23.3860895,42.6944678],[23.3856167,42.6946371],[23.3854493,42.6947281],[23.3852644,42.6949343],[23.3851898,42.695048],[23.3850142,42.69537],[23.3849074,42.6957217],[23.3848567,42.6960093],[23.3848541,42.6963439],[23.3849005,42.6965979],[23.3847816,42.6980732],[23.384592,42.6980427],[23.3831642,42.697813],[23.3818038,42.6975344],[23.3804539,42.6972579],[23.3794794,42.6970583],[23.3792407,42.6970106],[23.3795673,42.6963897],[23.378972,42.6962701],[23.3781948,42.6961611],[23.3777081,42.6961004],[23.377372,42.6960627],[23.3770394,42.6960392],[23.3759274,42.6960165],[23.3751994,42.6960825],[23.3739824,42.6960703],[23.3737955,42.6959949]]]}},{"type":"Feature","id":"relation/16891656","properties":{"id":"osm-relation-16891656","name":"Hristo Smirnenski"},"geometry":{"type":"Polygon","coordinates":[[[23.3648962,42.6909929],[23.3650896,42.6910078],[23.3654996,42.6910393],[23.3657719,42.6910602],[23.3660296,42.6910602],[23.3662458,42.6909961],[23.3663642,42.6908619],[23.3668444,42.6903176],[23.3670324,42.6901046],[23.3672836,42.6898234],[23.3674615,42.6896244],[23.3675759,42.689469],[23.3676843,42.6893217],[23.367784,42.6891863],[23.3678807,42.689055],[23.3680672,42.6888017],[23.3682277,42.6885837],[23.3675618,42.688337],[23.3680518,42.6881427],[23.3687728,42.6878625],[23.3691269,42.687732],[23.369194,42.6877012],[23.3693389,42.6876012],[23.3694175,42.6875099],[23.3695041,42.6873662],[23.3695999,42.6872843],[23.369851,42.6871143],[23.3700348,42.6868875],[23.3701448,42.6868489],[23.3705752,42.6866933],[23.3706691,42.6865484],[23.3706787,42.6864704],[23.370732,42.6860374],[23.370631,42.6850884],[23.3713258,42.683737],[23.3713952,42.6828564],[23.3713169,42.6827472],[23.3706067,42.6817689],[23.3702386,42.6813147],[23.3701671,42.6813436],[23.3700815,42.6813796],[23.3696125,42.6815733],[23.3695994,42.6815785],[23.3687913,42.6818989],[23.3687008,42.6819347],[23.3681712,42.6821334],[23.3679913,42.682203],[23.3679428,42.6822206],[23.3678496,42.6822532],[23.3678022,42.6821837],[23.3677658,42.6821255],[23.3674328,42.6815377],[23.3672252,42.6811616],[23.3670803,42.6808924],[23.3668587,42.6804972],[23.3668411,42.6804668],[23.3668035,42.6804001],[23.3665241,42.6799044],[23.3665091,42.6798767],[23.3664766,42.6798217],[23.3664502,42.6797773],[23.366012,42.679005],[23.3659666,42.6789433],[23.3656752,42.6785749],[23.3656392,42.6785364],[23.3655912,42.6784927],[23.3655582,42.6784633],[23.3655425,42.6784525],[23.3664921,42.6780233],[23.3680954,42.6773356],[23.3692368,42.6768449],[23.3694838,42.6767445],[23.3703606,42.6763926],[23.3705137,42.6763312],[23.371169,42.6760533],[23.3711833,42.6760488],[23.3717411,42.67587],[23.3725093,42.6756772],[23.3741175,42.6753799],[23.3743146,42.6753437],[23.3743241,42.675342],[23.3751139,42.675197],[23.3751262,42.6751947],[23.3753343,42.6751565],[23.3758978,42.675056],[23.3761336,42.675014],[23.3761423,42.675028],[23.3761803,42.6750922],[23.3779321,42.6765269],[23.3792493,42.6780939],[23.3803627,42.6798339],[23.3809993,42.6812762],[23.3811324,42.6821376],[23.3809944,42.6832031],[23.3808617,42.6838739],[23.3806647,42.6845448],[23.3776681,42.6866741],[23.3766893,42.6873347],[23.3763231,42.6873051],[23.3761019,42.6874634],[23.3754957,42.6879021],[23.3749832,42.6882902],[23.3748872,42.6883598],[23.3741318,42.6889243],[23.3737805,42.6891881],[23.373349,42.6895121],[23.3723706,42.6901457],[23.3717312,42.6905804],[23.3716777,42.6906157],[23.3707294,42.6912418],[23.370323,42.6915237],[23.3691268,42.692311],[23.3687591,42.6924934],[23.3682407,42.6928643],[23.3679574,42.6930503],[23.367939,42.6930624],[23.3675871,42.6933035],[23.367007,42.693701],[23.3665172,42.6940352],[23.3664303,42.6940975],[23.3656657,42.6935669],[23.3657164,42.6934573],[23.3657275,42.6933912],[23.3657349,42.6933477],[23.3657047,42.6931653],[23.3656804,42.6930351],[23.3656535,42.692908],[23.3655772,42.6927796],[23.3655541,42.6927325],[23.3654961,42.6926139],[23.3654229,42.6924647],[23.3653185,42.6922446],[23.3652289,42.692025],[23.3651507,42.6918582],[23.3651166,42.6917764],[23.3649882,42.6914792],[23.3648962,42.6909929]]]}},{"type":"Feature","id":"relation/15648686","properties":{"id":"osm-relation-15648686","name":"Ilinden"},"geometry":{"type":"Polygon","coordinates":[[[23.2835349,42.7107581],[23.2835738,42.7107265],[23.2836075,42.7106032],[23.2837689,42.7100131],[23.2838816,42.7098672],[23.2838802,42.7097909],[23.2838728,42.7090278],[23.2839224,42.7088209],[23.2839495,42.708772],[23.2840385,42.7087966],[23.284126,42.7088118],[23.2841861,42.708811],[23.2842369,42.7087931],[23.2842471,42.7087734],[23.2843626,42.7082424],[23.2843727,42.708196],[23.2843962,42.7080933],[23.2845731,42.7073901],[23.2847064,42.7067687],[23.2847295,42.7066685],[23.284739,42.7065789],[23.2847698,42.7063735],[23.2848154,42.706151],[23.2848248,42.7061154],[23.2848486,42.7060033],[23.2848605,42.7059277],[23.2848723,42.7058532],[23.2848881,42.70578],[23.2849004,42.7057278],[23.2849292,42.7056333],[23.2849624,42.7055345],[23.2850786,42.7052048],[23.2851003,42.7051317],[23.2853489,42.7042652],[23.2855236,42.7034947],[23.285553,42.7033651],[23.2855781,42.7032542],[23.2857039,42.7026949],[23.2857341,42.7025605],[23.2857628,42.7024485],[23.2857674,42.7024294],[23.2857983,42.7023198],[23.2858169,42.7022531],[23.2858224,42.7022345],[23.2859756,42.7022114],[23.2882707,42.701865],[23.2905117,42.7015171],[23.2920718,42.7012756],[23.2922482,42.7012483],[23.2924021,42.7012245],[23.2926102,42.7011919],[23.2971142,42.7004951],[23.2971287,42.7004926],[23.2972232,42.700477],[23.2972796,42.7004677],[23.297297,42.7004649],[23.2973013,42.70048],[23.2973139,42.7005244],[23.2973328,42.7005908],[23.2973389,42.7006124],[23.2973857,42.7007773],[23.2975272,42.7012758],[23.2976854,42.701832],[23.2977182,42.7019306],[23.2977356,42.7019888],[23.2977504,42.7020382],[23.2977785,42.7021295],[23.298028,42.703037],[23.2980563,42.7031413],[23.29807,42.7031887],[23.2980922,42.7032691],[23.2981125,42.7033403],[23.2981296,42.7034006],[23.298579,42.7049518],[23.298597,42.7050174],[23.2986045,42.7050448],[23.2986276,42.7051274],[23.298608,42.7051306],[23.2985483,42.7051402],[23.2984752,42.7051526],[23.298469,42.7051537],[23.298457,42.7051556],[23.298422,42.7051612],[23.2983715,42.7051694],[23.2979785,42.7052329],[23.2970891,42.7053769],[23.2963381,42.7054946],[23.2962327,42.7055137],[23.2955243,42.7056299],[23.2949851,42.7057169],[23.2946469,42.7057716],[23.2941423,42.7058576],[23.2941143,42.7058623],[23.2940574,42.7058773],[23.2940008,42.7058963],[23.2936823,42.7060451],[23.2936318,42.7060688],[23.2930594,42.7063374],[23.2930341,42.7063493],[23.2923798,42.7066535],[23.2923205,42.7066813],[23.2917785,42.7069358],[23.2911413,42.707231],[23.2905226,42.7075244],[23.2899235,42.707804],[23.2898617,42.7078335],[23.2887166,42.7083696],[23.2886618,42.7083953],[23.28777,42.7088118],[23.2876777,42.7088512],[23.2875826,42.7089053],[23.2873361,42.7090304],[23.2874275,42.7091059],[23.2875681,42.709251],[23.2890335,42.7109126],[23.2897797,42.7117898],[23.289788,42.7117973],[23.2899088,42.7119049],[23.2889568,42.7123736],[23.2887083,42.7123278],[23.288344,42.7122524],[23.2878388,42.7121392],[23.2871601,42.7119599],[23.2857074,42.7115658],[23.2853778,42.7114709],[23.2845653,42.7112392],[23.2835417,42.7109471],[23.2835349,42.7107581]]]}},{"type":"Feature","id":"relation/16877060","properties":{"id":"osm-relation-16877060","name":"Iliyantsi"},"geometry":{"type":"Polygon","coordinates":[[[23.3090399,42.7502738],[23.3104308,42.7496712],[23.3103758,42.7496515],[23.3101144,42.7492302],[23.3099161,42.7489351],[23.3127701,42.7479323],[23.3144163,42.7473366],[23.3140312,42.7467079],[23.3151339,42.7463203],[23.3152024,42.7463179],[23.3152749,42.7463011],[23.3155676,42.7461961],[23.3164842,42.7458724],[23.3165778,42.7460371],[23.3168721,42.7465138],[23.318067,42.7461209],[23.3183203,42.7461093],[23.3183561,42.7466454],[23.318407,42.7469624],[23.3184524,42.7471265],[23.3184963,42.7472457],[23.3185685,42.7473918],[23.318648,42.747523],[23.3188634,42.7478199],[23.3190834,42.7480428],[23.3197755,42.7486829],[23.3199491,42.7488617],[23.320152,42.7491386],[23.3202357,42.7493195],[23.3202822,42.749575],[23.3203367,42.7503614],[23.320367,42.7507832],[23.3203972,42.7511921],[23.3204781,42.7523025],[23.3205632,42.7534529],[23.3205962,42.7538203],[23.3206233,42.7543258],[23.3206544,42.7547547],[23.3205684,42.754774],[23.3203522,42.7548258],[23.3203193,42.754833],[23.3201796,42.7548662],[23.3188636,42.7551581],[23.3188691,42.7552866],[23.3189132,42.756326],[23.3189233,42.7564562],[23.3189938,42.7574143],[23.3181911,42.7572398],[23.3183706,42.7570073],[23.3179256,42.7568194],[23.3179068,42.7565515],[23.3181858,42.7562187],[23.318236,42.7554329],[23.3163826,42.7563998],[23.3150654,42.7552177],[23.3167193,42.7542637],[23.3164181,42.7541327],[23.316054,42.7539638],[23.3157414,42.7537851],[23.3147602,42.7530577],[23.314058,42.752526],[23.3128773,42.7529526],[23.3112576,42.7532011],[23.3097225,42.7532721],[23.3090399,42.7502738]]]}},{"type":"Feature","id":"relation/14580256","properties":{"id":"osm-relation-14580256","name":"Ivan Vazov"},"geometry":{"type":"Polygon","coordinates":[[[23.3023087,42.6793884],[23.3023399,42.6793015],[23.3023525,42.6792686],[23.3023768,42.6791989],[23.3027379,42.6780806],[23.3029302,42.6774314],[23.303171,42.6766184],[23.3032163,42.6764715],[23.3033625,42.6760424],[23.3036461,42.6752214],[23.3037686,42.6748669],[23.3037895,42.674798],[23.3037986,42.674768],[23.3038287,42.6746756],[23.3038802,42.6745107],[23.3039723,42.6742171],[23.3040589,42.6739406],[23.3041391,42.6736848],[23.3042637,42.6732871],[23.3042779,42.6732419],[23.3044609,42.6734382],[23.3045622,42.6735303],[23.3045921,42.6735575],[23.304679,42.6736167],[23.3047785,42.6736844],[23.3051168,42.6739026],[23.305424,42.6741234],[23.3057071,42.674296],[23.3061628,42.674532],[23.3065494,42.6747325],[23.3065633,42.6747403],[23.3066314,42.674763],[23.3067712,42.6748568],[23.307011,42.6749117],[23.3072416,42.6749433],[23.3074898,42.6749571],[23.3078169,42.6749582],[23.3080479,42.674941],[23.3082676,42.6749127],[23.3083325,42.674903],[23.3084057,42.674892],[23.3086006,42.6748513],[23.3086831,42.6748335],[23.308701,42.6748288],[23.3087376,42.6748193],[23.3088079,42.674801],[23.3090066,42.6747492],[23.3091043,42.6747244],[23.309161,42.674709],[23.3093687,42.6746549],[23.3094738,42.6746275],[23.3096723,42.6745758],[23.3098479,42.6745301],[23.3099045,42.6745983],[23.3106071,42.6754454],[23.3106528,42.675501],[23.3111025,42.6760492],[23.3114693,42.6764975],[23.3115626,42.6766115],[23.3117494,42.6768398],[23.311805,42.6769077],[23.3120943,42.6772897],[23.3122607,42.6774969],[23.3125349,42.6778382],[23.3128042,42.6781733],[23.313026,42.6784529],[23.3140597,42.6796944],[23.3142044,42.6798704],[23.3142593,42.6799371],[23.3143454,42.6800396],[23.3151385,42.6810158],[23.315408,42.6813382],[23.3154318,42.6813667],[23.3154318,42.6814308],[23.3157294,42.6817913],[23.3153753,42.6817538],[23.3151693,42.6817303],[23.3146428,42.681686],[23.3141455,42.6816625],[23.313882,42.68165],[23.3136504,42.6816478],[23.3130241,42.6816401],[23.3114964,42.6816254],[23.3099579,42.6815707],[23.3091374,42.6814569],[23.3083419,42.6813043],[23.3074903,42.681083],[23.3067232,42.6808323],[23.3042711,42.6799598],[23.3036237,42.6797281],[23.303327,42.6796394],[23.3030071,42.6795474],[23.3028445,42.6795085],[23.3026195,42.6794546],[23.3023087,42.6793884]]]}},{"type":"Feature","id":"relation/16858617","properties":{"id":"osm-relation-16858617","name":"Izgrev"},"geometry":{"type":"Polygon","coordinates":[[[23.3434828,42.6676786],[23.3434932,42.6676464],[23.3435108,42.6676255],[23.3440138,42.6676367],[23.3442127,42.6676453],[23.3443796,42.6676457],[23.3447231,42.6676532],[23.3449586,42.6676604],[23.3454498,42.6676755],[23.3456662,42.6676821],[23.3463136,42.6677019],[23.3473581,42.6677338],[23.347503,42.6677408],[23.3483758,42.6677779],[23.3495571,42.6678258],[23.3498456,42.6678418],[23.3503762,42.6678713],[23.3507903,42.6679611],[23.3511621,42.6680604],[23.3517211,42.6682556],[23.3518655,42.6683061],[23.3519264,42.6683298],[23.3523109,42.6684796],[23.3523613,42.6684993],[23.3525266,42.668558],[23.3527254,42.6686159],[23.3525136,42.669114],[23.35209,42.6701624],[23.3519264,42.6704475],[23.3517495,42.6707061],[23.3514176,42.6710911],[23.3513979,42.6711139],[23.3512959,42.6712146],[23.3512048,42.6712997],[23.3511384,42.6713518],[23.3509631,42.6714891],[23.3508664,42.6715563],[23.3505245,42.6717594],[23.350459,42.6717908],[23.3501731,42.671928],[23.3495576,42.6721735],[23.3487032,42.6724753],[23.3484283,42.6725808],[23.3483495,42.6726141],[23.3482125,42.672672],[23.3480634,42.6727427],[23.3480133,42.6727664],[23.3475451,42.6729984],[23.3470919,42.673245],[23.346884,42.6731227],[23.3467376,42.6730585],[23.3463785,42.6728252],[23.3457157,42.6724043],[23.345274,42.6721238],[23.3450714,42.6719625],[23.3445047,42.6715458],[23.3444048,42.6714314],[23.3441887,42.670728],[23.3440665,42.6702141],[23.3440402,42.6701034],[23.343899,42.6695036],[23.3436786,42.6685193],[23.343522,42.6678469],[23.3434828,42.6676786]]]}},{"type":"Feature","id":"relation/16858624+relation/16901580","properties":{"id":"osm-relations-16858624-16901580","name":"Iztok"},"geometry":{"type":"MultiPolygon","coordinates":[[[[23.3470919,42.673245],[23.3475451,42.6729984],[23.3480133,42.6727664],[23.3480634,42.6727427],[23.3482125,42.672672],[23.3483495,42.6726141],[23.3484283,42.6725808],[23.3487032,42.6724753],[23.3495576,42.6721735],[23.3501731,42.671928],[23.350459,42.6717908],[23.3505245,42.6717594],[23.3508664,42.6715563],[23.3509631,42.6714891],[23.3511384,42.6713518],[23.3512048,42.6712997],[23.3512959,42.6712146],[23.3513979,42.6711139],[23.3514176,42.6710911],[23.3517495,42.6707061],[23.3519264,42.6704475],[23.35209,42.6701624],[23.3525136,42.669114],[23.3527254,42.6686159],[23.3530113,42.6679061],[23.353166,42.6675678],[23.3532641,42.6673802],[23.3534555,42.6674282],[23.3538924,42.6674468],[23.3545947,42.6674891],[23.3553135,42.6675318],[23.3564855,42.6675955],[23.3567497,42.6676043],[23.3570774,42.6676195],[23.3576268,42.6676539],[23.3581698,42.6677245],[23.3585362,42.6677917],[23.3588936,42.6678517],[23.3594398,42.6679403],[23.359559,42.6679714],[23.3597617,42.6679504],[23.3599107,42.6679021],[23.3600994,42.6678751],[23.3602884,42.6678628],[23.3603588,42.6678621],[23.3604304,42.6678613],[23.3604608,42.6678655],[23.3605016,42.6678731],[23.3605399,42.6678787],[23.3606157,42.6678919],[23.3607243,42.6679127],[23.3611016,42.6679849],[23.3612263,42.6680078],[23.3614866,42.6679946],[23.3618139,42.668069],[23.3624764,42.6681805],[23.362929,42.6682169],[23.3634131,42.6682441],[23.3641332,42.6684723],[23.3650657,42.6689717],[23.3652215,42.6690607],[23.3661945,42.669596],[23.3663902,42.6697062],[23.3664473,42.6697383],[23.3666515,42.669847],[23.3649836,42.6710373],[23.3617096,42.6733736],[23.3544749,42.6785368],[23.3543261,42.6784134],[23.3538198,42.6779382],[23.3536779,42.6778141],[23.3536065,42.6777595],[23.3535466,42.6777192],[23.3528453,42.6772478],[23.3527347,42.6771735],[23.3526474,42.6771163],[23.3517779,42.6765463],[23.350799,42.6758804],[23.3497937,42.6752106],[23.3497262,42.6751657],[23.3497021,42.6751487],[23.3496118,42.6750887],[23.3489276,42.6746339],[23.3488976,42.6746144],[23.3485428,42.6743694],[23.3484632,42.6743],[23.3483939,42.6742039],[23.3482877,42.67406],[23.3481635,42.6739589],[23.3479395,42.6738095],[23.347331,42.673387],[23.3471935,42.6733034],[23.3470919,42.673245]]],[[[23.3906499,42.6367443],[23.396986,42.6364632],[23.3967386,42.6355689],[23.3991792,42.6355742],[23.3994117,42.635565],[23.3999347,42.6355627],[23.4001601,42.6355579],[23.4002882,42.6355358],[23.4004091,42.6354963],[23.4006395,42.6354374],[23.4008441,42.63539],[23.4011176,42.6353498],[23.4014907,42.6355335],[23.4016385,42.6355796],[23.4018012,42.6355998],[23.4021894,42.6356146],[23.4023845,42.6356398],[23.4031009,42.6357838],[23.4032071,42.6357882],[23.4033347,42.635768],[23.4034451,42.6357231],[23.4039921,42.6352605],[23.4044051,42.6349113],[23.4045336,42.6348095],[23.4046651,42.634748],[23.4047804,42.6347185],[23.404934,42.6347187],[23.405066,42.6347455],[23.4053396,42.6348561],[23.4056906,42.6350026],[23.4062313,42.6352387],[23.406501,42.6353459],[23.4068398,42.6354806],[23.4068773,42.6354955],[23.4072065,42.6356264],[23.4073237,42.635673],[23.4078826,42.6358952],[23.4079736,42.6359314],[23.4074264,42.6367543],[23.4071495,42.6371641],[23.4069486,42.6374615],[23.4068941,42.6375399],[23.4067504,42.6377468],[23.4065163,42.6380884],[23.4063781,42.6382901],[23.4061911,42.6385737],[23.4061639,42.6386151],[23.4061345,42.6386596],[23.4060998,42.6387063],[23.4060729,42.6387482],[23.4060492,42.6387791],[23.4057631,42.6391517],[23.4055335,42.6394175],[23.4053786,42.6395968],[23.4050427,42.6398943],[23.4050218,42.6399128],[23.4045876,42.6402975],[23.403876,42.6409305],[23.4037067,42.6410873],[23.4035515,42.6412209],[23.4032576,42.6414724],[23.4030632,42.6416543],[23.4030239,42.6416911],[23.402818,42.641869],[23.4023507,42.6422727],[23.4022545,42.6423558],[23.4021274,42.642463],[23.4020726,42.6425061],[23.4019547,42.6425988],[23.4019058,42.6426367],[23.4018141,42.6427092],[23.4017718,42.6427427],[23.4016012,42.6428499],[23.4014249,42.6429118],[23.4012504,42.6429469],[23.4009431,42.6430087],[23.4008948,42.6430161],[23.4006002,42.6430766],[23.4004874,42.6431039],[23.4004757,42.6431067],[23.400404,42.6431366],[23.4003497,42.6431593],[23.4002516,42.6432252],[23.4001092,42.6433231],[23.4000115,42.6434126],[23.3999743,42.6434467],[23.3999696,42.6434517],[23.3998667,42.6434212],[23.3994389,42.6434212],[23.398808,42.6434943],[23.3930795,42.6446044],[23.392572,42.6447255],[23.392372,42.6442846],[23.3915914,42.6425375],[23.3913745,42.6418696],[23.3910939,42.6414019],[23.3908264,42.6402297],[23.3907875,42.6400968],[23.3907916,42.63903],[23.3907876,42.6389066],[23.3907788,42.638721],[23.3906499,42.6367443]]]]}},{"type":"Feature","id":"relation/16891412","properties":{"id":"osm-relation-16891412","name":"Kanala"},"geometry":{"type":"Polygon","coordinates":[[[23.4015005,42.6624541],[23.4015181,42.662421],[23.4016931,42.6623264],[23.4026063,42.6619719],[23.4026686,42.662053],[23.403141,42.6629568],[23.4031621,42.6629971],[23.4036318,42.6638341],[23.403723,42.6638587],[23.4045267,42.6636605],[23.4048133,42.6645315],[23.4043912,42.6645841],[23.4045106,42.6649188],[23.406099,42.6646637],[23.4062414,42.6649288],[23.4062912,42.6650214],[23.406417,42.6652557],[23.4064673,42.6653493],[23.406525,42.6654346],[23.4065894,42.6655321],[23.4066115,42.6655632],[23.4066292,42.6655881],[23.4066515,42.6656194],[23.4067342,42.6657295],[23.4067861,42.6657994],[23.4066161,42.6658852],[23.4061624,42.6661143],[23.4050527,42.6666744],[23.4049037,42.6667499],[23.4046959,42.6665183],[23.4043483,42.6661638],[23.4038037,42.6655924],[23.403582,42.6653411],[23.4032206,42.6649344],[23.4029405,42.6646368],[23.4029079,42.6646042],[23.4027613,42.6644575],[23.4024211,42.6640707],[23.4022881,42.6639783],[23.4022324,42.6639395],[23.4019254,42.6636236],[23.4020702,42.663542],[23.4018022,42.6632044],[23.4019692,42.6631408],[23.4015357,42.6625057],[23.4015005,42.6624541]]]}},{"type":"Feature","id":"relation/16901180","properties":{"id":"osm-relation-16901180","name":"Karo"},"geometry":{"type":"Polygon","coordinates":[[[23.367879,42.668971],[23.3682632,42.6686975],[23.3694717,42.6678372],[23.3713793,42.6664935],[23.3741488,42.6645226],[23.3744966,42.6647653],[23.3745357,42.6647994],[23.3745643,42.6648242],[23.3745948,42.6648462],[23.3746157,42.6648628],[23.3751545,42.6652607],[23.3754663,42.6655037],[23.3755507,42.6655694],[23.3756746,42.6656644],[23.375788,42.6657512],[23.3760132,42.6659237],[23.3761826,42.6660534],[23.376335,42.6661701],[23.3766857,42.666436],[23.3771117,42.6667771],[23.3771933,42.6668433],[23.3778514,42.6673754],[23.3782836,42.6677311],[23.3783985,42.6678317],[23.3784732,42.6677765],[23.3787027,42.6676066],[23.3791577,42.6672766],[23.3803979,42.6663878],[23.3806115,42.6661275],[23.381395,42.6657631],[23.3831958,42.6647483],[23.3853873,42.6652486],[23.3863512,42.6646128],[23.3820773,42.6614908],[23.3818647,42.6616159],[23.3800629,42.6603114],[23.3832083,42.6580707],[23.3839537,42.65754],[23.3846226,42.6570709],[23.384705,42.6570387],[23.3849371,42.6571432],[23.3852207,42.6572661],[23.3853968,42.6573479],[23.3855587,42.6574272],[23.3859395,42.6576421],[23.3861269,42.6577578],[23.3863515,42.6579149],[23.3865731,42.6580864],[23.3868535,42.6583193],[23.3869852,42.6584272],[23.3877333,42.6589219],[23.3878772,42.6590271],[23.3883361,42.6593966],[23.3886039,42.6596272],[23.3893926,42.6602898],[23.3900406,42.6608388],[23.3904054,42.6611418],[23.3906939,42.6613883],[23.3909028,42.6615706],[23.3909206,42.6615877],[23.3909985,42.6616613],[23.3912046,42.6618514],[23.3912741,42.6619149],[23.3913457,42.6619793],[23.3915758,42.6621742],[23.3918979,42.6624496],[23.3919239,42.6624689],[23.3919662,42.6625071],[23.3919834,42.662531],[23.3919847,42.662568],[23.3918941,42.6626596],[23.391731,42.6628377],[23.3915167,42.6630812],[23.3908529,42.6625586],[23.3907402,42.6626999],[23.3906365,42.6628217],[23.3905598,42.662899],[23.3903723,42.6630906],[23.390121,42.6633387],[23.3900277,42.6634236],[23.3899676,42.6634782],[23.389792,42.6636395],[23.3888928,42.6644462],[23.3881022,42.6651596],[23.3874869,42.6657159],[23.3872036,42.665981],[23.3867535,42.6664333],[23.3862964,42.6668883],[23.3858375,42.6672937],[23.3854899,42.6676795],[23.3853431,42.6678375],[23.3852707,42.6679096],[23.384909,42.6683032],[23.3846394,42.6685997],[23.3841649,42.6691186],[23.3841238,42.6691622],[23.383825,42.6694842],[23.3829493,42.6704176],[23.3826452,42.6707753],[23.3820096,42.6717121],[23.3818728,42.6719517],[23.3814651,42.6727593],[23.3813609,42.6730714],[23.3813482,42.6733539],[23.3815205,42.6740278],[23.3814758,42.674036],[23.3763952,42.6749654],[23.3761336,42.675014],[23.3761234,42.6749975],[23.3760979,42.6749529],[23.3759851,42.674856],[23.3759532,42.6748297],[23.3757888,42.6747095],[23.37565,42.6746093],[23.37555,42.6745356],[23.3753043,42.6743519],[23.3748488,42.6740141],[23.3747762,42.6739619],[23.37424,42.6735774],[23.3737863,42.6733101],[23.3731629,42.6729428],[23.367879,42.668971]]]}},{"type":"Feature","id":"relation/16871239","properties":{"id":"osm-relation-16871239","name":"Karpuzitsa"},"geometry":{"type":"Polygon","coordinates":[[[23.2361777,42.6597789],[23.2364635,42.6596084],[23.2369882,42.6599516],[23.2370254,42.6599759],[23.2373807,42.6594268],[23.2376727,42.659577],[23.2376901,42.6595859],[23.2379,42.6596885],[23.2380328,42.6597503],[23.2379546,42.6596287],[23.237928,42.6595605],[23.2379221,42.6595389],[23.2379121,42.6595021],[23.2379213,42.6594679],[23.2380896,42.6594864],[23.23833,42.6594874],[23.2385433,42.6594873],[23.2389973,42.6594576],[23.2391857,42.6594906],[23.2395962,42.6596312],[23.2396095,42.6596357],[23.240063,42.6597911],[23.2400952,42.6598036],[23.2401051,42.6598075],[23.2401171,42.6598121],[23.2403236,42.6598068],[23.2423869,42.660491],[23.242863,42.6605373],[23.2435617,42.6606389],[23.2438702,42.6607109],[23.2440351,42.6608223],[23.24442,42.6611488],[23.2446332,42.6613135],[23.2448666,42.6613569],[23.2454594,42.6613371],[23.2458188,42.661345],[23.2465416,42.6615788],[23.2475488,42.6619338],[23.247667,42.661785],[23.2475967,42.661551],[23.2475805,42.6613922],[23.2476084,42.6612419],[23.2476634,42.6610525],[23.2477143,42.6608365],[23.2477516,42.6607778],[23.2477635,42.660759],[23.2477498,42.6606302],[23.2481807,42.66077],[23.2482818,42.6608066],[23.2483339,42.6608255],[23.2489863,42.661062],[23.2504495,42.6616135],[23.2530797,42.6626053],[23.253438,42.6627404],[23.2534582,42.6627474],[23.2534919,42.6627601],[23.2535512,42.6627824],[23.2541045,42.6629906],[23.2545325,42.6631516],[23.2586745,42.66471],[23.2589552,42.6648514],[23.2597867,42.665166],[23.2583568,42.6663831],[23.2578598,42.6667834],[23.257784,42.6668444],[23.2577466,42.6668746],[23.2575184,42.6670585],[23.256858,42.6675904],[23.2561404,42.6681685],[23.2556342,42.6685762],[23.255128,42.6689839],[23.2550831,42.6690201],[23.2550159,42.6690742],[23.25492,42.6691788],[23.2548871,42.6692052],[23.254384,42.6696062],[23.2535055,42.670319],[23.2519309,42.6715811],[23.2518635,42.6716378],[23.2517962,42.6716944],[23.2516494,42.6718139],[23.2516021,42.671855],[23.2515705,42.6718825],[23.2514311,42.6719955],[23.2514199,42.6720061],[23.2511422,42.6722327],[23.2509399,42.6724389],[23.2507717,42.6726299],[23.2506076,42.6728468],[23.2505433,42.6729385],[23.2502662,42.6729308],[23.2501229,42.6729252],[23.2497201,42.6728895],[23.2491637,42.672909],[23.2489546,42.6729163],[23.2486661,42.6729264],[23.2483516,42.6729374],[23.2482283,42.6729417],[23.2481001,42.6729462],[23.2475825,42.67296],[23.2469442,42.6729755],[23.2463185,42.6729907],[23.2461504,42.6729948],[23.2459151,42.6729942],[23.2456998,42.6729716],[23.2455289,42.6729574],[23.2452908,42.6728953],[23.245104,42.6728365],[23.2447017,42.6726795],[23.244445,42.6725595],[23.243893,42.6723077],[23.2433391,42.6720435],[23.2428135,42.6718089],[23.2426584,42.6715122],[23.2426976,42.6709191],[23.2419346,42.6707139],[23.2414027,42.6706434],[23.2411282,42.6700495],[23.2406518,42.6681841],[23.2399415,42.6656091],[23.2397804,42.6651746],[23.2396172,42.6648016],[23.2394095,42.6643865],[23.2391592,42.66398],[23.2385671,42.6631308],[23.237192,42.6616266],[23.2377397,42.6613585],[23.2374894,42.6610552],[23.2372693,42.6607887],[23.2371617,42.6605739],[23.2364914,42.66023],[23.2361777,42.6597789]]]}},{"type":"Feature","id":"relation/16907887","properties":{"id":"osm-relation-16907887","name":"Kiliite"},"geometry":{"type":"Polygon","coordinates":[[[23.218363,42.649216],[23.2197049,42.6480588],[23.2193704,42.6478576],[23.2192956,42.6477748],[23.219365,42.6475327],[23.2188743,42.6472735],[23.2189439,42.6472077],[23.2190611,42.6471581],[23.2191348,42.6471199],[23.2193019,42.647011],[23.2193778,42.6469422],[23.2194261,42.6468692],[23.2195073,42.6468234],[23.2195807,42.6468061],[23.2195249,42.6467278],[23.2194199,42.646767],[23.2193994,42.646791],[23.2191173,42.6466885],[23.2195324,42.6464261],[23.2195595,42.6464375],[23.2197845,42.6463397],[23.219983,42.6462614],[23.2199666,42.6463917],[23.2202315,42.6465711],[23.2202768,42.6465832],[23.2204569,42.6466145],[23.2205708,42.646698],[23.2206319,42.6465034],[23.2206587,42.6464634],[23.2207206,42.6464203],[23.2207685,42.6464101],[23.220875,42.6464474],[23.2210743,42.6462373],[23.2212054,42.6460883],[23.221279,42.6460417],[23.2217008,42.6462582],[23.2224365,42.6461607],[23.2223036,42.6461174],[23.2222387,42.6460784],[23.2221671,42.6459949],[23.2222169,42.6459592],[23.2223164,42.645779],[23.2224403,42.6457897],[23.223382,42.6459289],[23.2234829,42.6459382],[23.2235864,42.6459364],[23.2260625,42.6457565],[23.2261756,42.6457438],[23.2262879,42.6457222],[23.2282712,42.6449389],[23.2283686,42.6449077],[23.2283456,42.6448672],[23.2284617,42.6447389],[23.2287524,42.6446897],[23.2289366,42.6446228],[23.229079,42.6445356],[23.2295044,42.6439735],[23.2296661,42.6438668],[23.2296886,42.6437264],[23.2297044,42.6437035],[23.2298633,42.6436756],[23.2301495,42.6440549],[23.2301692,42.6440717],[23.230191,42.6440801],[23.2302171,42.6440826],[23.2302428,42.6440781],[23.23026,42.6440703],[23.2303361,42.6440246],[23.2303884,42.6439985],[23.2304437,42.6439765],[23.2305007,42.6439588],[23.2305838,42.6439409],[23.2306558,42.6439323],[23.2307292,42.6439297],[23.230965,42.6439444],[23.2310338,42.6439442],[23.2311153,42.643936],[23.2317421,42.6437987],[23.2318525,42.6437819],[23.2319651,42.6437795],[23.2320249,42.6437859],[23.231978,42.6442276],[23.2319653,42.6442545],[23.2328456,42.6443316],[23.2336557,42.6445101],[23.2337711,42.6447482],[23.2338769,42.6449695],[23.2340823,42.645244],[23.2341642,42.6456022],[23.2343202,42.6459031],[23.234476,42.6463395],[23.2348296,42.6469259],[23.2353039,42.6474134],[23.2350984,42.647461],[23.2347466,42.6474714],[23.2340345,42.6473389],[23.233804,42.6481506],[23.2346944,42.6482051],[23.234615,42.6487057],[23.2346365,42.6487764],[23.2346138,42.6492647],[23.23459,42.649382],[23.2345239,42.649452],[23.2344716,42.6495112],[23.2346655,42.6503943],[23.2344429,42.6505107],[23.2343007,42.6507178],[23.2342015,42.6508816],[23.2340218,42.6512958],[23.2339601,42.6515089],[23.2339708,42.6517476],[23.234062,42.6519291],[23.2340862,42.6521461],[23.2339842,42.6522822],[23.2337509,42.6524242],[23.2337294,42.6525485],[23.2340151,42.652774],[23.2343278,42.6536435],[23.233768,42.653678],[23.2336897,42.6538268],[23.2336,42.6538761],[23.233478,42.6538938],[23.2328825,42.6538751],[23.2326438,42.6538406],[23.232528,42.6536808],[23.2323595,42.6536871],[23.2319903,42.653671],[23.2318776,42.6536739],[23.2315316,42.653739],[23.230971,42.6538554],[23.2307631,42.6538436],[23.2306572,42.6538051],[23.2304051,42.6535694],[23.23022,42.6532922],[23.2300929,42.6531324],[23.2300051,42.6532213],[23.2299178,42.653254],[23.22971,42.6532955],[23.2294967,42.6533191],[23.2291507,42.6533487],[23.2288758,42.6533093],[23.2287129,42.6532369],[23.228564,42.6531494],[23.228304,42.6528805],[23.2281476,42.6527313],[23.2279182,42.6525685],[23.2276554,42.6523683],[23.2274502,42.6521543],[23.2273805,42.6519955],[23.2273295,42.6518012],[23.2273181,42.6516364],[23.2272712,42.6515032],[23.2271442,42.651395],[23.2268943,42.6513158],[23.2262393,42.6510554],[23.2260051,42.6509328],[23.2258242,42.6508987],[23.2256056,42.6509083],[23.2252462,42.6508936],[23.2248132,42.6506495],[23.2242115,42.6506413],[23.2239171,42.6504217],[23.2238382,42.6503931],[23.2237451,42.6502712],[23.2236223,42.650086],[23.2235196,42.6499487],[23.22346,42.6496708],[23.223433,42.6495825],[23.223362,42.6495189],[23.2232814,42.6494567],[23.2232626,42.6493334],[23.2232117,42.6492092],[23.2230494,42.6490898],[23.2229513,42.6497737],[23.2202884,42.6499678],[23.218363,42.649216]]]}},{"type":"Feature","id":"relation/16907902","properties":{"id":"osm-relation-16907902","name":"Kinotsentara III Chast"},"geometry":{"type":"Polygon","coordinates":[[[23.2852475,42.6460088],[23.2853656,42.6456695],[23.2855635,42.6454209],[23.2858054,42.6451171],[23.2867174,42.6439649],[23.28705,42.6434914],[23.2873165,42.6426884],[23.2873482,42.6425094],[23.2877692,42.6425052],[23.2890317,42.642501],[23.2895202,42.6424994],[23.2896659,42.6424989],[23.2897857,42.6424942],[23.2904123,42.6424694],[23.2907533,42.6424326],[23.2909436,42.642412],[23.2916107,42.6422703],[23.2920514,42.6421011],[23.2923653,42.6419575],[23.2926703,42.6418077],[23.2930255,42.6416331],[23.2931252,42.6415855],[23.293463,42.641436],[23.2935534,42.6413953],[23.2936425,42.6414472],[23.2933455,42.6416884],[23.2929915,42.6418447],[23.2929688,42.6418663],[23.2929639,42.6418974],[23.2929945,42.64193],[23.2932777,42.6420676],[23.2933517,42.6421089],[23.2934001,42.6421426],[23.2934206,42.6421856],[23.2938759,42.6431178],[23.2947069,42.6448193],[23.2950568,42.645542],[23.2954188,42.6462799],[23.2960993,42.6474995],[23.2964411,42.6480475],[23.2970794,42.6480619],[23.2962924,42.64839],[23.2955683,42.6486964],[23.2941458,42.6492716],[23.2930418,42.6497313],[23.2927429,42.6498594],[23.2926196,42.6499127],[23.2916421,42.6502984],[23.291417,42.6503885],[23.290967,42.6505685],[23.2905934,42.650718],[23.2903625,42.6508104],[23.2895748,42.6511257],[23.2895038,42.6511546],[23.2893456,42.6509241],[23.2888202,42.6503333],[23.2885949,42.650207],[23.2880156,42.6496389],[23.2865672,42.6480685],[23.285548,42.6468374],[23.2853334,42.6465218],[23.2852475,42.6460088]]]}},{"type":"Feature","id":"relation/16908012","properties":{"id":"osm-relation-16908012","name":"Knyazhevo"},"geometry":{"type":"Polygon","coordinates":[[[23.2091665,42.6473664],[23.2098208,42.6475161],[23.2101625,42.6475161],[23.2107948,42.6475104],[23.2111206,42.6474015],[23.2114661,42.6474015],[23.2116283,42.6474861],[23.2119184,42.6476329],[23.2120108,42.647956],[23.2125069,42.6482262],[23.213602,42.6482821],[23.213849,42.648156],[23.2142109,42.6482115],[23.2147132,42.6482657],[23.2150532,42.6483179],[23.2151515,42.6483962],[23.2151534,42.6485884],[23.215737,42.649023],[23.216294,42.649161],[23.216513,42.648772],[23.217046,42.648853],[23.217081,42.648802],[23.21783,42.64903],[23.218142,42.649258],[23.218363,42.649216],[23.2202884,42.6499678],[23.2229513,42.6497737],[23.2230494,42.6490898],[23.2232117,42.6492092],[23.2232626,42.6493334],[23.2232814,42.6494567],[23.223362,42.6495189],[23.223433,42.6495825],[23.22346,42.6496708],[23.2235196,42.6499487],[23.2236223,42.650086],[23.2237451,42.6502712],[23.2238382,42.6503931],[23.2239171,42.6504217],[23.2242115,42.6506413],[23.2248132,42.6506495],[23.2252462,42.6508936],[23.2256056,42.6509083],[23.2258242,42.6508987],[23.2260051,42.6509328],[23.2262393,42.6510554],[23.2268943,42.6513158],[23.2271442,42.651395],[23.2272712,42.6515032],[23.2273181,42.6516364],[23.2273295,42.6518012],[23.2273805,42.6519955],[23.2274502,42.6521543],[23.2276554,42.6523683],[23.2279182,42.6525685],[23.2281476,42.6527313],[23.228304,42.6528805],[23.228564,42.6531494],[23.2287129,42.6532369],[23.2288758,42.6533093],[23.2291507,42.6533487],[23.2294967,42.6533191],[23.22971,42.6532955],[23.2299178,42.653254],[23.2300051,42.6532213],[23.2300929,42.6531324],[23.23022,42.6532922],[23.2304051,42.6535694],[23.2306572,42.6538051],[23.2307631,42.6538436],[23.230971,42.6538554],[23.2315316,42.653739],[23.2318776,42.6536739],[23.2319903,42.653671],[23.2323595,42.6536871],[23.232528,42.6536808],[23.2326438,42.6538406],[23.2328825,42.6538751],[23.233478,42.6538938],[23.2336,42.6538761],[23.2336897,42.6538268],[23.233768,42.653678],[23.2343278,42.6536435],[23.2340151,42.652774],[23.2337294,42.6525485],[23.2337509,42.6524242],[23.2339842,42.6522822],[23.2340862,42.6521461],[23.234062,42.6519291],[23.2339708,42.6517476],[23.2339601,42.6515089],[23.2340218,42.6512958],[23.2342015,42.6508816],[23.2343007,42.6507178],[23.2344429,42.6505107],[23.2346655,42.6503943],[23.2344716,42.6495112],[23.2345239,42.649452],[23.23459,42.649382],[23.2346138,42.6492647],[23.2346365,42.6487764],[23.234615,42.6487057],[23.2346944,42.6482051],[23.233804,42.6481506],[23.2340345,42.6473389],[23.2347466,42.6474714],[23.2350984,42.647461],[23.2353039,42.6474134],[23.2360427,42.6476581],[23.236257,42.6484283],[23.236224,42.6488527],[23.2364691,42.6501972],[23.2370976,42.650687],[23.2373304,42.6508766],[23.23763,42.6511207],[23.2377008,42.6511784],[23.237905,42.6513539],[23.2382009,42.6515504],[23.2395873,42.6522388],[23.2396902,42.6522988],[23.2397321,42.6525643],[23.2397966,42.653017],[23.2397778,42.6530998],[23.2397537,42.6531797],[23.2394385,42.6537035],[23.2392011,42.6541039],[23.2389417,42.6545051],[23.2386969,42.6549305],[23.2383217,42.6552917],[23.2382565,42.6553545],[23.2380255,42.655573],[23.2375282,42.6559797],[23.2376414,42.6560412],[23.2377044,42.6560982],[23.2378227,42.6562223],[23.2379137,42.65633],[23.2382655,42.6565901],[23.2386454,42.6567417],[23.239197,42.6569087],[23.239333,42.6569817],[23.2393305,42.6570331],[23.2392933,42.6573665],[23.239418,42.6573601],[23.2396436,42.6573382],[23.2398057,42.6573224],[23.239972,42.6573067],[23.2400285,42.6573014],[23.2400837,42.6572962],[23.2403507,42.6572656],[23.2403929,42.6572607],[23.2404393,42.6572554],[23.2405702,42.6572404],[23.2406626,42.6572332],[23.2411856,42.6571922],[23.2414909,42.6571775],[23.2416833,42.657168],[23.2418922,42.6571576],[23.2420317,42.6571507],[23.2424309,42.6571317],[23.2427882,42.6571202],[23.2428693,42.6571146],[23.2429538,42.6571087],[23.2430394,42.6570996],[23.2431238,42.6570906],[23.2432082,42.6570784],[23.2434531,42.6570386],[23.2436908,42.6569945],[23.2437467,42.6569793],[23.2439435,42.6569289],[23.2442137,42.6568706],[23.2445162,42.656797],[23.2447968,42.6567449],[23.2452666,42.6566358],[23.2455906,42.6565704],[23.2459127,42.6565],[23.2460163,42.6564763],[23.2460633,42.6564644],[23.2461098,42.6564533],[23.2461833,42.6564354],[23.2463106,42.6567047],[23.2463817,42.6569157],[23.246376,42.6573601],[23.2463923,42.6576772],[23.2463886,42.6579669],[23.2463913,42.6588733],[23.2463616,42.6593704],[23.2472684,42.6596918],[23.2473377,42.6597495],[23.2479399,42.660141],[23.2480392,42.6602448],[23.2480213,42.6602633],[23.2479897,42.6602961],[23.2479582,42.6603288],[23.2478563,42.6604629],[23.2478501,42.6604732],[23.2478023,42.6605527],[23.2477949,42.660565],[23.2477595,42.6606121],[23.2477498,42.6606302],[23.2477635,42.660759],[23.2477516,42.6607778],[23.2477143,42.6608365],[23.2476634,42.6610525],[23.2476084,42.6612419],[23.2475805,42.6613922],[23.2475967,42.661551],[23.247667,42.661785],[23.2475488,42.6619338],[23.2465416,42.6615788],[23.2458188,42.661345],[23.2454594,42.6613371],[23.2448666,42.6613569],[23.2446332,42.6613135],[23.24442,42.6611488],[23.2440351,42.6608223],[23.2438702,42.6607109],[23.2435617,42.6606389],[23.242863,42.6605373],[23.2423869,42.660491],[23.2403236,42.6598068],[23.2401171,42.6598121],[23.2401051,42.6598075],[23.2400952,42.6598036],[23.240063,42.6597911],[23.2396095,42.6596357],[23.2395962,42.6596312],[23.2391857,42.6594906],[23.2389973,42.6594576],[23.2385433,42.6594873],[23.23833,42.6594874],[23.2380896,42.6594864],[23.2379213,42.6594679],[23.2379121,42.6595021],[23.2379221,42.6595389],[23.237928,42.6595605],[23.2379546,42.6596287],[23.2380328,42.6597503],[23.2379,42.6596885],[23.2376901,42.6595859],[23.2376727,42.659577],[23.2373807,42.6594268],[23.2372479,42.6593551],[23.2370933,42.6592716],[23.2367112,42.6590865],[23.2366272,42.6590595],[23.2359607,42.6595241],[23.2354145,42.6596882],[23.2351375,42.6594458],[23.2349648,42.6593041],[23.2345063,42.6589277],[23.2337907,42.6585777],[23.2327353,42.6582328],[23.2296418,42.6574529],[23.2273024,42.6568631],[23.2271958,42.6568362],[23.225818,42.6564587],[23.2254126,42.656296],[23.2252278,42.6562219],[23.2246157,42.6559224],[23.2234742,42.6552455],[23.2232183,42.6550938],[23.2223832,42.6546014],[23.2212954,42.6539601],[23.2211956,42.6537487],[23.2210809,42.653734],[23.2210372,42.653716],[23.2209127,42.6536299],[23.2207967,42.6535344],[23.2205657,42.6533966],[23.2203879,42.6532964],[23.220216,42.653219],[23.2200283,42.6531559],[23.2197815,42.6530622],[23.2195884,42.6529665],[23.2191204,42.6528018],[23.2187703,42.6526666],[23.2164182,42.6515109],[23.2102889,42.64864],[23.2091665,42.6473664]]]}},{"type":"Feature","id":"relation/14580133","properties":{"id":"osm-relation-14580133","name":"Krasno Selo"},"geometry":{"type":"Polygon","coordinates":[[[23.2767343,42.6695673],[23.2768013,42.6695446],[23.2768431,42.6695295],[23.2772304,42.669381],[23.2774909,42.6692729],[23.2775228,42.6692597],[23.2777509,42.6691534],[23.2779059,42.6690605],[23.2780829,42.6689544],[23.2785445,42.6686932],[23.278568,42.6686799],[23.278621,42.6686499],[23.2790566,42.6684375],[23.2790922,42.6684201],[23.2793085,42.6683211],[23.2794229,42.6684409],[23.2794449,42.6684637],[23.2796712,42.6687],[23.2798208,42.6688563],[23.2798736,42.6689115],[23.2800512,42.6690969],[23.2801842,42.6692312],[23.2804062,42.6694554],[23.2805189,42.6695546],[23.2807589,42.6697218],[23.2809199,42.669834],[23.2812845,42.670088],[23.2815915,42.6703019],[23.2816397,42.6703355],[23.2816557,42.6703466],[23.2818947,42.6705131],[23.2823796,42.670851],[23.2826426,42.6710343],[23.282874,42.6711942],[23.2829135,42.6712208],[23.2829842,42.6712693],[23.2830476,42.671316],[23.2831019,42.6713528],[23.2832599,42.6714635],[23.2833595,42.6715333],[23.2834961,42.6716287],[23.2836568,42.6717411],[23.2838897,42.6719038],[23.2841024,42.6720513],[23.2845337,42.6723546],[23.2846005,42.6723998],[23.2846517,42.6724347],[23.284947,42.672643],[23.2855726,42.6730862],[23.2856227,42.6731217],[23.2859597,42.6733604],[23.2863248,42.6736257],[23.286529,42.6737741],[23.2865453,42.6737859],[23.2866331,42.6738497],[23.2867494,42.6737876],[23.2867977,42.6737618],[23.2868701,42.6737232],[23.2869274,42.6736924],[23.2872961,42.6734939],[23.2874543,42.6734087],[23.2875,42.6733841],[23.2875178,42.6733745],[23.2878494,42.6731968],[23.2878903,42.6731754],[23.2880072,42.6731143],[23.2881182,42.6730564],[23.2883835,42.672918],[23.2883938,42.6729126],[23.2884069,42.6729057],[23.2884384,42.6728894],[23.2884454,42.6728857],[23.2885344,42.6728395],[23.2885562,42.6728279],[23.2885608,42.6728255],[23.2885992,42.6728052],[23.2886462,42.6727803],[23.2888495,42.6726726],[23.2888681,42.6726628],[23.2888986,42.6726467],[23.2891638,42.6725063],[23.2891832,42.6724946],[23.2892899,42.6724301],[23.2894094,42.6723576],[23.2894807,42.6723144],[23.2896108,42.6722354],[23.2897533,42.672149],[23.2897652,42.6721418],[23.2897814,42.6721319],[23.2898094,42.6721149],[23.2900289,42.6719817],[23.2901915,42.671883],[23.2904735,42.6717119],[23.2905328,42.6716759],[23.2905969,42.6717113],[23.2906256,42.6717271],[23.2908555,42.6718538],[23.2908817,42.6718681],[23.2909238,42.671891],[23.2909655,42.6719144],[23.2909775,42.6719211],[23.2910124,42.6719408],[23.2911046,42.671993],[23.2911317,42.6720084],[23.2911616,42.6720253],[23.2911688,42.6720294],[23.2912881,42.6720982],[23.2913381,42.6720676],[23.2914824,42.6719794],[23.2915263,42.6719518],[23.2916343,42.6718841],[23.2916882,42.6718508],[23.291823,42.6717675],[23.2918671,42.671741],[23.2920406,42.6716368],[23.2922006,42.6715408],[23.2927892,42.6712235],[23.2935036,42.6719475],[23.294205,42.6716066],[23.2943197,42.6717265],[23.2944982,42.6719177],[23.2944237,42.6719963],[23.2943996,42.6720218],[23.2943265,42.6720989],[23.29414,42.6722265],[23.2938091,42.6724586],[23.2935716,42.6726228],[23.2934355,42.6727108],[23.2932135,42.6728419],[23.2930254,42.6729776],[23.2928974,42.67307],[23.2927146,42.6731958],[23.2922376,42.6735324],[23.2919721,42.6737149],[23.2915959,42.6739865],[23.2915456,42.6740197],[23.2914286,42.6740967],[23.2908921,42.6744705],[23.2906324,42.6746574],[23.2905999,42.6746801],[23.2903368,42.6748634],[23.2902935,42.6748936],[23.2901486,42.6749951],[23.2898772,42.6751868],[23.2897674,42.6752644],[23.2893664,42.6755502],[23.2893251,42.6755779],[23.2892218,42.6756471],[23.2891864,42.6756708],[23.2887883,42.6759382],[23.2887678,42.675953],[23.2886647,42.6760272],[23.2885526,42.676108],[23.2885347,42.6761209],[23.2880897,42.6764407],[23.2878417,42.6766312],[23.2877148,42.6767197],[23.2876037,42.6767973],[23.2874491,42.6769052],[23.287061,42.6771761],[23.2869364,42.6772638],[23.2868591,42.6773182],[23.2866295,42.6774797],[23.2864544,42.6776029],[23.2864153,42.6776304],[23.2861287,42.677832],[23.2859121,42.6779841],[23.2856379,42.6781771],[23.285051,42.6785932],[23.2848111,42.678755],[23.2847425,42.6787085],[23.284658,42.678658],[23.2845962,42.6786262],[23.2841428,42.6783743],[23.2816372,42.6769606],[23.2815757,42.6769251],[23.28152,42.6768911],[23.2814745,42.6768657],[23.2814042,42.6768236],[23.2793846,42.6756793],[23.2792429,42.6756008],[23.2792865,42.6754967],[23.2792885,42.6754754],[23.2792842,42.6754529],[23.27926,42.6753798],[23.2792393,42.675336],[23.2792309,42.6753194],[23.2791561,42.6751643],[23.2791283,42.6751065],[23.2790029,42.6748461],[23.2788699,42.6745701],[23.278805,42.6744355],[23.2781695,42.673116],[23.278061,42.6728908],[23.2779116,42.6725807],[23.2778184,42.6723871],[23.277667,42.672073],[23.2775442,42.671818],[23.2775085,42.67174],[23.2772929,42.6712959],[23.277199,42.6711012],[23.2771136,42.670924],[23.2771082,42.6709053],[23.2769963,42.67056],[23.2769632,42.6704578],[23.2768562,42.6700457],[23.2767834,42.6697545],[23.2767686,42.6697002],[23.2767673,42.6696921],[23.2767343,42.6695673]]]}},{"type":"Feature","id":"relation/16858300","properties":{"id":"osm-relation-16858300","name":"Krastova Vada"},"geometry":{"type":"Polygon","coordinates":[[[23.2988284,42.6473411],[23.3018954,42.6460754],[23.3020984,42.6459897],[23.302684,42.6457417],[23.3032592,42.6455012],[23.3043142,42.6450752],[23.305742,42.644498],[23.3079699,42.6435765],[23.3083541,42.643411],[23.3088388,42.6432262],[23.3124634,42.641719],[23.3135971,42.6412476],[23.316065,42.6402632],[23.3172473,42.6397856],[23.3174226,42.6397143],[23.3176138,42.6399222],[23.3177336,42.6402621],[23.3177488,42.640484],[23.3181288,42.6408929],[23.3189335,42.6439629],[23.3202531,42.6473287],[23.3204569,42.6484691],[23.3206608,42.6504655],[23.3207309,42.6506885],[23.3208405,42.6508226],[23.3208247,42.6510633],[23.3209156,42.6514124],[23.3210608,42.6515427],[23.3210822,42.6516137],[23.3210125,42.6516848],[23.3210715,42.6518998],[23.3211623,42.6520951],[23.3213407,42.6523905],[23.3214024,42.6525759],[23.3214211,42.6526903],[23.3213809,42.6527515],[23.321389,42.6528304],[23.3214533,42.6529172],[23.3214319,42.6530257],[23.3214185,42.6532703],[23.3214426,42.6534814],[23.3214533,42.6535761],[23.3215365,42.653653],[23.3216223,42.653795],[23.3215633,42.6539489],[23.3214694,42.6540475],[23.3215204,42.654373],[23.3220005,42.6556552],[23.3221668,42.6560497],[23.3222472,42.6563123],[23.3222892,42.6565162],[23.3223451,42.6567696],[23.3216585,42.6567817],[23.3215918,42.6567828],[23.3213954,42.6567863],[23.3211707,42.6567913],[23.3211,42.6567925],[23.3202067,42.6568072],[23.3193695,42.656822],[23.3189429,42.6568295],[23.3184833,42.6568372],[23.3174059,42.6568566],[23.3167779,42.6568676],[23.3163166,42.6568759],[23.3162285,42.6568768],[23.3160071,42.6568812],[23.315769,42.6568848],[23.3151933,42.6568978],[23.3150809,42.6569001],[23.3146882,42.6569081],[23.3144112,42.6569136],[23.3134717,42.6569285],[23.313192,42.6569317],[23.3131114,42.6569314],[23.3129685,42.6569341],[23.3129551,42.6570028],[23.3129376,42.657085],[23.3129307,42.657119],[23.312859,42.6574766],[23.3128553,42.6574965],[23.3128414,42.6576118],[23.3126063,42.6575372],[23.3122191,42.657446],[23.3117499,42.6573656],[23.3112876,42.6572863],[23.310974,42.6572355],[23.3108001,42.657219],[23.3106348,42.6572132],[23.3104832,42.6572168],[23.3100652,42.6572374],[23.3099549,42.657248],[23.3097526,42.6572739],[23.309457,42.6573205],[23.3093766,42.657337],[23.3092305,42.657367],[23.3089787,42.6574188],[23.3087561,42.6574794],[23.3085382,42.6575492],[23.3083099,42.6576289],[23.3080619,42.6577394],[23.3076031,42.657968],[23.3072967,42.6581366],[23.3070864,42.6582788],[23.3069797,42.6583636],[23.3068767,42.6584494],[23.3066866,42.6586292],[23.3065675,42.6587418],[23.3064486,42.6588543],[23.3063456,42.6589673],[23.3063185,42.6590028],[23.3062222,42.659129],[23.3061561,42.6592155],[23.3061476,42.6592267],[23.3061129,42.6592722],[23.3059674,42.659463],[23.3058263,42.6596478],[23.3056964,42.6598182],[23.3054432,42.6601471],[23.3052657,42.6603775],[23.304965,42.6607795],[23.3047162,42.6610998],[23.3044683,42.6614188],[23.3041414,42.6618262],[23.3036387,42.6624387],[23.3038138,42.6618623],[23.3041947,42.6604461],[23.3038782,42.6594184],[23.303905,42.659022],[23.3041365,42.6580087],[23.3040904,42.6573382],[23.3039008,42.6573929],[23.3037244,42.6574491],[23.3033557,42.6575801],[23.3031747,42.6576504],[23.3030842,42.6576902],[23.3030488,42.6577023],[23.3028127,42.6578026],[23.3027791,42.6578169],[23.3027153,42.6576864],[23.3026702,42.6576142],[23.3026437,42.6575845],[23.302507,42.6574514],[23.3024067,42.6573353],[23.3023475,42.657247],[23.3023185,42.6572038],[23.3021723,42.6569176],[23.3020439,42.6566891],[23.3016946,42.6565931],[23.3016458,42.6565409],[23.3017194,42.6564725],[23.3017424,42.6562201],[23.3017531,42.6561021],[23.3018114,42.6559748],[23.301764,42.6559187],[23.3017015,42.6558071],[23.3014145,42.6549155],[23.3014002,42.6548054],[23.3013582,42.6545881],[23.301208,42.6542212],[23.3011597,42.6538621],[23.3010792,42.6537359],[23.3007949,42.6528482],[23.3008553,42.65167],[23.3008371,42.650347],[23.3007099,42.6495051],[23.3004556,42.6487033],[23.2988284,42.6473411]]]}},{"type":"Feature","id":"relation/14580281","properties":{"id":"osm-relation-14580281","name":"Kriva Reka"},"geometry":{"type":"Polygon","coordinates":[[[23.3001749,42.6869878],[23.300255,42.6869044],[23.3002812,42.6868771],[23.3003271,42.6868293],[23.3003611,42.6867908],[23.3003834,42.6867687],[23.3004922,42.6866599],[23.3005725,42.6865703],[23.300642,42.6864853],[23.3007701,42.6862902],[23.3008465,42.6861646],[23.3009245,42.6860311],[23.3010008,42.6858728],[23.3010657,42.6856948],[23.3011025,42.6855728],[23.3011111,42.6855442],[23.3011514,42.685371],[23.3012286,42.6849696],[23.3012839,42.6845693],[23.3012962,42.684481],[23.3013962,42.6844958],[23.3014527,42.6845071],[23.3014834,42.6845128],[23.3021542,42.6846906],[23.3023339,42.6847374],[23.3023842,42.6847505],[23.30286,42.684874],[23.3033419,42.6850005],[23.3043125,42.6852611],[23.304388,42.6852809],[23.3049746,42.6854376],[23.3058561,42.6856716],[23.3059394,42.6856932],[23.3064116,42.685815],[23.3066226,42.6858694],[23.3068494,42.6859279],[23.3075834,42.6861222],[23.3076393,42.686137],[23.3077823,42.6861749],[23.307903,42.6862039],[23.3088615,42.6864508],[23.3095699,42.6866344],[23.3097357,42.6866839],[23.3098709,42.6867356],[23.3100067,42.6867882],[23.3101565,42.6868585],[23.3102221,42.6868924],[23.3102556,42.686909],[23.3103935,42.6869926],[23.310277,42.6870843],[23.3102457,42.6871089],[23.3100585,42.6872563],[23.3098847,42.6873932],[23.3098524,42.6874186],[23.3094152,42.6877629],[23.3090774,42.6880288],[23.3087149,42.6883143],[23.3086515,42.6883664],[23.3082579,42.688674],[23.3081829,42.6887331],[23.3077771,42.6890526],[23.3075333,42.6892445],[23.306999,42.6896652],[23.3068937,42.6897481],[23.3068301,42.6897982],[23.3066192,42.6899642],[23.306579,42.6899965],[23.3065401,42.6900264],[23.3064884,42.6900671],[23.306482,42.6900721],[23.3064514,42.6900961],[23.3064268,42.6901154],[23.3063541,42.6901729],[23.3061837,42.6900947],[23.3061544,42.6900794],[23.3057753,42.6898801],[23.3041457,42.6890203],[23.3033405,42.6886091],[23.3028768,42.6883722],[23.3027831,42.6883243],[23.3026755,42.6882693],[23.3022218,42.6880367],[23.3017861,42.6878133],[23.3014727,42.6876542],[23.3011165,42.6874765],[23.3007668,42.687295],[23.3004171,42.6871135],[23.3003447,42.6870759],[23.3003016,42.6870529],[23.3001749,42.6869878]]]}},{"type":"Feature","id":"relation/14580363","properties":{"id":"osm-relation-14580363","name":"Lagera"},"geometry":{"type":"Polygon","coordinates":[[[23.2802885,42.6814536],[23.2805529,42.6811924],[23.2810301,42.6808264],[23.2812115,42.6807159],[23.2816137,42.6804754],[23.2818596,42.6803471],[23.2819156,42.6803191],[23.2820298,42.6802668],[23.2824421,42.6800643],[23.2826905,42.6799437],[23.2828117,42.6798869],[23.282894,42.6798484],[23.2835406,42.6794943],[23.2839951,42.6792397],[23.2843197,42.6790575],[23.2845858,42.6789015],[23.2848111,42.678755],[23.2848952,42.6787943],[23.2850107,42.6788582],[23.285052,42.6788825],[23.2854446,42.6791096],[23.2895777,42.6813968],[23.2895929,42.681405],[23.2896308,42.6814255],[23.28965,42.6814359],[23.2896633,42.6814431],[23.2925182,42.682971],[23.2929229,42.6831889],[23.2929476,42.6832021],[23.2930772,42.6832714],[23.2931831,42.6833272],[23.2936801,42.683589],[23.2961737,42.6849024],[23.29684,42.6852533],[23.2968636,42.6852657],[23.2969759,42.6853248],[23.2970597,42.6853691],[23.2970866,42.6853819],[23.2989879,42.6863621],[23.299601,42.6866881],[23.2996385,42.686708],[23.2997341,42.6867578],[23.2997986,42.6867917],[23.3000999,42.6869487],[23.3001749,42.6869878],[23.3000684,42.6870772],[23.300036,42.687103],[23.3,42.6871313],[23.2997117,42.6873702],[23.2991217,42.6878691],[23.2987439,42.6882418],[23.297741,42.6892956],[23.2974453,42.6896346],[23.2973024,42.6897391],[23.2970127,42.6901054],[23.295815,42.6897209],[23.2949676,42.6895918],[23.2936667,42.6893139],[23.2918453,42.6891316],[23.291764,42.6892542],[23.2907145,42.6890986],[23.2906769,42.6891794],[23.2901576,42.6890914],[23.2895458,42.6889799],[23.2889002,42.6889189],[23.2884962,42.6888958],[23.2877754,42.6884371],[23.2874397,42.6878151],[23.2871912,42.6867982],[23.2866069,42.685954],[23.2846728,42.6844039],[23.2806098,42.681659],[23.2802885,42.6814536]]]}},{"type":"Feature","id":"relation/15789061","properties":{"id":"osm-relation-15789061","name":"Leo Tolstoy"},"geometry":{"type":"Polygon","coordinates":[[[23.304892,42.7243285],[23.3051823,42.724053],[23.3052263,42.7240112],[23.30534,42.7239074],[23.3060937,42.7232101],[23.3068676,42.7225726],[23.3075864,42.7220997],[23.3082355,42.7217273],[23.3090509,42.7213618],[23.3106767,42.7206833],[23.3107711,42.7209606],[23.310816,42.7210877],[23.3112695,42.7224299],[23.3113433,42.7226522],[23.3115515,42.7232877],[23.3117035,42.7239781],[23.3118184,42.7245182],[23.312039,42.7256126],[23.3121889,42.7263561],[23.3123268,42.7269526],[23.3123347,42.7269866],[23.3123626,42.7271075],[23.3123822,42.7271921],[23.3123901,42.7272265],[23.3125189,42.7277849],[23.312681,42.7284847],[23.3131044,42.7304322],[23.3132436,42.7310036],[23.3132576,42.7310609],[23.3132904,42.7311962],[23.3133379,42.7314019],[23.3133867,42.7316136],[23.3134061,42.7316975],[23.3134204,42.7317592],[23.3132253,42.7318563],[23.3131687,42.7318854],[23.3127228,42.732115],[23.3125247,42.732221],[23.3124784,42.7322458],[23.3124101,42.7322811],[23.3108852,42.7330686],[23.3108716,42.7330427],[23.3108559,42.7330104],[23.3107952,42.7328859],[23.3105034,42.7322872],[23.3102235,42.7317131],[23.3101255,42.7315217],[23.309997,42.7312833],[23.3099314,42.7311617],[23.3098694,42.7310467],[23.3098279,42.7309698],[23.3097313,42.7307743],[23.3094299,42.7300869],[23.3090963,42.7294899],[23.3089913,42.7292774],[23.3089394,42.7291723],[23.3088093,42.7289091],[23.3085651,42.7284908],[23.3084829,42.72835],[23.3083353,42.7281046],[23.3082939,42.7280357],[23.3082603,42.7279626],[23.3082406,42.7279199],[23.308222,42.7278794],[23.3080549,42.7275276],[23.3078441,42.7270967],[23.3077029,42.7268082],[23.3076374,42.7266743],[23.3074995,42.7263896],[23.3073458,42.7260723],[23.3072201,42.7258104],[23.3071738,42.7257139],[23.3070781,42.7255145],[23.3061192,42.7249898],[23.3052249,42.7245079],[23.3049753,42.7243734],[23.304892,42.7243285]]]}},{"type":"Feature","id":"relation/16890886","properties":{"id":"osm-relation-16890886","name":"Levski Zona G"},"geometry":{"type":"Polygon","coordinates":[[[23.37269,42.7172283],[23.372815,42.7168503],[23.372885,42.7166384],[23.3732524,42.7155493],[23.3737775,42.7137833],[23.3741535,42.71267],[23.3743828,42.7119265],[23.3751559,42.7096177],[23.3751805,42.7095439],[23.3751891,42.7095409],[23.3773292,42.7099356],[23.377641,42.7099932],[23.3782236,42.710095],[23.378231,42.7100983],[23.3784733,42.7101434],[23.3793719,42.7103106],[23.3802428,42.710471],[23.3803955,42.7104997],[23.3805665,42.7105295],[23.3806333,42.7105428],[23.3812351,42.7106535],[23.381403,42.7106799],[23.3816697,42.7107219],[23.382107,42.7107665],[23.3824619,42.7107854],[23.382847,42.7107901],[23.3832297,42.7107788],[23.383849,42.7107194],[23.3843023,42.7106659],[23.3844932,42.7106444],[23.384686,42.7106215],[23.3847305,42.7106146],[23.3849932,42.7105851],[23.3852559,42.7105556],[23.3863514,42.7104326],[23.3870354,42.7103543],[23.3872186,42.7103345],[23.3880659,42.7102387],[23.3882508,42.7102172],[23.3883998,42.7102018],[23.3884619,42.7101954],[23.388981,42.7101359],[23.3901301,42.7100041],[23.3903071,42.7099838],[23.3909794,42.7099074],[23.3921323,42.7097766],[23.3921352,42.7099265],[23.392223,42.7100092],[23.3920113,42.7147483],[23.3892069,42.7149264],[23.3888848,42.7150998],[23.386028,42.7153339],[23.3862167,42.7159081],[23.385401,42.7159604],[23.3853824,42.7158731],[23.384367,42.7159658],[23.384271,42.7156243],[23.3815626,42.7158926],[23.381451,42.7162209],[23.3809124,42.7162541],[23.3809438,42.7163225],[23.380671,42.7163718],[23.3806251,42.7162702],[23.379231,42.7163578],[23.3773669,42.7163697],[23.3755644,42.7163165],[23.3753255,42.7162812],[23.3743689,42.7163183],[23.3741117,42.7173006],[23.3728175,42.7172893],[23.37269,42.7172283]]]}},{"type":"Feature","id":"relation/16890848","properties":{"id":"osm-relation-16890848","name":"Levski Zona V"},"geometry":{"type":"Polygon","coordinates":[[[23.3751805,42.7095439],[23.3752299,42.7093825],[23.3760011,42.7069339],[23.3761645,42.7069463],[23.3762694,42.706953],[23.3763566,42.7069586],[23.3769844,42.7069986],[23.3781427,42.7070589],[23.3782034,42.7070626],[23.3786581,42.7070902],[23.3794166,42.7071295],[23.3796272,42.7071347],[23.3797518,42.7071377],[23.3798631,42.7071325],[23.3798799,42.7071318],[23.3803621,42.7071064],[23.3811286,42.70705],[23.3817579,42.7069517],[23.382268,42.7068176],[23.3824686,42.7067304],[23.3825754,42.7066768],[23.3826438,42.7066441],[23.3826547,42.7066389],[23.3838297,42.7060771],[23.3851452,42.7054308],[23.3852568,42.705376],[23.3857045,42.7051426],[23.3860344,42.7048688],[23.3862457,42.7045925],[23.3863358,42.7044484],[23.386415,42.7042526],[23.386448,42.7041585],[23.3864646,42.704111],[23.3866321,42.7036299],[23.386718,42.7033826],[23.3867728,42.7032283],[23.3868039,42.7031355],[23.3868189,42.7030926],[23.3868475,42.70301],[23.3886495,42.70334],[23.3895538,42.7035025],[23.3914347,42.703849],[23.3918572,42.7039282],[23.3920085,42.7045331],[23.3920344,42.7048781],[23.3919832,42.705865],[23.3920104,42.7066385],[23.3921003,42.7080473],[23.3921312,42.7097091],[23.3921323,42.7097766],[23.3909794,42.7099074],[23.3903071,42.7099838],[23.3901301,42.7100041],[23.388981,42.7101359],[23.3884619,42.7101954],[23.3883998,42.7102018],[23.3882508,42.7102172],[23.3880659,42.7102387],[23.3872186,42.7103345],[23.3870354,42.7103543],[23.3863514,42.7104326],[23.3852559,42.7105556],[23.3849932,42.7105851],[23.3847305,42.7106146],[23.384686,42.7106215],[23.3844932,42.7106444],[23.3843023,42.7106659],[23.383849,42.7107194],[23.3832297,42.7107788],[23.382847,42.7107901],[23.3824619,42.7107854],[23.382107,42.7107665],[23.3816697,42.7107219],[23.381403,42.7106799],[23.3812351,42.7106535],[23.3806333,42.7105428],[23.3805665,42.7105295],[23.3803955,42.7104997],[23.3802428,42.710471],[23.3793719,42.7103106],[23.3784733,42.7101434],[23.378231,42.7100983],[23.3782236,42.710095],[23.377641,42.7099932],[23.3773292,42.7099356],[23.3751891,42.7095409],[23.3751805,42.7095439]]]}},{"type":"Feature","id":"relation/16863633","properties":{"id":"osm-relation-16863633","name":"Lozenets"},"geometry":{"type":"Polygon","coordinates":[[[23.3094856,42.6724549],[23.309488,42.6724038],[23.3095096,42.6723738],[23.3095539,42.672351],[23.3096929,42.6723071],[23.309873,42.6722705],[23.3100623,42.6722415],[23.3101692,42.6722246],[23.3102696,42.6721998],[23.3103936,42.6721481],[23.3105224,42.6720754],[23.3107339,42.6719327],[23.3107832,42.6719601],[23.3108278,42.6719849],[23.3111035,42.6721383],[23.311186,42.6720756],[23.3112413,42.6720612],[23.3113365,42.6720576],[23.3114771,42.6720427],[23.3116584,42.6720226],[23.3118189,42.6719739],[23.3120388,42.6719128],[23.3121951,42.6718393],[23.3122944,42.6717908],[23.3123547,42.6717243],[23.3126694,42.6715751],[23.3128898,42.6714706],[23.3134797,42.6710366],[23.3137465,42.6708632],[23.3139177,42.6707651],[23.3139192,42.6703874],[23.3139199,42.6702433],[23.3139076,42.6699608],[23.3139039,42.6698944],[23.313903,42.6698799],[23.3138733,42.6694109],[23.3138781,42.6692974],[23.3139081,42.6691667],[23.3140326,42.6684004],[23.3140327,42.668324],[23.314033,42.6680409],[23.3140025,42.6677731],[23.3139758,42.6675383],[23.3139465,42.6672851],[23.3139427,42.6672481],[23.3138724,42.6664498],[23.3138694,42.6664154],[23.3138644,42.6663585],[23.3138488,42.6662661],[23.3138391,42.666209],[23.3137328,42.665618],[23.3137206,42.6654813],[23.3137012,42.663994],[23.3136997,42.6639522],[23.3136973,42.6638873],[23.3142447,42.6640242],[23.3157112,42.6644011],[23.3167987,42.6646806],[23.317189,42.6647809],[23.3173308,42.6648174],[23.3174137,42.6648374],[23.317519,42.6648657],[23.3175398,42.6648711],[23.3175604,42.6648766],[23.3178632,42.6649659],[23.3186543,42.6652102],[23.3189515,42.6653001],[23.3200779,42.6656537],[23.3207322,42.6658533],[23.3211511,42.665983],[23.3229088,42.6665279],[23.3243421,42.66697],[23.3253464,42.6672799],[23.3254996,42.6673273],[23.3256214,42.6673648],[23.3260095,42.6674833],[23.3263307,42.667581],[23.326372,42.6675937],[23.3265303,42.6676418],[23.3272865,42.6678811],[23.3276089,42.6679819],[23.3281778,42.6681581],[23.3288835,42.6683771],[23.3293526,42.6685226],[23.3294444,42.6685503],[23.3294736,42.6685601],[23.3305301,42.668884],[23.3308761,42.6689942],[23.3311223,42.6690749],[23.3315434,42.6692159],[23.3318344,42.6693226],[23.3320576,42.6694146],[23.3322179,42.6694927],[23.3324191,42.6695893],[23.3326793,42.6697385],[23.3328915,42.6698742],[23.3330691,42.6699934],[23.3332621,42.6701481],[23.3334729,42.6703247],[23.3343455,42.6710192],[23.3349257,42.6714685],[23.3355683,42.6720007],[23.3357046,42.6721124],[23.3359743,42.6723395],[23.3360166,42.6723737],[23.3361748,42.6725019],[23.3359848,42.6727233],[23.3359121,42.6728078],[23.3358909,42.6728301],[23.3358073,42.6729179],[23.3357806,42.6729459],[23.3356205,42.6731141],[23.3346452,42.6741389],[23.3343179,42.6744844],[23.3341936,42.67462],[23.3341515,42.6748354],[23.3341337,42.6750608],[23.3341069,42.6753996],[23.3340865,42.6756009],[23.3340535,42.6759272],[23.3340018,42.6761393],[23.333906,42.6762304],[23.3338085,42.676317],[23.3340774,42.6763782],[23.3342007,42.6763852],[23.3342411,42.6763875],[23.3351904,42.6764417],[23.3358835,42.6764813],[23.336048,42.6764907],[23.3361256,42.6764951],[23.3361204,42.676551],[23.3361066,42.676697],[23.3360838,42.6769365],[23.3360234,42.6775721],[23.336004,42.6778098],[23.33597,42.6782276],[23.3359374,42.6786184],[23.3358534,42.6796244],[23.335717,42.6812664],[23.3357126,42.6813205],[23.3356833,42.6816832],[23.3356638,42.6819235],[23.3356473,42.6822661],[23.335646,42.6822773],[23.3356789,42.682484],[23.3355352,42.6826052],[23.3354987,42.6826364],[23.3354028,42.6827185],[23.3352816,42.6828223],[23.334929,42.6831242],[23.3346661,42.6833492],[23.333781,42.6840833],[23.3333721,42.6844205],[23.3333277,42.6844588],[23.3332522,42.6845222],[23.3328979,42.684819],[23.3328284,42.6848774],[23.3324289,42.6852098],[23.3320449,42.6855297],[23.3314095,42.6860523],[23.3313807,42.6860746],[23.3312223,42.6862005],[23.33121,42.6862101],[23.3311509,42.686256],[23.3311096,42.6862881],[23.331067,42.6863227],[23.3308162,42.6865333],[23.3307609,42.6865798],[23.3307107,42.686622],[23.3306927,42.6866107],[23.3306304,42.6865744],[23.3304913,42.6865141],[23.330353,42.6864634],[23.3300598,42.6863651],[23.3299496,42.6863299],[23.3296405,42.6862311],[23.3289032,42.6859926],[23.3288596,42.685979],[23.3282909,42.6857914],[23.3278476,42.685644],[23.3274669,42.6855175],[23.3270233,42.6853741],[23.3260548,42.6850565],[23.3259851,42.6850348],[23.3259424,42.6850214],[23.3258316,42.6849857],[23.324957,42.6847013],[23.3239415,42.6843713],[23.3236997,42.6842927],[23.3236711,42.6842834],[23.3236131,42.684265],[23.3233117,42.6841666],[23.3223786,42.6838623],[23.3216955,42.6836371],[23.3213717,42.683525],[23.3209828,42.6833951],[23.3208067,42.6833383],[23.3208187,42.6831841],[23.3208222,42.683165],[23.3208478,42.6830255],[23.3208697,42.6829211],[23.320926,42.6827433],[23.3209721,42.68259],[23.3210422,42.6823661],[23.3211161,42.6821395],[23.3211602,42.6819371],[23.3217946,42.6788455],[23.3218186,42.678652],[23.321778,42.6784701],[23.3215738,42.678466],[23.3214311,42.6784433],[23.3213847,42.6784297],[23.320762,42.6782425],[23.3203919,42.6781214],[23.3202125,42.6780632],[23.3200714,42.6780174],[23.3197324,42.6778879],[23.3194257,42.6777308],[23.3193198,42.6776759],[23.3186387,42.6773163],[23.3179805,42.6769749],[23.3168052,42.676359],[23.3166392,42.676272],[23.3158553,42.675863],[23.3150702,42.6754615],[23.3150444,42.6754479],[23.314758,42.6752971],[23.3147276,42.6752812],[23.3145588,42.675192],[23.3144514,42.6751349],[23.3142254,42.6750148],[23.3140083,42.6749048],[23.3137541,42.6747697],[23.3136708,42.6747258],[23.3133785,42.6745716],[23.3133034,42.6745331],[23.3130902,42.6744246],[23.3128676,42.6743379],[23.3126047,42.6742748],[23.3123124,42.6742393],[23.3122329,42.6742331],[23.3121757,42.6742287],[23.312016,42.6742185],[23.3120479,42.6741082],[23.3120728,42.6740832],[23.3122462,42.6739143],[23.3121731,42.6738758],[23.3120606,42.6738165],[23.3119495,42.673758],[23.3117204,42.6736374],[23.3116269,42.6735882],[23.3110586,42.6732874],[23.3109165,42.6732122],[23.3107884,42.6731444],[23.3103717,42.6729239],[23.3102952,42.6728834],[23.3099451,42.6726981],[23.3094856,42.6724549]]]}},{"type":"Feature","id":"relation/14584756","properties":{"id":"osm-relation-14584756","name":"Lyulin - Tsentar"},"geometry":{"type":"Polygon","coordinates":[[[23.2512172,42.7159035],[23.2513731,42.7158176],[23.2513962,42.7158049],[23.2521238,42.7154039],[23.2525793,42.7151547],[23.2529048,42.7149766],[23.2531376,42.7148576],[23.2532109,42.7148221],[23.2532394,42.7148083],[23.2533387,42.7147581],[23.2533952,42.7147279],[23.2534344,42.7147092],[23.2538811,42.7145407],[23.253956,42.7145185],[23.2540286,42.7144971],[23.2541798,42.7144604],[23.2543199,42.7144292],[23.2544412,42.7144012],[23.2545644,42.7143834],[23.2547802,42.714356],[23.2550002,42.7143408],[23.2551558,42.714339],[23.2553035,42.7143382],[23.2554737,42.7143469],[23.2556936,42.7143577],[23.2559699,42.7143824],[23.2561456,42.7143981],[23.2565627,42.7144446],[23.2574647,42.7145452],[23.2576033,42.7145607],[23.2578619,42.714591],[23.2581666,42.7146268],[23.2583705,42.7146514],[23.2583999,42.7146547],[23.2585065,42.7146666],[23.2586131,42.7146784],[23.2587424,42.7146928],[23.2596259,42.7147914],[23.2597717,42.7148075],[23.2601168,42.7148404],[23.2602284,42.7148621],[23.2603578,42.7148968],[23.2604971,42.7149346],[23.260628,42.7149849],[23.2607703,42.7150499],[23.2608705,42.7151081],[23.2611026,42.7152595],[23.2611761,42.7153004],[23.2618761,42.7160271],[23.2612952,42.7163474],[23.2608035,42.7166185],[23.2605645,42.7167503],[23.2603162,42.7168787],[23.2597209,42.7171936],[23.2571437,42.7185475],[23.2567099,42.7187766],[23.2561735,42.7190563],[23.2560762,42.719107],[23.2551199,42.7196121],[23.2550606,42.7196415],[23.2549358,42.719705],[23.2548292,42.719605],[23.2547304,42.7195058],[23.2546949,42.7194668],[23.2543446,42.719079],[23.254312,42.7190422],[23.2542685,42.7189928],[23.2541381,42.7188544],[23.2540165,42.7187253],[23.2539601,42.7186684],[23.2535159,42.7182206],[23.2513701,42.7160583],[23.2512172,42.7159035]]]}},{"type":"Feature","id":"relation/14580395","properties":{"id":"osm-relation-14580395","name":"Lyulin 1"},"geometry":{"type":"Polygon","coordinates":[[[23.2474465,42.7295639],[23.2475503,42.7295115],[23.2475644,42.7295039],[23.2478632,42.729342],[23.2480433,42.7292444],[23.2490631,42.728695],[23.2492064,42.7286179],[23.2493559,42.7285373],[23.2501448,42.7281124],[23.2502315,42.7280657],[23.251782,42.7272304],[23.2519077,42.7271627],[23.2529246,42.7266149],[23.2540213,42.7260242],[23.2546797,42.7256678],[23.25538,42.7252923],[23.2567546,42.7245518],[23.2568916,42.724478],[23.2572855,42.7242658],[23.2575492,42.7241192],[23.2580897,42.7238325],[23.2583889,42.7236642],[23.2584063,42.7236544],[23.2585952,42.7235481],[23.2586926,42.7234933],[23.2588207,42.7236163],[23.260311,42.7251338],[23.2610113,42.7258382],[23.2613609,42.7261615],[23.2617409,42.7265193],[23.2618698,42.7266465],[23.261909,42.7266852],[23.2619923,42.7267684],[23.2618645,42.7268382],[23.2618002,42.7268745],[23.2617312,42.7269134],[23.261585,42.7269954],[23.2615008,42.7270399],[23.261066,42.7272866],[23.260732,42.727474],[23.2605246,42.7275904],[23.2599356,42.7279209],[23.2583315,42.7288134],[23.2580928,42.728939],[23.2580553,42.7289588],[23.2579512,42.7290159],[23.25785,42.7290737],[23.25779,42.729108],[23.2575375,42.7292521],[23.257325,42.7293733],[23.2571918,42.7294493],[23.2568573,42.7296403],[23.2565638,42.7298078],[23.2561486,42.7300448],[23.2557762,42.7302573],[23.2553094,42.7305237],[23.2552904,42.7305346],[23.2551927,42.7305904],[23.2551224,42.7306343],[23.2545833,42.7309712],[23.254462,42.7310451],[23.2540479,42.7312972],[23.2536419,42.7315445],[23.2530735,42.7318863],[23.2530466,42.7319026],[23.2529995,42.7319317],[23.2525071,42.7322357],[23.2522805,42.7323775],[23.2518621,42.7326337],[23.2517082,42.7327174],[23.2512881,42.732946],[23.2511445,42.7330241],[23.2507691,42.7332336],[23.2504546,42.7333996],[23.250444,42.7334052],[23.2503915,42.7334329],[23.2503213,42.7333312],[23.2503,42.7332993],[23.2502027,42.73315],[23.2499489,42.7328114],[23.2498264,42.732648],[23.2497674,42.7325729],[23.2490779,42.7316959],[23.249061,42.7316002],[23.2488301,42.7313106],[23.2487322,42.7312609],[23.2483921,42.7308166],[23.2483128,42.7307183],[23.2481682,42.7305349],[23.2480723,42.7303731],[23.2477021,42.7299011],[23.2475158,42.7296553],[23.2474465,42.7295639]]]}},{"type":"Feature","id":"relation/14584759","properties":{"id":"osm-relation-14584759","name":"Lyulin 10"},"geometry":{"type":"Polygon","coordinates":[[[23.2658573,42.713832],[23.26605,42.7137261],[23.26608,42.7137096],[23.2668719,42.7132749],[23.2670214,42.7131928],[23.2701245,42.7114897],[23.2708953,42.7110701],[23.2710594,42.7111473],[23.271324,42.7112553],[23.2717558,42.7114262],[23.271982,42.7115179],[23.272972,42.7119531],[23.2733937,42.7121549],[23.2736976,42.7123247],[23.2738818,42.7124392],[23.2741409,42.7126121],[23.2741734,42.7126332],[23.2742048,42.7126546],[23.274475,42.7128513],[23.2745928,42.7129411],[23.2750231,42.7133425],[23.2756355,42.713985],[23.2763212,42.7147731],[23.2770445,42.7155912],[23.2770736,42.7156247],[23.2771566,42.7157202],[23.2772157,42.7158831],[23.2772424,42.7159177],[23.2782914,42.717042],[23.2784814,42.7172471],[23.2787169,42.7175018],[23.2787822,42.7175702],[23.278654,42.7176532],[23.2785981,42.7176927],[23.2784728,42.7177767],[23.2781928,42.7179644],[23.2776294,42.718271],[23.2772045,42.7184968],[23.2756657,42.7193236],[23.2754641,42.7194375],[23.2746318,42.7198819],[23.2745169,42.7199445],[23.2739521,42.7202523],[23.2739105,42.7202742],[23.2736855,42.7203923],[23.2735238,42.7204789],[23.2734868,42.7204993],[23.2734262,42.720532],[23.2733507,42.7204534],[23.2733321,42.7204353],[23.2728504,42.7199899],[23.2727097,42.7198479],[23.2726329,42.7197797],[23.2723056,42.7194889],[23.2721841,42.7193592],[23.2719425,42.7191137],[23.2716379,42.7188118],[23.2715674,42.7187279],[23.2715356,42.7186947],[23.2711587,42.7185527],[23.2705816,42.7183352],[23.2703121,42.7182315],[23.2701292,42.7181611],[23.2700371,42.7181075],[23.2699485,42.7180241],[23.2698691,42.7179409],[23.2696846,42.7177474],[23.2696403,42.7177009],[23.2690522,42.7170833],[23.2689808,42.7170091],[23.2680975,42.7161206],[23.2680307,42.7160547],[23.2672505,42.7152693],[23.2669344,42.7149396],[23.2667903,42.7148017],[23.2667077,42.7147135],[23.2663366,42.7143173],[23.2660367,42.7140024],[23.2660118,42.7139763],[23.2658573,42.713832]]]}},{"type":"Feature","id":"relation/14580453","properties":{"id":"osm-relation-14580453","name":"Lyulin 2"},"geometry":{"type":"Polygon","coordinates":[[[23.2433823,42.7259288],[23.2439737,42.7256284],[23.2440244,42.7255796],[23.2441699,42.7254395],[23.2443083,42.7253583],[23.2443256,42.7253481],[23.2447313,42.7251102],[23.2453411,42.7247793],[23.245673,42.7245992],[23.2460084,42.7244172],[23.2464609,42.7241717],[23.2467836,42.7239966],[23.2468989,42.7239341],[23.2471434,42.723803],[23.2477154,42.7234964],[23.2482866,42.7231811],[23.2484181,42.7231102],[23.2492335,42.7226683],[23.2502622,42.7221095],[23.2509136,42.7217558],[23.251533,42.7214186],[23.2515864,42.7213906],[23.2516145,42.7213747],[23.2516785,42.7213406],[23.2517489,42.721302],[23.2521601,42.7210785],[23.2523171,42.7209931],[23.2524336,42.7209298],[23.2527775,42.7207429],[23.2530473,42.7205973],[23.2531047,42.7205667],[23.2531699,42.7205553],[23.2538454,42.720237],[23.2541272,42.7201042],[23.2546053,42.7198663],[23.2547605,42.7197882],[23.2549358,42.719705],[23.2550379,42.7197999],[23.2552886,42.7200638],[23.2557942,42.7206007],[23.2559779,42.7207948],[23.2562609,42.7210746],[23.2573552,42.7221732],[23.2577535,42.7225752],[23.2580392,42.722852],[23.2585223,42.7233289],[23.2585542,42.7233604],[23.2586926,42.7234933],[23.2585952,42.7235481],[23.2584063,42.7236544],[23.2583889,42.7236642],[23.2580897,42.7238325],[23.2575492,42.7241192],[23.2572855,42.7242658],[23.2568916,42.724478],[23.2567546,42.7245518],[23.25538,42.7252923],[23.2546797,42.7256678],[23.2540213,42.7260242],[23.2529246,42.7266149],[23.2519077,42.7271627],[23.251782,42.7272304],[23.2502315,42.7280657],[23.2501448,42.7281124],[23.2493559,42.7285373],[23.2492064,42.7286179],[23.2490631,42.728695],[23.2480433,42.7292444],[23.2478632,42.729342],[23.2475644,42.7295039],[23.2475503,42.7295115],[23.2474465,42.7295639],[23.2473926,42.7296859],[23.2473678,42.7297294],[23.2471946,42.7298769],[23.2471374,42.729903],[23.2470934,42.7299175],[23.2470459,42.7299232],[23.2469979,42.7299197],[23.2469529,42.7299072],[23.2469137,42.7298865],[23.2468832,42.7298591],[23.2468634,42.7298269],[23.2468556,42.7297919],[23.2466425,42.7297591],[23.2461711,42.7292557],[23.2461304,42.7292123],[23.245919,42.7289865],[23.2456932,42.7287454],[23.2456259,42.7286735],[23.2455818,42.7286262],[23.2450945,42.7280554],[23.2448199,42.7277337],[23.2440983,42.7268278],[23.2440663,42.7267876],[23.2440467,42.726763],[23.2439681,42.7266641],[23.2434178,42.7259734],[23.2433823,42.7259288]]]}},{"type":"Feature","id":"relation/14580522","properties":{"id":"osm-relation-14580522","name":"Lyulin 3"},"geometry":{"type":"Polygon","coordinates":[[[23.2401517,42.7218835],[23.2407371,42.7215871],[23.240789,42.7215616],[23.2408122,42.7215502],[23.2409526,42.7214815],[23.2410579,42.721423],[23.2411587,42.7213677],[23.2411712,42.7213608],[23.2415498,42.7211503],[23.2422853,42.7207568],[23.2424041,42.7206924],[23.2427748,42.7204914],[23.2444332,42.7195883],[23.2460268,42.7187171],[23.2464295,42.718497],[23.2465483,42.718432],[23.2467093,42.7183439],[23.2467367,42.7183289],[23.247203,42.718074],[23.2483748,42.7174333],[23.2494756,42.7168357],[23.2497132,42.7167067],[23.2499652,42.7165703],[23.2501412,42.7164744],[23.2503766,42.7163466],[23.2508499,42.7160984],[23.2508942,42.7160751],[23.2510561,42.7159891],[23.2511086,42.7159612],[23.2511557,42.7159362],[23.2512172,42.7159035],[23.2513701,42.7160583],[23.2535159,42.7182206],[23.2539601,42.7186684],[23.2540165,42.7187253],[23.2541381,42.7188544],[23.2542685,42.7189928],[23.254312,42.7190422],[23.2543446,42.719079],[23.2546949,42.7194668],[23.2547304,42.7195058],[23.2548292,42.719605],[23.2549358,42.719705],[23.2547605,42.7197882],[23.2546053,42.7198663],[23.2541272,42.7201042],[23.2538454,42.720237],[23.2531699,42.7205553],[23.2531047,42.7205667],[23.2530473,42.7205973],[23.2527775,42.7207429],[23.2524336,42.7209298],[23.2523171,42.7209931],[23.2521601,42.7210785],[23.2517489,42.721302],[23.2516785,42.7213406],[23.2516145,42.7213747],[23.2515864,42.7213906],[23.251533,42.7214186],[23.2509136,42.7217558],[23.2502622,42.7221095],[23.2492335,42.7226683],[23.2484181,42.7231102],[23.2482866,42.7231811],[23.2477154,42.7234964],[23.2471434,42.723803],[23.2468989,42.7239341],[23.2467836,42.7239966],[23.2464609,42.7241717],[23.2460084,42.7244172],[23.245673,42.7245992],[23.2453411,42.7247793],[23.2447313,42.7251102],[23.2443256,42.7253481],[23.2443083,42.7253583],[23.2441699,42.7254395],[23.2439639,42.7255097],[23.2439216,42.7255241],[23.2438932,42.7255338],[23.2433941,42.7258048],[23.2433327,42.7258382],[23.2432964,42.7257939],[23.2431353,42.7255952],[23.243054,42.7254948],[23.2428014,42.7251832],[23.2427198,42.7250825],[23.2424686,42.7247726],[23.2423914,42.7246773],[23.242108,42.7243276],[23.2419608,42.724146],[23.2413474,42.7233891],[23.2407829,42.7226926],[23.2406603,42.7225413],[23.2401517,42.7218835]]]}},{"type":"Feature","id":"relation/14580871","properties":{"id":"osm-relation-14580871","name":"Lyulin 4"},"geometry":{"type":"Polygon","coordinates":[[[23.2379326,42.7191483],[23.2379393,42.719125],[23.2379432,42.7191128],[23.237946,42.7190991],[23.2379588,42.7190508],[23.2379964,42.7189701],[23.2382043,42.7190134],[23.2383008,42.7190263],[23.2384021,42.7190302],[23.2385087,42.7190263],[23.2386374,42.7189977],[23.2388292,42.7189218],[23.2389824,42.7188421],[23.2390884,42.7187822],[23.2394245,42.7185924],[23.2401136,42.718201],[23.2404754,42.7179955],[23.2410514,42.7176684],[23.2417446,42.7172746],[23.2418581,42.7172084],[23.2420168,42.7170928],[23.2421114,42.7170098],[23.2421886,42.7169232],[23.2422897,42.7167735],[23.2423422,42.7166747],[23.242404,42.7164909],[23.2424533,42.7163445],[23.2424986,42.7162098],[23.2425752,42.7159723],[23.2426257,42.7158504],[23.2426946,42.7157403],[23.2427624,42.7156491],[23.2427923,42.7156089],[23.2428479,42.7155563],[23.2429445,42.7154649],[23.2431291,42.7153403],[23.243546,42.7151083],[23.2437787,42.7149806],[23.2449022,42.7143649],[23.2449882,42.7143177],[23.2463911,42.7135487],[23.2464823,42.7134986],[23.2470568,42.7131837],[23.2475309,42.7129252],[23.2476949,42.7128357],[23.2477304,42.7128163],[23.2478441,42.7127543],[23.2479151,42.7127155],[23.247953,42.7126949],[23.2480251,42.7126555],[23.2481586,42.7127891],[23.2484351,42.7130565],[23.2495844,42.7142396],[23.2504465,42.7151182],[23.2509186,42.7155993],[23.251039,42.715722],[23.2510824,42.7157662],[23.2512172,42.7159035],[23.2511557,42.7159362],[23.2511086,42.7159612],[23.2510561,42.7159891],[23.2508942,42.7160751],[23.2508499,42.7160984],[23.2503766,42.7163466],[23.2501412,42.7164744],[23.2499652,42.7165703],[23.2497132,42.7167067],[23.2494756,42.7168357],[23.2483748,42.7174333],[23.247203,42.718074],[23.2467367,42.7183289],[23.2467093,42.7183439],[23.2465483,42.718432],[23.2464295,42.718497],[23.2460268,42.7187171],[23.2444332,42.7195883],[23.2427748,42.7204914],[23.2424041,42.7206924],[23.2422853,42.7207568],[23.2415498,42.7211503],[23.2411712,42.7213608],[23.2411587,42.7213677],[23.2410579,42.721423],[23.2409526,42.7214815],[23.2408122,42.7215502],[23.240789,42.7215616],[23.2407371,42.7215871],[23.2401517,42.7218835],[23.2396756,42.7212855],[23.2390626,42.7205176],[23.2385933,42.7199298],[23.2384698,42.7197751],[23.2380392,42.7192727],[23.2379326,42.7191483]]]}},{"type":"Feature","id":"relation/14580907","properties":{"id":"osm-relation-14580907","name":"Lyulin 5"},"geometry":{"type":"Polygon","coordinates":[[[23.2356897,42.7151342],[23.2358319,42.7149568],[23.2360491,42.7148465],[23.2364219,42.7148386],[23.2362664,42.7144681],[23.2364649,42.7144149],[23.2365976,42.7142939],[23.236554,42.7141089],[23.2364434,42.712858],[23.2364327,42.7127062],[23.2364234,42.7126178],[23.2364205,42.7125584],[23.2364102,42.7124995],[23.2363992,42.7124378],[23.2363583,42.712399],[23.2363015,42.7123726],[23.2362479,42.7123663],[23.2361427,42.712377],[23.236199,42.7123632],[23.2364194,42.7123104],[23.2365447,42.712279],[23.2367809,42.7122167],[23.2370104,42.7121485],[23.2377769,42.7117504],[23.2391312,42.7109769],[23.2412156,42.7098612],[23.2421219,42.7094818],[23.243512,42.7088808],[23.2438534,42.7087579],[23.2440956,42.7086706],[23.2450743,42.7096574],[23.2452186,42.7098036],[23.2456868,42.7102782],[23.2467055,42.7113107],[23.2474233,42.7120383],[23.2477739,42.7123978],[23.2478939,42.712521],[23.2479227,42.7125505],[23.2480251,42.7126555],[23.247953,42.7126949],[23.2479151,42.7127155],[23.2478441,42.7127543],[23.2477304,42.7128163],[23.2476949,42.7128357],[23.2475309,42.7129252],[23.2470568,42.7131837],[23.2464823,42.7134986],[23.2463911,42.7135487],[23.2449882,42.7143177],[23.2449022,42.7143649],[23.2437787,42.7149806],[23.243546,42.7151083],[23.2431291,42.7153403],[23.2429445,42.7154649],[23.2428479,42.7155563],[23.2427923,42.7156089],[23.2427624,42.7156491],[23.2426946,42.7157403],[23.2426257,42.7158504],[23.2425752,42.7159723],[23.2424986,42.7162098],[23.2424533,42.7163445],[23.242404,42.7164909],[23.2423422,42.7166747],[23.2422897,42.7167735],[23.2421886,42.7169232],[23.2421114,42.7170098],[23.2420168,42.7170928],[23.2418581,42.7172084],[23.2417446,42.7172746],[23.2410514,42.7176684],[23.2404754,42.7179955],[23.2401136,42.718201],[23.2394245,42.7185924],[23.2390884,42.7187822],[23.2389824,42.7188421],[23.2387119,42.7188937],[23.2386334,42.7189218],[23.238506,42.7189573],[23.2384135,42.7189671],[23.2383116,42.7189701],[23.238207,42.7189652],[23.2380205,42.7189356],[23.2377704,42.7188661],[23.2375927,42.7188095],[23.2376464,42.7186932],[23.2377295,42.7186213],[23.2379307,42.7185375],[23.2378755,42.7184722],[23.2383089,42.7182814],[23.2374714,42.7172545],[23.2371849,42.7173807],[23.2370681,42.7172374],[23.2365558,42.717463],[23.2363185,42.7172116],[23.2364659,42.7171463],[23.2360518,42.7166142],[23.2357138,42.7160545],[23.2356897,42.7151342]]]}},{"type":"Feature","id":"relation/14584754","properties":{"id":"osm-relation-14584754","name":"Lyulin 6"},"geometry":{"type":"Polygon","coordinates":[[[23.2440956,42.7086706],[23.2448089,42.7084137],[23.2456735,42.7081396],[23.2470848,42.7077971],[23.2481189,42.707741],[23.2484876,42.7077566],[23.2503736,42.707959],[23.2525731,42.7081832],[23.2544167,42.7083545],[23.2566078,42.7085912],[23.2589049,42.7088216],[23.2593378,42.7088648],[23.2592289,42.709381],[23.259212,42.709461],[23.2591981,42.7095326],[23.2591165,42.7099211],[23.2590624,42.7102058],[23.2590452,42.710294],[23.259025,42.7103882],[23.2589344,42.7108005],[23.2588139,42.7113915],[23.2587216,42.7118092],[23.2587094,42.7118645],[23.2586285,42.7122343],[23.2584599,42.713093],[23.2584263,42.7132861],[23.2584124,42.7133654],[23.2583506,42.7137141],[23.2582622,42.7141596],[23.258249,42.7142268],[23.2582023,42.714454],[23.2581992,42.7144689],[23.2581666,42.7146268],[23.2578619,42.714591],[23.2576033,42.7145607],[23.2574647,42.7145452],[23.2565627,42.7144446],[23.2561456,42.7143981],[23.2559699,42.7143824],[23.2556936,42.7143577],[23.2554737,42.7143469],[23.2553035,42.7143382],[23.2551558,42.714339],[23.2550002,42.7143408],[23.2547802,42.714356],[23.2545644,42.7143834],[23.2544412,42.7144012],[23.2543199,42.7144292],[23.2541798,42.7144604],[23.2540286,42.7144971],[23.253956,42.7145185],[23.2538811,42.7145407],[23.2534344,42.7147092],[23.2533952,42.7147279],[23.2533387,42.7147581],[23.2532394,42.7148083],[23.2532109,42.7148221],[23.2531376,42.7148576],[23.2529048,42.7149766],[23.2525793,42.7151547],[23.2521238,42.7154039],[23.2513962,42.7158049],[23.2513731,42.7158176],[23.2512172,42.7159035],[23.2510824,42.7157662],[23.251039,42.715722],[23.2509186,42.7155993],[23.2504465,42.7151182],[23.2495844,42.7142396],[23.2484351,42.7130565],[23.2481586,42.7127891],[23.2480251,42.7126555],[23.2479227,42.7125505],[23.2478939,42.712521],[23.2477739,42.7123978],[23.2474233,42.7120383],[23.2467055,42.7113107],[23.2456868,42.7102782],[23.2452186,42.7098036],[23.2450743,42.7096574],[23.2440956,42.7086706]]]}},{"type":"Feature","id":"relation/14584755","properties":{"id":"osm-relation-14584755","name":"Lyulin 7"},"geometry":{"type":"Polygon","coordinates":[[[23.2581666,42.7146268],[23.2581992,42.7144689],[23.2582023,42.714454],[23.258249,42.7142268],[23.2582622,42.7141596],[23.2583506,42.7137141],[23.2584124,42.7133654],[23.2584263,42.7132861],[23.2584599,42.713093],[23.2586285,42.7122343],[23.2587094,42.7118645],[23.2587216,42.7118092],[23.2588139,42.7113915],[23.2589344,42.7108005],[23.259025,42.7103882],[23.2590452,42.710294],[23.2590624,42.7102058],[23.2591165,42.7099211],[23.2591981,42.7095326],[23.259212,42.709461],[23.2592289,42.709381],[23.2593378,42.7088648],[23.2610578,42.7090365],[23.2628378,42.7092109],[23.2644356,42.7093853],[23.2658299,42.7095379],[23.2667454,42.7096593],[23.2676566,42.7099241],[23.2684618,42.7101607],[23.2692459,42.7104597],[23.2702864,42.7108441],[23.2705458,42.7109418],[23.270712,42.7110044],[23.2707687,42.7110247],[23.2708146,42.7110412],[23.2708953,42.7110701],[23.2701245,42.7114897],[23.2670214,42.7131928],[23.2668719,42.7132749],[23.26608,42.7137096],[23.26605,42.7137261],[23.2658573,42.713832],[23.2656431,42.7139499],[23.2647215,42.7144581],[23.2618761,42.7160271],[23.2611761,42.7153004],[23.2611026,42.7152595],[23.2608705,42.7151081],[23.2607703,42.7150499],[23.260628,42.7149849],[23.2604971,42.7149346],[23.2603578,42.7148968],[23.2602284,42.7148621],[23.2601168,42.7148404],[23.2597717,42.7148075],[23.2596259,42.7147914],[23.2587424,42.7146928],[23.2586131,42.7146784],[23.2585065,42.7146666],[23.2583999,42.7146547],[23.2583705,42.7146514],[23.2581666,42.7146268]]]}},{"type":"Feature","id":"relation/14584757","properties":{"id":"osm-relation-14584757","name":"Lyulin 8"},"geometry":{"type":"Polygon","coordinates":[[[23.2549358,42.719705],[23.2550606,42.7196415],[23.2551199,42.7196121],[23.2560762,42.719107],[23.2561735,42.7190563],[23.2567099,42.7187766],[23.2571437,42.7185475],[23.2597209,42.7171936],[23.2603162,42.7168787],[23.2605645,42.7167503],[23.2607193,42.7169024],[23.2607378,42.7169209],[23.2608279,42.7170112],[23.2608754,42.7170588],[23.2610153,42.7171989],[23.2611953,42.717374],[23.2615664,42.7177348],[23.2619676,42.7181169],[23.2620468,42.7181895],[23.2625112,42.71862],[23.2630352,42.7191303],[23.2631626,42.7192542],[23.2632555,42.7193447],[23.2639336,42.7200051],[23.2639723,42.7200428],[23.2640441,42.7201127],[23.2646015,42.7207531],[23.2647827,42.7209615],[23.2648077,42.7209902],[23.2648611,42.7210513],[23.2648976,42.7210926],[23.2649357,42.7211355],[23.2650399,42.7212528],[23.2651789,42.7214095],[23.2655923,42.7218755],[23.2657398,42.7220418],[23.2657649,42.7220701],[23.2662433,42.7226111],[23.2667927,42.723247],[23.2671677,42.7236584],[23.2672795,42.7237851],[23.2673319,42.7238386],[23.2672261,42.7238969],[23.2671383,42.7239448],[23.2670863,42.7239733],[23.2669762,42.7240335],[23.2660728,42.7245277],[23.2656659,42.7247495],[23.2654019,42.7248933],[23.2653695,42.7249104],[23.2653225,42.7249347],[23.2652374,42.7249848],[23.2651721,42.7250214],[23.2650292,42.7251012],[23.2649754,42.7251313],[23.264492,42.7254014],[23.2640086,42.7256714],[23.2634635,42.7259675],[23.2629424,42.7262512],[23.2623016,42.7265925],[23.2621175,42.7266972],[23.2620931,42.7267118],[23.262084,42.7267163],[23.2619923,42.7267684],[23.261909,42.7266852],[23.2618698,42.7266465],[23.2617409,42.7265193],[23.2613609,42.7261615],[23.2610113,42.7258382],[23.260311,42.7251338],[23.2588207,42.7236163],[23.2586926,42.7234933],[23.2585542,42.7233604],[23.2585223,42.7233289],[23.2580392,42.722852],[23.2577535,42.7225752],[23.2573552,42.7221732],[23.2562609,42.7210746],[23.2559779,42.7207948],[23.2557942,42.7206007],[23.2552886,42.7200638],[23.2550379,42.7197999],[23.2549358,42.719705]]]}},{"type":"Feature","id":"relation/14584758","properties":{"id":"osm-relation-14584758","name":"Lyulin 9"},"geometry":{"type":"Polygon","coordinates":[[[23.2605645,42.7167503],[23.2608035,42.7166185],[23.2612952,42.7163474],[23.2618761,42.7160271],[23.2647215,42.7144581],[23.2656431,42.7139499],[23.2658573,42.713832],[23.2660118,42.7139763],[23.2660367,42.7140024],[23.2663366,42.7143173],[23.2667077,42.7147135],[23.2667903,42.7148017],[23.2669344,42.7149396],[23.2672505,42.7152693],[23.2680307,42.7160547],[23.2680975,42.7161206],[23.2689808,42.7170091],[23.2690522,42.7170833],[23.2696403,42.7177009],[23.2696846,42.7177474],[23.2698691,42.7179409],[23.2699485,42.7180241],[23.2700371,42.7181075],[23.2701292,42.7181611],[23.2703121,42.7182315],[23.2705816,42.7183352],[23.2711587,42.7185527],[23.2715356,42.7186947],[23.2715674,42.7187279],[23.2716379,42.7188118],[23.2719425,42.7191137],[23.2721841,42.7193592],[23.2723056,42.7194889],[23.2726329,42.7197797],[23.2727097,42.7198479],[23.2728504,42.7199899],[23.2733321,42.7204353],[23.2733507,42.7204534],[23.2734262,42.720532],[23.2733286,42.7205858],[23.2729049,42.7208134],[23.2724811,42.721041],[23.2717734,42.7214183],[23.2714897,42.7215724],[23.2708821,42.7219023],[23.27071,42.7219907],[23.2704886,42.7221118],[23.2702505,42.7222337],[23.2701589,42.7222839],[23.2701237,42.7223023],[23.2700898,42.7223202],[23.2700092,42.7223693],[23.2696364,42.7225772],[23.2693055,42.7227597],[23.2689915,42.7229328],[23.2687263,42.7230765],[23.268635,42.7231261],[23.2683938,42.723258],[23.2679851,42.7234815],[23.2678141,42.723575],[23.2674757,42.72376],[23.2673319,42.7238386],[23.2672795,42.7237851],[23.2671677,42.7236584],[23.2667927,42.723247],[23.2662433,42.7226111],[23.2657649,42.7220701],[23.2657398,42.7220418],[23.2655923,42.7218755],[23.2651789,42.7214095],[23.2650399,42.7212528],[23.2649357,42.7211355],[23.2648976,42.7210926],[23.2648611,42.7210513],[23.2648077,42.7209902],[23.2647827,42.7209615],[23.2646015,42.7207531],[23.2640441,42.7201127],[23.2639723,42.7200428],[23.2639336,42.7200051],[23.2632555,42.7193447],[23.2631626,42.7192542],[23.2630352,42.7191303],[23.2625112,42.71862],[23.2620468,42.7181895],[23.2619676,42.7181169],[23.2615664,42.7177348],[23.2611953,42.717374],[23.2610153,42.7171989],[23.2608754,42.7170588],[23.2608279,42.7170112],[23.2607378,42.7169209],[23.2607193,42.7169024],[23.2605645,42.7167503]]]}},{"type":"Feature","id":"relation/16908308","properties":{"id":"osm-relation-16908308","name":"Mala Koriya"},"geometry":{"type":"Polygon","coordinates":[[[23.220005,42.655011],[23.2202842,42.6547657],[23.2201821,42.6546505],[23.2205245,42.6544249],[23.2203757,42.6543289],[23.22072,42.6541197],[23.2209907,42.6543857],[23.2212496,42.6543146],[23.2212954,42.6539601],[23.2223832,42.6546014],[23.2220876,42.6548931],[23.2223473,42.654976],[23.2226877,42.6553465],[23.2222387,42.6554853],[23.2229455,42.6555507],[23.2232855,42.6554695],[23.223543,42.6555089],[23.2236522,42.6556513],[23.224021,42.655884],[23.2247849,42.656283],[23.2246076,42.6564382],[23.2252797,42.6566082],[23.2259696,42.6567687],[23.2261467,42.6566185],[23.2284072,42.6572794],[23.2279782,42.6585413],[23.226242,42.6579955],[23.2262624,42.6577702],[23.2256836,42.6575699],[23.2243275,42.6579736],[23.2242369,42.6581485],[23.2240613,42.6583182],[23.2239479,42.658399],[23.2238457,42.658403],[23.2237314,42.6583754],[23.2233129,42.6582915],[23.2228502,42.6581545],[23.2225203,42.6579178],[23.2220745,42.6581386],[23.221646,42.6574247],[23.2214485,42.6574247],[23.2212715,42.6572844],[23.2210196,42.6573796],[23.2206246,42.6567436],[23.2204067,42.6562429],[23.2205974,42.6561878],[23.2205429,42.6560776],[23.2210919,42.6557734],[23.2210022,42.6557353],[23.2208453,42.655743],[23.2206936,42.6557594],[23.2205849,42.6557087],[23.2201366,42.6551849],[23.220005,42.655011]]]}},{"type":"Feature","id":"relation/16875888+relation/16882494","properties":{"id":"osm-relations-16875888-16882494","name":"Malinova Dolina"},"geometry":{"type":"MultiPolygon","coordinates":[[[[23.3338747,42.6345236],[23.3339203,42.6345055],[23.3339897,42.6344751],[23.3346041,42.6342056],[23.3347817,42.6341277],[23.335149,42.6339666],[23.3352773,42.6339103],[23.3355818,42.6337768],[23.3357128,42.6337193],[23.3358778,42.6336469],[23.3363854,42.6334243],[23.3365161,42.6333673],[23.3385245,42.632661],[23.3397595,42.6333988],[23.3405026,42.6337731],[23.3409561,42.6339792],[23.3416522,42.6342357],[23.3418497,42.6343085],[23.3418754,42.6343164],[23.3424087,42.6344802],[23.3425114,42.6345113],[23.3426106,42.6345458],[23.342722,42.6345961],[23.3428306,42.6346474],[23.3429164,42.6346987],[23.3429995,42.6347638],[23.3430853,42.6348329],[23.3431739,42.6349326],[23.3432409,42.6350273],[23.3435145,42.6353717],[23.3438513,42.6358076],[23.3440449,42.6360399],[23.3443299,42.6362869],[23.3446268,42.636469],[23.3448617,42.6366042],[23.3450577,42.6367382],[23.3451912,42.6368379],[23.345343,42.6369918],[23.3472108,42.6385525],[23.3485164,42.639327],[23.3483635,42.6393389],[23.3473818,42.639743],[23.3470355,42.6398857],[23.3464084,42.6401442],[23.3459509,42.6403328],[23.3443557,42.6410355],[23.3442847,42.6410668],[23.3441955,42.6411026],[23.3430961,42.6415436],[23.3427071,42.641612],[23.3424837,42.6416512],[23.3424195,42.6416625],[23.3419388,42.6417221],[23.3416806,42.6417541],[23.3414895,42.6417299],[23.3411074,42.6417762],[23.3410037,42.6417811],[23.3400841,42.6418253],[23.3395887,42.6418492],[23.3376998,42.6419701],[23.3377118,42.6421213],[23.3377308,42.6423598],[23.3377314,42.6423671],[23.3377483,42.6425857],[23.3377553,42.6426763],[23.3377335,42.6429202],[23.337593,42.6431601],[23.3375587,42.6432187],[23.3373987,42.6432005],[23.3370599,42.6431115],[23.3365605,42.6429754],[23.3364822,42.6429541],[23.3360733,42.6428536],[23.3360518,42.6428483],[23.3359513,42.6428236],[23.3358888,42.6428082],[23.3357426,42.6427723],[23.3354825,42.6427084],[23.3353791,42.642683],[23.3352321,42.6426468],[23.3351837,42.642635],[23.3347492,42.6425287],[23.3346778,42.6425109],[23.3345785,42.6424862],[23.3345355,42.6424821],[23.3345747,42.6422939],[23.3346404,42.6419368],[23.3346619,42.6416773],[23.3346538,42.6415057],[23.3345345,42.6403514],[23.3344607,42.6398295],[23.3343669,42.6389821],[23.3342368,42.6378613],[23.3341255,42.636708],[23.3340048,42.6357125],[23.3338747,42.6345236]]],[[[23.333703,42.6330679],[23.3338776,42.6329961],[23.3341295,42.6328943],[23.3346189,42.6326853],[23.3374493,42.631548],[23.3390546,42.630903],[23.3402001,42.6304334],[23.3454504,42.6282808],[23.3469399,42.6276651],[23.3479729,42.6272718],[23.3487976,42.6269209],[23.349397,42.6266659],[23.3508432,42.6260874],[23.3510667,42.6259975],[23.3512627,42.6259209],[23.3524907,42.6273042],[23.3544989,42.6292427],[23.3563133,42.6318709],[23.3555053,42.6351038],[23.354669,42.6419654],[23.3540452,42.6433418],[23.3531988,42.6432853],[23.3519798,42.6429201],[23.3506025,42.6423398],[23.3505858,42.6402834],[23.3501201,42.6400489],[23.3495201,42.6397647],[23.3486972,42.6393917],[23.3485164,42.639327],[23.3472108,42.6385525],[23.345343,42.6369918],[23.3451912,42.6368379],[23.3450577,42.6367382],[23.3448617,42.6366042],[23.3446268,42.636469],[23.3443299,42.6362869],[23.3440449,42.6360399],[23.3438513,42.6358076],[23.3435145,42.6353717],[23.3432409,42.6350273],[23.3431739,42.6349326],[23.3430853,42.6348329],[23.3429995,42.6347638],[23.3429164,42.6346987],[23.3428306,42.6346474],[23.342722,42.6345961],[23.3426106,42.6345458],[23.3425114,42.6345113],[23.3424087,42.6344802],[23.3418754,42.6343164],[23.3418497,42.6343085],[23.3416522,42.6342357],[23.3409561,42.6339792],[23.3405026,42.6337731],[23.3397595,42.6333988],[23.3385245,42.632661],[23.3365161,42.6333673],[23.3363854,42.6334243],[23.3358778,42.6336469],[23.3357128,42.6337193],[23.3355818,42.6337768],[23.3352773,42.6339103],[23.335149,42.6339666],[23.3347817,42.6341277],[23.3346041,42.6342056],[23.3339897,42.6344751],[23.3339203,42.6345055],[23.3338747,42.6345236],[23.333725,42.633248],[23.333703,42.6330679]]]]}},{"type":"Feature","id":"relation/16867359+relation/16868065","properties":{"id":"osm-relations-16867359-16868065","name":"Manastirski Livadi"},"geometry":{"type":"MultiPolygon","coordinates":[[[[23.2722855,42.6576394],[23.2724319,42.657596],[23.2724528,42.6575893],[23.272961,42.6574293],[23.2733857,42.6572836],[23.2737302,42.6571654],[23.2738428,42.6571268],[23.2743802,42.656926],[23.274967,42.6567067],[23.2782386,42.655534],[23.279221,42.6551846],[23.2819071,42.6542222],[23.28235,42.6540599],[23.2830543,42.6537809],[23.2834879,42.6536035],[23.2847716,42.6530799],[23.2850311,42.6529722],[23.2863909,42.6524198],[23.2872272,42.65208],[23.2874777,42.651979],[23.2877246,42.6518795],[23.2879163,42.6518014],[23.2881816,42.6516933],[23.2885125,42.6515585],[23.2895038,42.6511546],[23.2895748,42.6511257],[23.2903625,42.6508104],[23.2905934,42.650718],[23.290967,42.6505685],[23.291417,42.6503885],[23.2916421,42.6502984],[23.2926196,42.6499127],[23.2927429,42.6498594],[23.2930418,42.6497313],[23.2941458,42.6492716],[23.2955683,42.6486964],[23.2962924,42.64839],[23.2970794,42.6480619],[23.2978437,42.6477366],[23.2984784,42.6474858],[23.2988284,42.6473411],[23.3004556,42.6487033],[23.3007099,42.6495051],[23.3008371,42.650347],[23.3008553,42.65167],[23.3007949,42.6528482],[23.3010792,42.6537359],[23.3011597,42.6538621],[23.301208,42.6542212],[23.3013582,42.6545881],[23.3014002,42.6548054],[23.3012631,42.654869],[23.3012351,42.6548832],[23.3012148,42.6548979],[23.3011952,42.6549124],[23.3011701,42.6549211],[23.3010426,42.6549414],[23.3009129,42.6549623],[23.3006588,42.6550145],[23.3003083,42.6550849],[23.3002542,42.6550974],[23.3002175,42.6551016],[23.3001657,42.6551026],[23.3001205,42.6551106],[23.3000862,42.6551246],[23.3000544,42.6551481],[23.3000328,42.6551836],[23.2999982,42.6553077],[23.2998954,42.655295],[23.2997609,42.6553016],[23.2996831,42.6553485],[23.2996264,42.6554005],[23.299584,42.6554994],[23.2995132,42.6555619],[23.2994212,42.655614],[23.2992938,42.65564],[23.2992088,42.65564],[23.2990885,42.6556244],[23.2989682,42.6556036],[23.2988266,42.6555984],[23.2987028,42.6556138],[23.2986344,42.6556219],[23.2986094,42.6556245],[23.2986066,42.6556017],[23.2985996,42.6555802],[23.2982321,42.6551137],[23.2979384,42.6551369],[23.2974382,42.6553514],[23.2973556,42.6553824],[23.2975946,42.6556731],[23.2976733,42.655843],[23.2976984,42.655935],[23.2977021,42.6560017],[23.2977329,42.6561511],[23.2970741,42.6562901],[23.2969474,42.6560251],[23.2965101,42.656104],[23.2963586,42.6560912],[23.2960394,42.6561622],[23.2957698,42.6562331],[23.2957575,42.6561887],[23.2954927,42.6562348],[23.2949994,42.6556711],[23.2947492,42.6553805],[23.2945141,42.6550879],[23.2933811,42.6552495],[23.2928085,42.6544593],[23.2912034,42.6550141],[23.29109,42.6545401],[23.291088,42.6545318],[23.2910308,42.6544497],[23.2902537,42.6547614],[23.2907369,42.6556772],[23.2905143,42.6557302],[23.2902955,42.6557794],[23.2901841,42.6558012],[23.2899735,42.6558485],[23.2898525,42.6558694],[23.2882632,42.6557998],[23.2882894,42.6558431],[23.28837,42.6559769],[23.2886991,42.6565232],[23.2887859,42.6566289],[23.2877637,42.6568628],[23.2883107,42.658082],[23.2882434,42.6580984],[23.2877705,42.6582137],[23.2873459,42.6583348],[23.2872611,42.6584652],[23.2875144,42.6591218],[23.287309,42.6592012],[23.287375,42.6592941],[23.2874293,42.6593567],[23.2870115,42.6595419],[23.2870353,42.6597296],[23.2872267,42.6599999],[23.2873748,42.6602882],[23.2869395,42.6604281],[23.286865,42.6604503],[23.2864967,42.6605601],[23.2865352,42.6607195],[23.2866637,42.661252],[23.2866935,42.6613752],[23.2867876,42.6617112],[23.2868783,42.6620353],[23.2868911,42.6620811],[23.2869008,42.6621157],[23.2869042,42.6621279],[23.2869097,42.6621473],[23.2869661,42.6623488],[23.2874221,42.6621311],[23.2875427,42.6620735],[23.2877262,42.6619865],[23.288031,42.6623249],[23.2882208,42.6619613],[23.2882733,42.6619253],[23.2883319,42.6619616],[23.2888127,42.6624931],[23.289195,42.6629339],[23.2893126,42.663077],[23.2902297,42.6626003],[23.2904367,42.6628119],[23.2905223,42.6628994],[23.2907629,42.6631885],[23.2908186,42.6632563],[23.292582,42.6623913],[23.2928016,42.6626528],[23.2929061,42.6627801],[23.2926197,42.6629278],[23.2922465,42.6631201],[23.2921466,42.6631711],[23.2919463,42.6632735],[23.2911145,42.6636831],[23.2897045,42.6644009],[23.2886298,42.6649537],[23.2881639,42.6651851],[23.2880388,42.6652481],[23.2879291,42.6652862],[23.2879087,42.6652933],[23.2878879,42.6653005],[23.2877657,42.6653429],[23.2876537,42.6653816],[23.2874673,42.6654463],[23.287169,42.6655496],[23.2864181,42.6658112],[23.2856358,42.6660837],[23.2854431,42.6661508],[23.2851955,42.6662371],[23.2847302,42.6663992],[23.2845741,42.6664536],[23.2840479,42.6666369],[23.283692,42.6667606],[23.2836288,42.6667826],[23.283336,42.6668849],[23.2833025,42.6668967],[23.2832293,42.666922],[23.2831426,42.6669519],[23.283113,42.6669622],[23.283072,42.6669763],[23.2825267,42.6671663],[23.2824858,42.6671791],[23.282387,42.667215],[23.2823216,42.6672374],[23.2822454,42.6672637],[23.2821774,42.6672871],[23.2818566,42.6673977],[23.2813693,42.6675657],[23.2812425,42.6676096],[23.2807578,42.6677773],[23.2807229,42.6677894],[23.2806153,42.6678266],[23.2802396,42.6679566],[23.2798326,42.6681067],[23.2797391,42.6681412],[23.2795672,42.6682086],[23.2794994,42.6682348],[23.2793085,42.6683211],[23.2790922,42.6684201],[23.2790566,42.6684375],[23.278621,42.6686499],[23.278568,42.6686799],[23.2785445,42.6686932],[23.2780829,42.6689544],[23.2779059,42.6690605],[23.2777509,42.6691534],[23.2775228,42.6692597],[23.2774909,42.6692729],[23.2772304,42.669381],[23.2768431,42.6695295],[23.2768013,42.6695446],[23.2767343,42.6695673],[23.2766928,42.6694142],[23.2766812,42.6693716],[23.2766731,42.6693416],[23.2766376,42.6692107],[23.2765864,42.6690244],[23.2765446,42.6688723],[23.276426,42.6683958],[23.276399,42.6683042],[23.276386,42.6682604],[23.2763291,42.6680326],[23.2762761,42.6678247],[23.2762655,42.6677833],[23.276208,42.6675775],[23.2760352,42.6671481],[23.2759334,42.66691],[23.2756184,42.6661729],[23.2755286,42.6659662],[23.2754465,42.6657773],[23.2753034,42.6654481],[23.2752754,42.6653773],[23.2751469,42.6650889],[23.2751208,42.6650304],[23.2750183,42.6648005],[23.2749394,42.6646234],[23.2748301,42.6643922],[23.2746639,42.6640281],[23.2743713,42.6633763],[23.2743554,42.6633407],[23.2742884,42.6631945],[23.2742465,42.663102],[23.27404,42.6626405],[23.2738738,42.6622806],[23.2737093,42.6619151],[23.2736696,42.6618268],[23.2735957,42.6616674],[23.2735693,42.6616106],[23.2735137,42.6614908],[23.2734793,42.6614167],[23.2733872,42.6612183],[23.2733099,42.6610516],[23.2732977,42.6610253],[23.2732429,42.6609072],[23.2732209,42.6608608],[23.2731071,42.6605658],[23.2728719,42.6600454],[23.2727394,42.6595178],[23.2727037,42.6593514],[23.2726775,42.659226],[23.2725999,42.6588543],[23.2725631,42.6586919],[23.2725157,42.6584833],[23.2724786,42.6583204],[23.2724223,42.6580708],[23.2724051,42.658018],[23.2723411,42.6578219],[23.2723193,42.657755],[23.2722855,42.6576394]]],[[[23.2872611,42.6584652],[23.2873459,42.6583348],[23.2877705,42.6582137],[23.2882434,42.6580984],[23.2883107,42.658082],[23.2877637,42.6568628],[23.2887859,42.6566289],[23.2886991,42.6565232],[23.28837,42.6559769],[23.2882894,42.6558431],[23.2882632,42.6557998],[23.2898525,42.6558694],[23.2899735,42.6558485],[23.2901841,42.6558012],[23.2902955,42.6557794],[23.2905143,42.6557302],[23.2907369,42.6556772],[23.2902537,42.6547614],[23.2910308,42.6544497],[23.291088,42.6545318],[23.29109,42.6545401],[23.2912034,42.6550141],[23.2928085,42.6544593],[23.2933811,42.6552495],[23.2945141,42.6550879],[23.2947492,42.6553805],[23.2949994,42.6556711],[23.2954927,42.6562348],[23.2957575,42.6561887],[23.2957698,42.6562331],[23.2960394,42.6561622],[23.2963586,42.6560912],[23.2965101,42.656104],[23.2969474,42.6560251],[23.2970741,42.6562901],[23.2977329,42.6561511],[23.2977021,42.6560017],[23.2976984,42.655935],[23.2976733,42.655843],[23.2975946,42.6556731],[23.2973556,42.6553824],[23.2974382,42.6553514],[23.2979384,42.6551369],[23.2982321,42.6551137],[23.2985996,42.6555802],[23.2986066,42.6556017],[23.2986094,42.6556245],[23.2986344,42.6556219],[23.2987028,42.6556138],[23.2988266,42.6555984],[23.2989682,42.6556036],[23.2990885,42.6556244],[23.2992088,42.65564],[23.2992938,42.65564],[23.2994212,42.655614],[23.2995132,42.6555619],[23.299584,42.6554994],[23.2996264,42.6554005],[23.2996831,42.6553485],[23.2997609,42.6553016],[23.2998954,42.655295],[23.2999982,42.6553077],[23.3000328,42.6551836],[23.3000544,42.6551481],[23.3000862,42.6551246],[23.3001205,42.6551106],[23.3001657,42.6551026],[23.3002175,42.6551016],[23.3002542,42.6550974],[23.3003083,42.6550849],[23.3006588,42.6550145],[23.3009129,42.6549623],[23.3010426,42.6549414],[23.3011701,42.6549211],[23.3011952,42.6549124],[23.3012148,42.6548979],[23.3012351,42.6548832],[23.3012631,42.654869],[23.3014002,42.6548054],[23.3014145,42.6549155],[23.3017015,42.6558071],[23.301764,42.6559187],[23.3018114,42.6559748],[23.3017531,42.6561021],[23.3017424,42.6562201],[23.3017194,42.6564725],[23.3016458,42.6565409],[23.3016946,42.6565931],[23.3020439,42.6566891],[23.3021723,42.6569176],[23.3023185,42.6572038],[23.3023475,42.657247],[23.3024067,42.6573353],[23.302507,42.6574514],[23.3026437,42.6575845],[23.3026702,42.6576142],[23.3027153,42.6576864],[23.3027791,42.6578169],[23.3026445,42.6578795],[23.3024661,42.6579706],[23.3021145,42.6581597],[23.3013045,42.6586136],[23.3006504,42.6589839],[23.3005729,42.6590313],[23.3003621,42.6591514],[23.3000012,42.6593579],[23.2999731,42.6593731],[23.2998037,42.6594534],[23.2996298,42.6595357],[23.2989615,42.6598518],[23.2987057,42.6599689],[23.2985367,42.6600462],[23.2981848,42.660207],[23.2981169,42.660238],[23.297953,42.6603118],[23.2978478,42.6603583],[23.2969457,42.6607743],[23.2963758,42.6610511],[23.2960199,42.661224],[23.2955896,42.661436],[23.2955391,42.6614615],[23.2953354,42.6615609],[23.2951303,42.6616638],[23.2946956,42.6618821],[23.2942008,42.6621401],[23.2938368,42.6623174],[23.2938179,42.6623268],[23.2936929,42.662387],[23.2929061,42.6627801],[23.2928016,42.6626528],[23.292582,42.6623913],[23.2908186,42.6632563],[23.2907629,42.6631885],[23.2905223,42.6628994],[23.2904367,42.6628119],[23.2902297,42.6626003],[23.2893126,42.663077],[23.289195,42.6629339],[23.2888127,42.6624931],[23.2894626,42.6617031],[23.2894087,42.6616393],[23.2892424,42.6614456],[23.2891059,42.6615091],[23.2886015,42.6617441],[23.2885645,42.6617609],[23.2882734,42.6618969],[23.2881899,42.6618351],[23.2881416,42.6617897],[23.2879409,42.661046],[23.2881901,42.6609245],[23.2881545,42.6608846],[23.2878376,42.6605225],[23.287794,42.6604727],[23.28822,42.6602676],[23.2878133,42.6597991],[23.288301,42.6595683],[23.2882896,42.659555],[23.2877725,42.6589919],[23.2875144,42.6591218],[23.2872611,42.6584652]]]]}},{"type":"Feature","id":"relation/16867275","properties":{"id":"osm-relation-16867275","name":"Manastirski Livadi - B"},"geometry":{"type":"Polygon","coordinates":[[[23.2864967,42.6605601],[23.286865,42.6604503],[23.2869395,42.6604281],[23.2873748,42.6602882],[23.2872267,42.6599999],[23.2870353,42.6597296],[23.2870115,42.6595419],[23.2874293,42.6593567],[23.287375,42.6592941],[23.287309,42.6592012],[23.2875144,42.6591218],[23.2877725,42.6589919],[23.2882896,42.659555],[23.288301,42.6595683],[23.2878133,42.6597991],[23.28822,42.6602676],[23.287794,42.6604727],[23.2878376,42.6605225],[23.2881545,42.6608846],[23.2881901,42.6609245],[23.2879409,42.661046],[23.2881416,42.6617897],[23.2881899,42.6618351],[23.2882734,42.6618969],[23.2885645,42.6617609],[23.2886015,42.6617441],[23.2891059,42.6615091],[23.2892424,42.6614456],[23.2894087,42.6616393],[23.2894626,42.6617031],[23.2888127,42.6624931],[23.2883319,42.6619616],[23.2882733,42.6619253],[23.2882208,42.6619613],[23.288031,42.6623249],[23.2877262,42.6619865],[23.2875427,42.6620735],[23.2874221,42.6621311],[23.2869661,42.6623488],[23.2869097,42.6621473],[23.2869042,42.6621279],[23.2869008,42.6621157],[23.2868911,42.6620811],[23.2868783,42.6620353],[23.2867876,42.6617112],[23.2866935,42.6613752],[23.2866637,42.661252],[23.2865352,42.6607195],[23.2864967,42.6605601]]]}},{"type":"Feature","id":"relation/16864393","properties":{"id":"osm-relation-16864393","name":"Mladost 1"},"geometry":{"type":"Polygon","coordinates":[[[23.3575215,42.6633466],[23.3579401,42.6629801],[23.3582573,42.6626954],[23.3584789,42.6624405],[23.3586641,42.6621667],[23.3587458,42.6619798],[23.3596845,42.661664],[23.3602065,42.6614206],[23.3606813,42.6611599],[23.3611009,42.6608876],[23.3617529,42.6603682],[23.36284,42.6595228],[23.3633299,42.6592049],[23.3641911,42.6586898],[23.365115,42.6581422],[23.3659681,42.6576514],[23.367888,42.6565943],[23.3677831,42.6564807],[23.3677733,42.6564202],[23.3679492,42.6562907],[23.3679584,42.6562035],[23.3678636,42.6561523],[23.3676206,42.6560957],[23.3674867,42.6559972],[23.3674127,42.6557945],[23.3672765,42.6556656],[23.36704,42.6553221],[23.3667718,42.6547066],[23.3667283,42.6545403],[23.3666912,42.6544738],[23.3665783,42.6543178],[23.3665543,42.6542579],[23.3665535,42.6542039],[23.3665416,42.6541644],[23.3665163,42.6541366],[23.3664424,42.6540568],[23.366424,42.653975],[23.3664886,42.6537015],[23.3665034,42.6536042],[23.3664825,42.6535443],[23.3664244,42.6534711],[23.3664078,42.6534184],[23.3664402,42.6532083],[23.3663928,42.6530799],[23.3663085,42.6529491],[23.3661528,42.652857],[23.3660654,42.6527756],[23.3660021,42.6526942],[23.3659462,42.6525382],[23.3658682,42.6522475],[23.3658682,42.6521669],[23.3660222,42.6518146],[23.3660159,42.6517157],[23.3659947,42.6516604],[23.3658045,42.6513589],[23.3657934,42.6512422],[23.3658577,42.6510153],[23.3658523,42.6509305],[23.3658228,42.6508575],[23.36569,42.6506351],[23.3656453,42.6505324],[23.365574,42.6502509],[23.3655031,42.6501714],[23.3652376,42.6500037],[23.3652124,42.6499728],[23.3651592,42.6498682],[23.366237,42.6497859],[23.3664279,42.6497713],[23.367845,42.6496644],[23.3680896,42.6496421],[23.3704325,42.6494616],[23.3708174,42.6494152],[23.3716569,42.6492821],[23.372538,42.6491045],[23.3744531,42.6486577],[23.3755126,42.6484199],[23.3769476,42.6480816],[23.3771307,42.6484367],[23.3772869,42.6486961],[23.3774378,42.6489378],[23.3779695,42.6497546],[23.3787312,42.6509372],[23.3795493,42.652184],[23.3802914,42.6533541],[23.380631,42.6538774],[23.380991,42.654424],[23.3812057,42.6547434],[23.3813619,42.6549546],[23.3815631,42.6551893],[23.3817785,42.6554061],[23.3819977,42.6556037],[23.3821122,42.655701],[23.3822909,42.6558434],[23.3824034,42.6559259],[23.3826367,42.6560896],[23.3827975,42.6561914],[23.383074,42.6563507],[23.3833688,42.656507],[23.3840942,42.6568391],[23.3846226,42.6570709],[23.3839537,42.65754],[23.3832083,42.6580707],[23.3800629,42.6603114],[23.3766638,42.6627327],[23.3741488,42.6645226],[23.3713793,42.6664935],[23.3694717,42.6678372],[23.3682632,42.6686975],[23.367879,42.668971],[23.3667296,42.668114],[23.3666078,42.6680232],[23.3652973,42.6671253],[23.3649478,42.666901],[23.3635105,42.6659643],[23.3626409,42.6654865],[23.362563,42.6654446],[23.3624471,42.6653905],[23.3613786,42.6649067],[23.360249,42.6644083],[23.3593149,42.6640435],[23.359063,42.6639519],[23.3582431,42.6636152],[23.3576958,42.6634007],[23.3575215,42.6633466]]]}},{"type":"Feature","id":"relation/16864735","properties":{"id":"osm-relation-16864735","name":"Mladost 1A"},"geometry":{"type":"Polygon","coordinates":[[[23.3769476,42.6480816],[23.3775901,42.6479274],[23.385196,42.6462038],[23.3859943,42.6476591],[23.3879301,42.6490509],[23.3864346,42.6504106],[23.3828724,42.6531653],[23.3835395,42.6537521],[23.3812057,42.6547434],[23.380991,42.654424],[23.380631,42.6538774],[23.3802914,42.6533541],[23.3795493,42.652184],[23.3787312,42.6509372],[23.3779695,42.6497546],[23.3774378,42.6489378],[23.3772869,42.6486961],[23.3771307,42.6484367],[23.3769476,42.6480816]]]}},{"type":"Feature","id":"relation/16889162","properties":{"id":"osm-relation-16889162","name":"Mladost 2"},"geometry":{"type":"Polygon","coordinates":[[[23.3645669,42.640254],[23.3646062,42.6399172],[23.3647239,42.6397889],[23.3648067,42.6382782],[23.3649376,42.6376303],[23.3651468,42.6372614],[23.3660799,42.6370208],[23.3659011,42.636668],[23.3663546,42.6365782],[23.3673051,42.6362029],[23.3662674,42.6353882],[23.3689381,42.6353639],[23.3701043,42.6350225],[23.3700851,42.635368],[23.370004,42.6368316],[23.3704095,42.6374154],[23.3723236,42.6405587],[23.3733482,42.6422329],[23.3737842,42.6429578],[23.3754193,42.6456326],[23.3769476,42.6480816],[23.3755126,42.6484199],[23.3744531,42.6486577],[23.372538,42.6491045],[23.3716569,42.6492821],[23.3708174,42.6494152],[23.3704325,42.6494616],[23.3680896,42.6496421],[23.367845,42.6496644],[23.3678035,42.6492756],[23.3677441,42.6488288],[23.3676943,42.6484292],[23.3676716,42.6481687],[23.3676889,42.6478146],[23.3677019,42.6475279],[23.3672789,42.6473419],[23.3671569,42.6465883],[23.3662281,42.6451258],[23.3657485,42.645222],[23.3655611,42.6448051],[23.3653779,42.6435639],[23.3655611,42.6428391],[23.3655523,42.641816],[23.3647326,42.6410522],[23.3647053,42.6403808],[23.3645669,42.640254]]]}},{"type":"Feature","id":"relation/16889163","properties":{"id":"osm-relation-16889163","name":"Mladost 3"},"geometry":{"type":"Polygon","coordinates":[[[23.370004,42.6368316],[23.3700851,42.635368],[23.3710647,42.6353336],[23.3725991,42.6353504],[23.37278,42.6353541],[23.3727999,42.6353542],[23.3729686,42.6353553],[23.3731209,42.6353568],[23.3734781,42.6353562],[23.3763045,42.6353482],[23.3763051,42.63544],[23.3762986,42.6358385],[23.3762894,42.6362232],[23.3762818,42.63645],[23.3762589,42.6370487],[23.3762496,42.6373901],[23.3762548,42.6374286],[23.376322,42.6375456],[23.3766223,42.6375463],[23.3771375,42.6375464],[23.3773876,42.6375464],[23.3775794,42.6375466],[23.3778786,42.6375464],[23.3781328,42.6375465],[23.378632,42.6375465],[23.3788676,42.6375465],[23.3793599,42.6375466],[23.3796239,42.6375466],[23.3798217,42.6375403],[23.3799912,42.6375297],[23.3802306,42.6375028],[23.380419,42.637479],[23.3805104,42.6374629],[23.3805489,42.637456],[23.3807236,42.6374201],[23.3808362,42.6373928],[23.3808976,42.6373775],[23.3810641,42.6373368],[23.3820077,42.6371061],[23.3825979,42.6369618],[23.3827776,42.6369179],[23.3839107,42.6366409],[23.3839594,42.636632],[23.3840039,42.6366343],[23.3869737,42.635592],[23.388055,42.6378565],[23.3860971,42.6387132],[23.3863073,42.6389569],[23.3864451,42.6391824],[23.3865624,42.6393769],[23.3867133,42.6397408],[23.3867571,42.6400569],[23.3867842,42.6403709],[23.3867624,42.6406902],[23.3867112,42.6410003],[23.3865814,42.64143],[23.3864406,42.6418068],[23.3864091,42.6418913],[23.3862359,42.642355],[23.386005,42.6429733],[23.3859489,42.6431236],[23.3856773,42.6438509],[23.3856346,42.6439652],[23.3854817,42.6443747],[23.3864054,42.6448006],[23.385196,42.6462038],[23.3775901,42.6479274],[23.3769476,42.6480816],[23.3754193,42.6456326],[23.3737842,42.6429578],[23.3733482,42.6422329],[23.3723236,42.6405587],[23.3704095,42.6374154],[23.370004,42.6368316]]]}},{"type":"Feature","id":"relation/16889164","properties":{"id":"osm-relation-16889164","name":"Mladost 4"},"geometry":{"type":"Polygon","coordinates":[[[23.3640561,42.6239005],[23.3664371,42.6238103],[23.3666426,42.6238041],[23.3679228,42.6237654],[23.370524,42.623679],[23.3705559,42.6236766],[23.3708828,42.6236664],[23.371366,42.6236506],[23.3739324,42.6235601],[23.3754757,42.6235008],[23.3758589,42.6234884],[23.37782,42.6234143],[23.377951,42.6234092],[23.378044,42.6234065],[23.3781927,42.6234007],[23.379605,42.6233459],[23.3800695,42.6233258],[23.3801828,42.6233195],[23.3804002,42.6233099],[23.3822349,42.6232349],[23.3832353,42.6232053],[23.3833523,42.6232035],[23.3840748,42.6231921],[23.3843582,42.6231884],[23.3846704,42.6231844],[23.3849312,42.6231825],[23.3852885,42.6235852],[23.3857678,42.6247787],[23.3861376,42.6254633],[23.3854164,42.6278355],[23.384414,42.6283937],[23.384205,42.6292502],[23.3847262,42.6298513],[23.3837996,42.6313128],[23.383082,42.6321041],[23.3828929,42.6334162],[23.3869737,42.635592],[23.3840039,42.6366343],[23.3839594,42.636632],[23.3839107,42.6366409],[23.3827776,42.6369179],[23.3825979,42.6369618],[23.3820077,42.6371061],[23.3810641,42.6373368],[23.3808976,42.6373775],[23.3808362,42.6373928],[23.3807236,42.6374201],[23.3805489,42.637456],[23.3805104,42.6374629],[23.380419,42.637479],[23.3802306,42.6375028],[23.3799912,42.6375297],[23.3798217,42.6375403],[23.3796239,42.6375466],[23.3793599,42.6375466],[23.3788676,42.6375465],[23.378632,42.6375465],[23.3781328,42.6375465],[23.3778786,42.6375464],[23.3775794,42.6375466],[23.3773876,42.6375464],[23.3771375,42.6375464],[23.3766223,42.6375463],[23.376322,42.6375456],[23.3762548,42.6374286],[23.3762496,42.6373901],[23.3762589,42.6370487],[23.3762818,42.63645],[23.3762894,42.6362232],[23.3762986,42.6358385],[23.3763051,42.63544],[23.3763045,42.6353482],[23.3734781,42.6353562],[23.3731209,42.6353568],[23.3729686,42.6353553],[23.3727999,42.6353542],[23.37278,42.6353541],[23.3725991,42.6353504],[23.3710647,42.6353336],[23.3700851,42.635368],[23.3701043,42.6350225],[23.3700521,42.6344757],[23.3713906,42.6343731],[23.3720316,42.6337732],[23.3718615,42.6307739],[23.3717888,42.6298571],[23.3692679,42.6285132],[23.368853,42.6280857],[23.367702,42.6269243],[23.3662016,42.625636],[23.365692,42.6251984],[23.3642444,42.6241846],[23.3640561,42.6239005]]]}},{"type":"Feature","id":"relation/14076957","properties":{"id":"osm-relation-14076957","name":"Moderno Predgradie"},"geometry":{"type":"Polygon","coordinates":[[[23.2619923,42.7267684],[23.262084,42.7267163],[23.2620931,42.7267118],[23.2621175,42.7266972],[23.2623016,42.7265925],[23.2629424,42.7262512],[23.2634635,42.7259675],[23.2640086,42.7256714],[23.264492,42.7254014],[23.2649754,42.7251313],[23.2650292,42.7251012],[23.2651721,42.7250214],[23.2652374,42.7249848],[23.2653225,42.7249347],[23.2653695,42.7249104],[23.2654019,42.7248933],[23.2656659,42.7247495],[23.2660728,42.7245277],[23.2669762,42.7240335],[23.2670863,42.7239733],[23.2671383,42.7239448],[23.2672261,42.7238969],[23.2673319,42.7238386],[23.2674757,42.72376],[23.2678141,42.723575],[23.2679851,42.7234815],[23.2683938,42.723258],[23.268635,42.7231261],[23.2687263,42.7230765],[23.2689915,42.7229328],[23.2693055,42.7227597],[23.2696364,42.7225772],[23.2700092,42.7223693],[23.2700898,42.7223202],[23.2701237,42.7223023],[23.2701589,42.7222839],[23.2702505,42.7222337],[23.2704886,42.7221118],[23.27071,42.7219907],[23.2708821,42.7219023],[23.2714897,42.7215724],[23.2717734,42.7214183],[23.2724811,42.721041],[23.2729049,42.7208134],[23.2733286,42.7205858],[23.2734262,42.720532],[23.2734868,42.7204993],[23.2735238,42.7204789],[23.2736855,42.7203923],[23.2739105,42.7202742],[23.2739521,42.7202523],[23.2745169,42.7199445],[23.2746318,42.7198819],[23.2754641,42.7194375],[23.2756657,42.7193236],[23.2772045,42.7184968],[23.2776294,42.718271],[23.2781928,42.7179644],[23.2788931,42.7175535],[23.2799341,42.7169954],[23.2800561,42.7171193],[23.2803179,42.717364],[23.2804065,42.7174225],[23.2805945,42.717515],[23.2809418,42.7176081],[23.2814624,42.7176789],[23.2817298,42.7177085],[23.2821954,42.7177264],[23.2827089,42.7177239],[23.2832106,42.7177611],[23.2835721,42.7177786],[23.2840771,42.7177799],[23.284558,42.7178119],[23.2848003,42.7178533],[23.2853272,42.7180288],[23.285883,42.7183787],[23.2860942,42.7184957],[23.2893592,42.7200386],[23.2923648,42.7213964],[23.293224,42.7218444],[23.2934299,42.721949],[23.2941391,42.7222468],[23.2943959,42.7223619],[23.2944723,42.722416],[23.2945172,42.7224867],[23.2945565,42.7225655],[23.2946229,42.7226841],[23.2948355,42.7229515],[23.2948662,42.72299],[23.2938942,42.7233855],[23.2927333,42.723795],[23.2927351,42.7238782],[23.2920591,42.7240532],[23.2891628,42.7252011],[23.2880515,42.7256607],[23.2864335,42.726373],[23.2858708,42.7266011],[23.2827045,42.7278529],[23.2824328,42.7279049],[23.2822317,42.7279337],[23.2800255,42.7288784],[23.2785792,42.7294892],[23.2773218,42.7300355],[23.276347,42.7304626],[23.2740773,42.7314493],[23.2717894,42.7324443],[23.2698298,42.733542],[23.2689208,42.7341394],[23.2682942,42.7336983],[23.2683675,42.7336055],[23.2683878,42.7335454],[23.2683989,42.7334513],[23.2683806,42.7333831],[23.268332,42.7333091],[23.2681007,42.7330712],[23.2674513,42.7324393],[23.2674101,42.7323864],[23.2673971,42.732343],[23.2668909,42.7315862],[23.2664061,42.7310807],[23.2662548,42.7309313],[23.2661484,42.7308262],[23.2660576,42.7307358],[23.2660362,42.7307145],[23.2659783,42.7306572],[23.2653034,42.7299825],[23.2650779,42.7297746],[23.2647373,42.7294573],[23.2639579,42.7287126],[23.2630279,42.7278374],[23.262839,42.7275652],[23.2625873,42.7273329],[23.2623821,42.7271435],[23.2622233,42.7269907],[23.26207,42.7268432],[23.2619923,42.7267684]]]}},{"type":"Feature","id":"relation/16908343","properties":{"id":"osm-relation-16908343","name":"Mogilata"},"geometry":{"type":"Polygon","coordinates":[[[23.3202967,42.6141388],[23.3203052,42.6140566],[23.3205191,42.6139948],[23.320546,42.6139804],[23.3209244,42.6138381],[23.3211041,42.6137392],[23.3212391,42.6136545],[23.3212027,42.6136583],[23.3211679,42.6136308],[23.321457,42.6132983],[23.3217659,42.6129811],[23.3221625,42.612797],[23.3222242,42.6127457],[23.3226277,42.6126088],[23.322811,42.6125908],[23.3230303,42.6125976],[23.3233003,42.6128364],[23.3234089,42.6128382],[23.3235524,42.6126618],[23.3235837,42.6126103],[23.3236175,42.6125017],[23.3236198,42.612446],[23.3236484,42.6124293],[23.3236238,42.6122868],[23.3236486,42.6122583],[23.3236997,42.612246],[23.323704,42.6122538],[23.3237877,42.6123275],[23.3239554,42.6126423],[23.3240384,42.6127802],[23.324179,42.613083],[23.3242251,42.6132203],[23.3242855,42.6133578],[23.3243257,42.613467],[23.3244162,42.6136026],[23.3245435,42.6137721],[23.3247149,42.6139822],[23.3249824,42.6142037],[23.3247721,42.6142377],[23.324725,42.6142453],[23.3246228,42.614244],[23.3244879,42.6142623],[23.3236992,42.6145359],[23.32329,42.6146544],[23.3228152,42.6146321],[23.3226564,42.6146276],[23.3223372,42.6146187],[23.3223251,42.6146046],[23.3223029,42.6145953],[23.3220845,42.6145634],[23.3218838,42.6145129],[23.3217251,42.6144548],[23.3216371,42.6144132],[23.3217543,42.6140439],[23.3202967,42.6141388]]]}},{"type":"Feature","id":"relation/15789059","properties":{"id":"osm-relation-15789059","name":"Nadezhda 1"},"geometry":{"type":"Polygon","coordinates":[[[23.2880515,42.7256607],[23.2891628,42.7252011],[23.2920591,42.7240532],[23.2927351,42.7238782],[23.2927333,42.723795],[23.2938942,42.7233855],[23.2948662,42.72299],[23.2948474,42.7234457],[23.2949584,42.7234122],[23.2950928,42.7233976],[23.2955234,42.723383],[23.2962311,42.723378],[23.2983743,42.7233669],[23.2984074,42.7233667],[23.2995179,42.7233648],[23.2998631,42.723368],[23.3002258,42.7233859],[23.3011282,42.7234442],[23.3011876,42.723448],[23.3013432,42.7234576],[23.3014325,42.7234635],[23.3014722,42.7234659],[23.3023784,42.723513],[23.3029739,42.7235479],[23.3034714,42.723574],[23.304134,42.7236072],[23.3044165,42.7236384],[23.3045475,42.7236577],[23.3046586,42.7236754],[23.3048085,42.7237057],[23.3048935,42.7237266],[23.3049968,42.7237591],[23.3051123,42.7238065],[23.3051542,42.7238237],[23.3052041,42.7238458],[23.30534,42.7239074],[23.3052263,42.7240112],[23.3051823,42.724053],[23.304892,42.7243285],[23.3045712,42.7246283],[23.3044304,42.7247552],[23.3041473,42.7250165],[23.3039598,42.7251912],[23.303907,42.7252409],[23.3037464,42.7253894],[23.303489,42.7256352],[23.3030408,42.7260594],[23.3026394,42.7264411],[23.3026174,42.7264602],[23.3025772,42.726496],[23.302499,42.7265676],[23.3023449,42.7267087],[23.3021176,42.7269167],[23.301673,42.7273333],[23.3011939,42.7277773],[23.300967,42.7279927],[23.3009188,42.7280334],[23.3007429,42.7281934],[23.3004252,42.7284949],[23.3001365,42.7287615],[23.2996914,42.7291735],[23.299432,42.7294094],[23.2990675,42.7297481],[23.2989786,42.7298273],[23.2987056,42.7300802],[23.2983561,42.730403],[23.2981431,42.7305974],[23.2978414,42.7308785],[23.2977249,42.7309874],[23.2975468,42.7311517],[23.2975127,42.7311825],[23.2974036,42.7312793],[23.2971096,42.7315538],[23.2970035,42.7316551],[23.2969605,42.7316954],[23.296619,42.7320218],[23.2964934,42.7321418],[23.2964155,42.7322162],[23.2963461,42.7322826],[23.2961924,42.732174],[23.2961577,42.7321495],[23.2957684,42.7318746],[23.2956564,42.731786],[23.2954426,42.7316168],[23.2953768,42.7315647],[23.2947941,42.7311022],[23.294669,42.731001],[23.2942472,42.7306598],[23.2942147,42.7306335],[23.293951,42.7304203],[23.2937503,42.7302579],[23.2936181,42.7301486],[23.2935181,42.730066],[23.2934585,42.7300167],[23.2933629,42.7299403],[23.2933339,42.7299171],[23.2926635,42.7293813],[23.2925031,42.7292544],[23.2924054,42.7291771],[23.2923333,42.7291168],[23.2919743,42.7288346],[23.2918083,42.7286946],[23.2917178,42.7286209],[23.2912963,42.728282],[23.2912208,42.7282214],[23.2900786,42.7272964],[23.290005,42.7272387],[23.2898647,42.7271273],[23.2897659,42.7270517],[23.2896229,42.7269411],[23.2895965,42.7269204],[23.2895332,42.7268707],[23.2894361,42.726808],[23.289371,42.7267673],[23.2893475,42.7267525],[23.2890867,42.7265344],[23.2881317,42.7257454],[23.2880515,42.7256607]]]}},{"type":"Feature","id":"relation/15789060","properties":{"id":"osm-relation-15789060","name":"Nadezhda 2"},"geometry":{"type":"Polygon","coordinates":[[[23.2963461,42.7322826],[23.2964155,42.7322162],[23.2964934,42.7321418],[23.296619,42.7320218],[23.2969605,42.7316954],[23.2970035,42.7316551],[23.2971096,42.7315538],[23.2974036,42.7312793],[23.2975127,42.7311825],[23.2975468,42.7311517],[23.2977249,42.7309874],[23.2978414,42.7308785],[23.2981431,42.7305974],[23.2983561,42.730403],[23.2987056,42.7300802],[23.2989786,42.7298273],[23.2990675,42.7297481],[23.299432,42.7294094],[23.2996914,42.7291735],[23.3001365,42.7287615],[23.3004252,42.7284949],[23.3007429,42.7281934],[23.3009188,42.7280334],[23.300967,42.7279927],[23.3011939,42.7277773],[23.301673,42.7273333],[23.3021176,42.7269167],[23.3023449,42.7267087],[23.302499,42.7265676],[23.3025772,42.726496],[23.3026174,42.7264602],[23.3026394,42.7264411],[23.3030408,42.7260594],[23.303489,42.7256352],[23.3037464,42.7253894],[23.303907,42.7252409],[23.3039598,42.7251912],[23.3041473,42.7250165],[23.3044304,42.7247552],[23.3045712,42.7246283],[23.304892,42.7243285],[23.3049753,42.7243734],[23.3052249,42.7245079],[23.3061192,42.7249898],[23.3070781,42.7255145],[23.3071738,42.7257139],[23.3072201,42.7258104],[23.3073458,42.7260723],[23.3074995,42.7263896],[23.3076374,42.7266743],[23.3077029,42.7268082],[23.3078441,42.7270967],[23.3080549,42.7275276],[23.308222,42.7278794],[23.3082406,42.7279199],[23.3082603,42.7279626],[23.3082939,42.7280357],[23.3083353,42.7281046],[23.3084829,42.72835],[23.3085651,42.7284908],[23.3088093,42.7289091],[23.3089394,42.7291723],[23.3089913,42.7292774],[23.3090963,42.7294899],[23.3094299,42.7300869],[23.3097313,42.7307743],[23.3098279,42.7309698],[23.3098694,42.7310467],[23.3099314,42.7311617],[23.309997,42.7312833],[23.3101255,42.7315217],[23.3102235,42.7317131],[23.3105034,42.7322872],[23.3107952,42.7328859],[23.3108559,42.7330104],[23.3108716,42.7330427],[23.3108852,42.7330686],[23.3106278,42.7331978],[23.3100782,42.7334735],[23.309903,42.7335615],[23.3098635,42.7335813],[23.3094756,42.7337584],[23.3094525,42.7337695],[23.309325,42.733829],[23.3092948,42.7337951],[23.3092504,42.7337452],[23.3092212,42.7337125],[23.3091928,42.7336807],[23.3091137,42.7336271],[23.3090185,42.7335902],[23.3086335,42.7335787],[23.3085231,42.7335754],[23.3071034,42.7335329],[23.3068374,42.7335249],[23.3060548,42.7335015],[23.3052867,42.7334718],[23.3050952,42.7334644],[23.3035756,42.7334055],[23.3033998,42.7333987],[23.3031575,42.7333893],[23.3022154,42.7333527],[23.3021413,42.7333499],[23.3012448,42.7333152],[23.3002062,42.7332749],[23.2988723,42.7332333],[23.2986128,42.7332156],[23.2985189,42.7332092],[23.2983608,42.7331873],[23.2978989,42.7330824],[23.2976179,42.7330069],[23.297465,42.7329588],[23.2973478,42.7329122],[23.2968998,42.7326416],[23.2964628,42.7323582],[23.2964178,42.7323291],[23.2963461,42.7322826]]]}},{"type":"Feature","id":"relation/15789057","properties":{"id":"osm-relation-15789057","name":"Nadezhda 3"},"geometry":{"type":"Polygon","coordinates":[[[23.2827045,42.7278529],[23.2858708,42.7266011],[23.2864335,42.726373],[23.2880515,42.7256607],[23.2881317,42.7257454],[23.2890867,42.7265344],[23.2893475,42.7267525],[23.289371,42.7267673],[23.2894361,42.726808],[23.2895332,42.7268707],[23.2895965,42.7269204],[23.2896229,42.7269411],[23.2897659,42.7270517],[23.2898647,42.7271273],[23.290005,42.7272387],[23.2900786,42.7272964],[23.2912208,42.7282214],[23.2912963,42.728282],[23.2917178,42.7286209],[23.2918083,42.7286946],[23.2919743,42.7288346],[23.2923333,42.7291168],[23.2924054,42.7291771],[23.2925031,42.7292544],[23.2926635,42.7293813],[23.2933339,42.7299171],[23.2933629,42.7299403],[23.2934585,42.7300167],[23.2935181,42.730066],[23.2936181,42.7301486],[23.2937503,42.7302579],[23.293951,42.7304203],[23.2942147,42.7306335],[23.2942472,42.7306598],[23.294669,42.731001],[23.2947941,42.7311022],[23.2953768,42.7315647],[23.2954426,42.7316168],[23.2956564,42.731786],[23.2957684,42.7318746],[23.2961577,42.7321495],[23.2961924,42.732174],[23.2963461,42.7322826],[23.296241,42.7323769],[23.29617,42.7324405],[23.2959687,42.7326211],[23.2958422,42.7327345],[23.2957301,42.732835],[23.2955677,42.7329815],[23.29532,42.7332157],[23.2951027,42.7334147],[23.2950338,42.7334776],[23.2947101,42.7337729],[23.2945338,42.733933],[23.2942433,42.7342053],[23.2939838,42.7344456],[23.2936072,42.734782],[23.2935235,42.7348678],[23.2931326,42.7352382],[23.2930058,42.7353583],[23.2929617,42.7353989],[23.2928384,42.735327],[23.292738,42.7352685],[23.2922675,42.7349939],[23.2915901,42.7346031],[23.2915706,42.7345919],[23.291479,42.734539],[23.2913531,42.7344672],[23.290913,42.7342163],[23.2905183,42.7339912],[23.290358,42.7338998],[23.2891695,42.7332235],[23.2887822,42.733003],[23.2887533,42.7329866],[23.2886992,42.7329562],[23.2886633,42.7329352],[23.288596,42.7328966],[23.2885351,42.7328617],[23.2884763,42.7328279],[23.2881862,42.7326612],[23.28681,42.7318765],[23.2864098,42.7316429],[23.2863563,42.7316117],[23.2862461,42.731463],[23.2861647,42.731311],[23.2861186,42.7312387],[23.2860962,42.7312035],[23.2860179,42.7310807],[23.2857623,42.7306621],[23.2854983,42.7303276],[23.2851832,42.7299283],[23.2848319,42.7296495],[23.2842574,42.7291803],[23.2834257,42.7285011],[23.2829063,42.7280768],[23.2828129,42.7280029],[23.2827417,42.7279872],[23.2827288,42.7278985],[23.2827045,42.7278529]]]}},{"type":"Feature","id":"relation/15789058","properties":{"id":"osm-relation-15789058","name":"Nadezhda 4"},"geometry":{"type":"Polygon","coordinates":[[[23.2929617,42.7353989],[23.2930058,42.7353583],[23.2931326,42.7352382],[23.2935235,42.7348678],[23.2936072,42.734782],[23.2939838,42.7344456],[23.2942433,42.7342053],[23.2945338,42.733933],[23.2947101,42.7337729],[23.2950338,42.7334776],[23.2951027,42.7334147],[23.29532,42.7332157],[23.2955677,42.7329815],[23.2957301,42.732835],[23.2958422,42.7327345],[23.2959687,42.7326211],[23.29617,42.7324405],[23.296241,42.7323769],[23.2963461,42.7322826],[23.2964178,42.7323291],[23.2964628,42.7323582],[23.2968998,42.7326416],[23.2973478,42.7329122],[23.297465,42.7329588],[23.2976179,42.7330069],[23.2978989,42.7330824],[23.2983608,42.7331873],[23.2985189,42.7332092],[23.2986128,42.7332156],[23.2988723,42.7332333],[23.3002062,42.7332749],[23.3012448,42.7333152],[23.3021413,42.7333499],[23.3022154,42.7333527],[23.3031575,42.7333893],[23.3033998,42.7333987],[23.3035756,42.7334055],[23.3050952,42.7334644],[23.3052867,42.7334718],[23.3060548,42.7335015],[23.3068374,42.7335249],[23.3071034,42.7335329],[23.3085231,42.7335754],[23.3086335,42.7335787],[23.3090185,42.7335902],[23.3091137,42.7336271],[23.3091928,42.7336807],[23.3092212,42.7337125],[23.3092504,42.7337452],[23.3092948,42.7337951],[23.309325,42.733829],[23.309192,42.7338902],[23.3091522,42.7339094],[23.3088608,42.73405],[23.3077681,42.7345775],[23.3062791,42.7352944],[23.3054532,42.7356915],[23.3051713,42.7358265],[23.3049035,42.7359472],[23.3048887,42.7359538],[23.3048237,42.7359833],[23.3047146,42.736028],[23.304538,42.7361005],[23.3041906,42.7362252],[23.3038426,42.7363354],[23.3034624,42.7364448],[23.3031359,42.73653],[23.3029387,42.7365753],[23.3026678,42.7366314],[23.3018613,42.7367907],[23.3014377,42.7368764],[23.3013099,42.7369009],[23.3007229,42.7370161],[23.2999537,42.7371708],[23.2993586,42.7372895],[23.2992158,42.7373205],[23.2990743,42.7373584],[23.298912,42.7374082],[23.298709,42.7374866],[23.2985633,42.7375529],[23.2984474,42.7376125],[23.298334,42.7376766],[23.2981933,42.7377668],[23.2981027,42.7378351],[23.2979304,42.7379745],[23.2978593,42.7380129],[23.2977895,42.7380287],[23.2977305,42.7380326],[23.2976755,42.7380282],[23.2976152,42.7380154],[23.2975381,42.7379868],[23.2969872,42.7376918],[23.2969024,42.7376464],[23.2962092,42.7372733],[23.2960792,42.7372033],[23.2958832,42.7370978],[23.2944056,42.7362393],[23.2939048,42.7359483],[23.2937032,42.7358312],[23.2931275,42.7354956],[23.2929617,42.7353989]]]}},{"type":"Feature","id":"relation/16908437","properties":{"id":"osm-relation-16908437","name":"Natsionalen Kinotsentar"},"geometry":{"type":"Polygon","coordinates":[[[23.2791027,42.6384624],[23.2793954,42.637192],[23.2810639,42.6366428],[23.2825514,42.6358917],[23.2834489,42.6360712],[23.2866883,42.6337141],[23.2895606,42.6342271],[23.2895875,42.6342538],[23.2897779,42.634309],[23.2898865,42.6343919],[23.2902666,42.6347088],[23.2904564,42.6348946],[23.2907885,42.6352349],[23.2913331,42.6357914],[23.2920929,42.6361656],[23.2923968,42.6362975],[23.2929193,42.6364731],[23.2933508,42.636572],[23.2939162,42.636692],[23.2944067,42.6368019],[23.2945239,42.6368721],[23.2946239,42.6370834],[23.2946697,42.6371457],[23.2947294,42.6371955],[23.2948262,42.6372239],[23.2949877,42.6372682],[23.2966843,42.6378545],[23.297073,42.6380626],[23.296862,42.6382506],[23.2967498,42.6383507],[23.2963414,42.6387591],[23.296074,42.6390385],[23.2952112,42.6398732],[23.2943701,42.6406847],[23.2939755,42.6410759],[23.2935534,42.6413953],[23.293463,42.641436],[23.2931252,42.6415855],[23.2930255,42.6416331],[23.2926703,42.6418077],[23.2923653,42.6419575],[23.2920514,42.6421011],[23.2916107,42.6422703],[23.2909436,42.642412],[23.2907533,42.6424326],[23.2904123,42.6424694],[23.2897857,42.6424942],[23.2896659,42.6424989],[23.2895202,42.6424994],[23.2890317,42.642501],[23.2877692,42.6425052],[23.2873482,42.6425094],[23.2869547,42.642514],[23.2858436,42.6425264],[23.2858031,42.6425269],[23.2851142,42.6425351],[23.2850632,42.6425352],[23.2849584,42.6425447],[23.2849091,42.6425492],[23.2847534,42.6425633],[23.284352,42.6426303],[23.2840114,42.6427022],[23.283737,42.6427609],[23.2831192,42.6428931],[23.2826566,42.6429904],[23.2820039,42.643125],[23.2814689,42.6432271],[23.28144,42.6431685],[23.2808934,42.6420596],[23.2807653,42.6419545],[23.2806916,42.6419051],[23.2801748,42.6415445],[23.2797363,42.6412963],[23.2796289,42.6412351],[23.2796944,42.6410906],[23.2796641,42.6408395],[23.2796681,42.6407195],[23.2795857,42.6389685],[23.2791027,42.6384624]]]}},{"type":"Feature","id":"relation/16935516","properties":{"id":"osm-relation-16935516","name":"Nova Mahala - Kv. Vrazhdebna"},"geometry":{"type":"Polygon","coordinates":[[[23.4388646,42.698588],[23.4398284,42.6966786],[23.4439675,42.6964097],[23.4434808,42.6923047],[23.4452296,42.6906251],[23.4484351,42.6899874],[23.4488602,42.6906487],[23.4481656,42.6931825],[23.449967,42.694426],[23.4504141,42.6956308],[23.449818,42.6963154],[23.4453099,42.699122],[23.4388646,42.698588]]]}},{"type":"Feature","id":"relation/15789015","properties":{"id":"osm-relation-15789015","name":"Obelya 1"},"geometry":{"type":"Polygon","coordinates":[[[23.2640767,42.7384548],[23.2682651,42.734597],[23.2689208,42.7341394],[23.2697808,42.7343413],[23.2705554,42.7350758],[23.2714449,42.7359262],[23.2717466,42.7362176],[23.2722367,42.7366909],[23.2723327,42.7367836],[23.2724588,42.7369019],[23.2726166,42.73705],[23.2727216,42.7371486],[23.2735789,42.7380226],[23.2742897,42.7387434],[23.2756515,42.7400442],[23.2757412,42.7401347],[23.276025,42.7404079],[23.2761655,42.7405388],[23.2763253,42.7406761],[23.276521,42.7408349],[23.2766777,42.7409587],[23.2768444,42.7410645],[23.2770482,42.7411795],[23.2774627,42.7413865],[23.2778018,42.7415235],[23.2782949,42.7416899],[23.2783695,42.7417165],[23.2784045,42.7417369],[23.278421,42.7417551],[23.2784297,42.7417776],[23.2784383,42.7418082],[23.2784297,42.7418585],[23.2784254,42.7418712],[23.2784145,42.7419007],[23.2783308,42.741889],[23.2782686,42.7418867],[23.2782024,42.7419014],[23.2781771,42.7419145],[23.2781566,42.7419253],[23.2781394,42.7419348],[23.2781177,42.74195],[23.2780961,42.7419693],[23.2780526,42.7420077],[23.2779895,42.7420468],[23.2779493,42.742072],[23.2777014,42.7422765],[23.2775623,42.7423783],[23.2773826,42.7424906],[23.2771383,42.742635],[23.2768677,42.7427465],[23.2767217,42.7427895],[23.2766845,42.7428005],[23.2766267,42.7428176],[23.2763928,42.7428654],[23.2761198,42.7428981],[23.2757769,42.742919],[23.2755082,42.7429228],[23.2749157,42.7429207],[23.2748926,42.7429207],[23.2748692,42.7429208],[23.2747903,42.742921],[23.2746785,42.7429209],[23.2745597,42.7429207],[23.2744863,42.7429206],[23.274328,42.7429215],[23.2738298,42.7429235],[23.2735577,42.7429256],[23.27178,42.7429301],[23.2715801,42.7429307],[23.2693895,42.741624],[23.2685714,42.7411375],[23.2684403,42.7410596],[23.2683798,42.7410373],[23.2678387,42.7406237],[23.2676268,42.7404592],[23.2657117,42.7393137],[23.2649478,42.7388523],[23.2646463,42.7387419],[23.2643507,42.7385434],[23.2640767,42.7384548]]]}},{"type":"Feature","id":"relation/16886623","properties":{"id":"osm-relation-16886623","name":"Orlandovtsi"},"geometry":{"type":"Polygon","coordinates":[[[23.3284161,42.7210839],[23.328564,42.7210233],[23.3302123,42.7203974],[23.3304288,42.7207242],[23.3307501,42.720554],[23.3304336,42.7199905],[23.3314903,42.7195885],[23.3317132,42.7200367],[23.3320635,42.7198485],[23.3326068,42.7206778],[23.333398,42.7202898],[23.333594,42.720407],[23.3376823,42.71824],[23.3375026,42.7179722],[23.3374938,42.7178907],[23.3375159,42.7178131],[23.337564,42.7177409],[23.3376384,42.7176793],[23.3377661,42.7176277],[23.3379307,42.7176123],[23.3381718,42.7176777],[23.3383388,42.7177329],[23.3383771,42.7177239],[23.3389843,42.7174305],[23.3396154,42.7167913],[23.3400149,42.7163867],[23.340033,42.7163501],[23.3400381,42.7163094],[23.3402264,42.7163786],[23.3404119,42.7161477],[23.340435,42.716117],[23.340512,42.7160232],[23.3405995,42.7159195],[23.3406057,42.7159121],[23.3414879,42.7148656],[23.3415626,42.714777],[23.3418288,42.7144398],[23.3419921,42.7142532],[23.3422005,42.7140174],[23.3434043,42.7127198],[23.3434243,42.7126983],[23.3434826,42.7126354],[23.3435628,42.7125528],[23.3435907,42.7125284],[23.3437447,42.712394],[23.3440808,42.712148],[23.3443,42.7120168],[23.34464,42.7118458],[23.3449035,42.7117352],[23.3452744,42.7116105],[23.3456058,42.7115159],[23.3461264,42.7113598],[23.346204,42.7113363],[23.3463802,42.7114311],[23.3464378,42.7114136],[23.346588,42.7113679],[23.3469159,42.711559],[23.3474396,42.7119351],[23.3481835,42.7124995],[23.3483774,42.7126718],[23.3485329,42.7127781],[23.3488417,42.7129766],[23.3515777,42.7149574],[23.3523291,42.7154901],[23.3524816,42.7156126],[23.352742,42.7158676],[23.3529318,42.7161537],[23.3529691,42.7164975],[23.3529598,42.7166285],[23.3528927,42.7170451],[23.3527059,42.7178619],[23.3522806,42.7197473],[23.3521896,42.7201509],[23.352046,42.7210855],[23.3520919,42.7220095],[23.3520638,42.7227653],[23.3521047,42.7229348],[23.3524163,42.7234161],[23.3529486,42.7242985],[23.3543873,42.726468],[23.35272,42.727018],[23.3465076,42.7301392],[23.3469002,42.7308207],[23.3463539,42.7310821],[23.3460336,42.7312354],[23.345188,42.7316102],[23.3443566,42.732023],[23.3436849,42.7323413],[23.3427789,42.7327625],[23.3426132,42.7328396],[23.3421055,42.7330716],[23.3417969,42.7332102],[23.3414444,42.733362],[23.3408471,42.7336027],[23.3400924,42.7338854],[23.3380811,42.7345942],[23.3348247,42.7302218],[23.3347058,42.7298023],[23.3345757,42.7292729],[23.3344286,42.728723],[23.3343238,42.7283308],[23.3337915,42.7263408],[23.3306999,42.7265295],[23.3306467,42.7265814],[23.3305977,42.7264836],[23.3304475,42.7258996],[23.3303993,42.7257119],[23.3302089,42.725071],[23.3301807,42.7249761],[23.3300899,42.7246644],[23.3300148,42.7244067],[23.3299862,42.7243088],[23.3299484,42.724179],[23.3298387,42.7238025],[23.3297545,42.7234988],[23.3297336,42.7234254],[23.3296717,42.7231984],[23.3295014,42.7226741],[23.3291498,42.7221544],[23.3289213,42.7217948],[23.3288375,42.721663],[23.3284161,42.7210839]]]}},{"type":"Feature","id":"relation/16919874+relation/16919906","properties":{"id":"osm-relations-16919874-16919906","name":"Ovcha Kupel"},"geometry":{"type":"MultiPolygon","coordinates":[[[[23.2470813,42.6798417],[23.2473674,42.6796915],[23.2476643,42.6795029],[23.2478322,42.6793856],[23.248081,42.6792083],[23.248207,42.6790857],[23.2484915,42.6788219],[23.2486683,42.6786297],[23.2490508,42.6780921],[23.2491967,42.6778347],[23.2493266,42.6775725],[23.2494003,42.6773899],[23.2494859,42.6771396],[23.2495546,42.6768563],[23.2495978,42.6766092],[23.2496054,42.6765581],[23.2496122,42.6765125],[23.2496188,42.6764677],[23.2496766,42.6760788],[23.2496964,42.6759454],[23.2496997,42.6759233],[23.2497421,42.6756383],[23.2498657,42.6748077],[23.2499355,42.6743829],[23.250054,42.6739666],[23.2501737,42.6736481],[23.250249,42.6734646],[23.2503058,42.673339],[23.250369,42.673227],[23.2504711,42.6730541],[23.2505433,42.6729385],[23.2506076,42.6728468],[23.2507717,42.6726299],[23.2509399,42.6724389],[23.2511422,42.6722327],[23.2514199,42.6720061],[23.2514311,42.6719955],[23.2515705,42.6718825],[23.2516021,42.671855],[23.2516494,42.6718139],[23.2517962,42.6716944],[23.2518635,42.6716378],[23.2519309,42.6715811],[23.2535055,42.670319],[23.254384,42.6696062],[23.2548871,42.6692052],[23.25492,42.6691788],[23.2550159,42.6690742],[23.2550831,42.6690201],[23.255128,42.6689839],[23.2556342,42.6685762],[23.2561404,42.6681685],[23.256858,42.6675904],[23.2575184,42.6670585],[23.2577466,42.6668746],[23.257784,42.6668444],[23.2578598,42.6667834],[23.2583568,42.6663831],[23.2597867,42.665166],[23.2606147,42.665457],[23.2627763,42.6662528],[23.2629226,42.6663206],[23.2630529,42.6663918],[23.265173,42.6676093],[23.2656389,42.667873],[23.2656544,42.6678816],[23.2658049,42.6679673],[23.2658797,42.6680097],[23.2659111,42.6680272],[23.2659367,42.668042],[23.2659397,42.6680438],[23.2660089,42.668083],[23.2663075,42.6682527],[23.2663188,42.6682591],[23.266445,42.6683306],[23.2670287,42.6686614],[23.2718726,42.671405],[23.272285,42.6716412],[23.2723443,42.6716754],[23.2724671,42.6717457],[23.2724704,42.6717475],[23.2725002,42.671764],[23.27252,42.671775],[23.2725623,42.6717983],[23.2725734,42.6718045],[23.2724628,42.6718874],[23.2724215,42.6719183],[23.2723618,42.67196],[23.2722336,42.6720468],[23.271847,42.6723113],[23.2714518,42.6725841],[23.2714189,42.6726069],[23.270781,42.6730472],[23.2705483,42.6732083],[23.2704672,42.6732644],[23.2699619,42.673614],[23.2696339,42.6738414],[23.2695954,42.6738681],[23.2694813,42.6739461],[23.2694091,42.6739959],[23.2693589,42.6740358],[23.2692022,42.6742226],[23.2692937,42.6742974],[23.2694657,42.6744692],[23.2696026,42.6747025],[23.2706239,42.6769428],[23.2709318,42.6778839],[23.2711191,42.6785118],[23.2712772,42.678874],[23.27129,42.6788956],[23.2714465,42.6791604],[23.2716781,42.6794124],[23.2719341,42.6797275],[23.2728802,42.6805922],[23.273249,42.680875],[23.2736684,42.6812443],[23.2738627,42.6814356],[23.2740509,42.6815642],[23.274268,42.6816446],[23.2744599,42.6817157],[23.2747133,42.681821],[23.2748993,42.6819434],[23.2749455,42.682003],[23.2750755,42.682171],[23.2752471,42.6822953],[23.2754996,42.6823937],[23.2758891,42.6825488],[23.2763944,42.6828277],[23.2767053,42.6830059],[23.277161,42.6833857],[23.2774007,42.6835666],[23.2771909,42.6837021],[23.276288,42.6843046],[23.2760741,42.6844493],[23.2758858,42.6845613],[23.2754853,42.6847614],[23.2744147,42.6852449],[23.2741128,42.685396],[23.2738867,42.6855092],[23.273761,42.6855987],[23.273719,42.6856531],[23.2737024,42.6857056],[23.2737046,42.6857702],[23.2737361,42.6858752],[23.2737864,42.6861057],[23.2738052,42.6862061],[23.2738093,42.6862958],[23.2737945,42.6863784],[23.2737299,42.6865014],[23.2727105,42.6871807],[23.2725308,42.6872967],[23.2723606,42.6874373],[23.2723351,42.6874549],[23.2722483,42.6875147],[23.2721362,42.687592],[23.2716366,42.6879365],[23.2711887,42.6882454],[23.2689993,42.6898475],[23.2689126,42.6899473],[23.2687711,42.6901474],[23.2682583,42.6901822],[23.2675864,42.6902268],[23.2676027,42.6901468],[23.2675864,42.6900529],[23.2674775,42.689949],[23.2673127,42.6898865],[23.2663925,42.6899076],[23.2663324,42.6900253],[23.2662849,42.6902443],[23.2661785,42.690293],[23.2661835,42.6903795],[23.2662095,42.6904672],[23.2662323,42.6905441],[23.2658694,42.6905635],[23.2658794,42.6904899],[23.265788,42.6904614],[23.2657517,42.6903096],[23.2649833,42.6903168],[23.2649204,42.6903174],[23.2648742,42.6915081],[23.2645901,42.6915311],[23.2641908,42.6912965],[23.2637178,42.6911778],[23.2634782,42.6909248],[23.2620837,42.6913122],[23.2618736,42.691775],[23.2615249,42.691773],[23.2614284,42.692258],[23.2608061,42.6922048],[23.2603072,42.6921772],[23.2602938,42.6920825],[23.2600407,42.6921063],[23.2597794,42.691643],[23.2588881,42.6915215],[23.2588982,42.6913475],[23.2588565,42.6910779],[23.258772,42.6906392],[23.2586415,42.6905151],[23.2585777,42.6902817],[23.2585469,42.6902033],[23.25878,42.6901373],[23.2588873,42.6901069],[23.2591174,42.6900296],[23.2592241,42.6899938],[23.2592449,42.6899868],[23.2593874,42.6899295],[23.2595887,42.6898486],[23.2598054,42.6897594],[23.2599196,42.6897051],[23.2599427,42.6896941],[23.2600405,42.6896476],[23.2602053,42.6895692],[23.2603873,42.6894863],[23.2605637,42.6894059],[23.2606697,42.6893576],[23.2608859,42.689259],[23.2610254,42.6891939],[23.2613319,42.6890508],[23.2618157,42.6888241],[23.262142,42.6886695],[23.2623791,42.6885572],[23.2626286,42.68844],[23.2626787,42.6884156],[23.2626983,42.6884061],[23.2629806,42.68827],[23.2632074,42.6881607],[23.2633789,42.6880684],[23.2634581,42.6880274],[23.2635477,42.6879809],[23.2641512,42.6876328],[23.2645093,42.6873914],[23.2651583,42.6869858],[23.2652542,42.6869431],[23.2658878,42.6865419],[23.2662821,42.6863046],[23.2664663,42.6861918],[23.2666915,42.6860332],[23.2670188,42.6857937],[23.2673017,42.6855955],[23.2674605,42.6854699],[23.2676021,42.6853412],[23.2677386,42.6852215],[23.2677911,42.6851718],[23.2679257,42.6850373],[23.2681197,42.6848435],[23.2683839,42.6845744],[23.2686436,42.6843239],[23.2687488,42.6842224],[23.2686028,42.6842061],[23.2685517,42.6841993],[23.268228,42.6841613],[23.2681183,42.6841484],[23.2675322,42.6840748],[23.2672253,42.6840395],[23.2671246,42.6840279],[23.2671459,42.6837498],[23.266405,42.6832923],[23.2668874,42.6825544],[23.2661538,42.6826706],[23.265575,42.6827582],[23.2649202,42.6827906],[23.2639518,42.6827677],[23.263869,42.68274],[23.2638367,42.6826942],[23.2636647,42.682872],[23.2633177,42.6833274],[23.2632644,42.6833712],[23.2629366,42.6834229],[23.2629047,42.6834401],[23.2628621,42.6835136],[23.2627045,42.6835543],[23.2626109,42.6836091],[23.2625364,42.6836795],[23.2624172,42.6837246],[23.2623321,42.6839376],[23.2622838,42.6841436],[23.2623214,42.6842146],[23.2638856,42.6844222],[23.2640044,42.6844295],[23.2639491,42.6846988],[23.2639099,42.6848899],[23.2638824,42.6850238],[23.2638234,42.6853112],[23.2622845,42.6851173],[23.2593045,42.6845805],[23.2584554,42.6843233],[23.2572976,42.6841115],[23.2564744,42.6840342],[23.25596,42.6841331],[23.2557097,42.6840236],[23.2555702,42.6840345],[23.2554968,42.6840207],[23.254437,42.6838225],[23.2537249,42.68361],[23.2533967,42.6836022],[23.2532348,42.6835888],[23.2528911,42.6835326],[23.2525192,42.6833652],[23.2520792,42.6830895],[23.2502342,42.6826363],[23.249028,42.6819598],[23.2485143,42.6820156],[23.2476139,42.6804144],[23.2470813,42.6798417]]],[[[23.2354636,42.685775],[23.2361913,42.6854137],[23.2368624,42.6850709],[23.2380646,42.6844346],[23.2398854,42.6835001],[23.2402756,42.6833186],[23.2405718,42.6831748],[23.2407352,42.6830923],[23.2407606,42.683079],[23.2410716,42.682916],[23.2414206,42.6827339],[23.241875,42.6824956],[23.2419208,42.682473],[23.2419906,42.6824366],[23.2423337,42.6822576],[23.2426019,42.6821177],[23.243709,42.6815381],[23.2446587,42.6810638],[23.2453262,42.6807305],[23.2455486,42.6806244],[23.2460933,42.6803563],[23.2462733,42.6802634],[23.2467384,42.6800232],[23.2468711,42.6799521],[23.2470813,42.6798417],[23.2476139,42.6804144],[23.2485143,42.6820156],[23.249028,42.6819598],[23.2502342,42.6826363],[23.2520792,42.6830895],[23.2525192,42.6833652],[23.2528911,42.6835326],[23.2532348,42.6835888],[23.2533967,42.6836022],[23.2537249,42.68361],[23.254437,42.6838225],[23.2554968,42.6840207],[23.2555702,42.6840345],[23.2557097,42.6840236],[23.25596,42.6841331],[23.2564744,42.6840342],[23.2572976,42.6841115],[23.2584554,42.6843233],[23.2593045,42.6845805],[23.2622845,42.6851173],[23.2638234,42.6853112],[23.2638824,42.6850238],[23.2639099,42.6848899],[23.2639491,42.6846988],[23.2640044,42.6844295],[23.2638856,42.6844222],[23.2623214,42.6842146],[23.2622838,42.6841436],[23.2623321,42.6839376],[23.2624172,42.6837246],[23.2625364,42.6836795],[23.2626109,42.6836091],[23.2627045,42.6835543],[23.2628621,42.6835136],[23.2629047,42.6834401],[23.2629366,42.6834229],[23.2632644,42.6833712],[23.2633177,42.6833274],[23.2636647,42.682872],[23.2638367,42.6826942],[23.263869,42.68274],[23.2639518,42.6827677],[23.2649202,42.6827906],[23.265575,42.6827582],[23.2661538,42.6826706],[23.2668874,42.6825544],[23.266405,42.6832923],[23.2671459,42.6837498],[23.2671246,42.6840279],[23.2672253,42.6840395],[23.2675322,42.6840748],[23.2681183,42.6841484],[23.268228,42.6841613],[23.2685517,42.6841993],[23.2686028,42.6842061],[23.2687488,42.6842224],[23.2686436,42.6843239],[23.2683839,42.6845744],[23.2681197,42.6848435],[23.2679257,42.6850373],[23.2677911,42.6851718],[23.2677386,42.6852215],[23.2676021,42.6853412],[23.2674605,42.6854699],[23.2673017,42.6855955],[23.2670188,42.6857937],[23.2666915,42.6860332],[23.2664663,42.6861918],[23.2662821,42.6863046],[23.2658878,42.6865419],[23.2652542,42.6869431],[23.2651583,42.6869858],[23.2645093,42.6873914],[23.2641512,42.6876328],[23.2635477,42.6879809],[23.2634581,42.6880274],[23.2633789,42.6880684],[23.2632074,42.6881607],[23.2629806,42.68827],[23.2626983,42.6884061],[23.2626787,42.6884156],[23.2626286,42.68844],[23.2623791,42.6885572],[23.262142,42.6886695],[23.2618157,42.6888241],[23.2613319,42.6890508],[23.2610254,42.6891939],[23.2608859,42.689259],[23.2606697,42.6893576],[23.2605637,42.6894059],[23.2603873,42.6894863],[23.2602053,42.6895692],[23.2600405,42.6896476],[23.2599427,42.6896941],[23.2599196,42.6897051],[23.2598054,42.6897594],[23.2595887,42.6898486],[23.2593874,42.6899295],[23.2592449,42.6899868],[23.2592241,42.6899938],[23.2591174,42.6900296],[23.2588873,42.6901069],[23.25878,42.6901373],[23.2585469,42.6902033],[23.2583438,42.6902636],[23.2582163,42.6902869],[23.2578765,42.6903489],[23.257543,42.6904077],[23.257427,42.6904256],[23.2571541,42.6904678],[23.2571051,42.6904718],[23.2566508,42.6905088],[23.2566186,42.6905114],[23.2565239,42.6905191],[23.2564957,42.6905214],[23.2562242,42.6905341],[23.2561482,42.6905376],[23.2559143,42.6905393],[23.2558609,42.6905397],[23.255826,42.69054],[23.2554775,42.6905218],[23.2552918,42.6905055],[23.2551353,42.6904885],[23.2545817,42.6904261],[23.2544437,42.6904106],[23.2542287,42.6903822],[23.254202,42.6903786],[23.2541848,42.6903756],[23.2541632,42.6904433],[23.2541576,42.6904635],[23.2540429,42.6907688],[23.253793,42.6914338],[23.2535264,42.6921435],[23.25349,42.6922458],[23.2520859,42.6920091],[23.2518712,42.691973],[23.2510845,42.69189],[23.2508049,42.6918723],[23.2503537,42.6918755],[23.2498607,42.6919083],[23.2443497,42.692562],[23.2440912,42.6925845],[23.2437498,42.6925967],[23.243144,42.6926102],[23.2426956,42.692597],[23.242219,42.6925509],[23.2416678,42.6924539],[23.2411219,42.6923266],[23.2407328,42.6922036],[23.2403612,42.6920628],[23.2398995,42.69185],[23.2394607,42.6916161],[23.2391182,42.6913922],[23.2388142,42.691171],[23.2384721,42.6908723],[23.2381557,42.6905235],[23.2379037,42.6902155],[23.2376867,42.689887],[23.2367352,42.6884344],[23.2362335,42.6876178],[23.2360233,42.6871991],[23.2359198,42.6869783],[23.2358528,42.6867496],[23.2357965,42.686438],[23.2357723,42.6861462],[23.2357629,42.6859103],[23.2356881,42.6857219],[23.2354636,42.685775]]]]}},{"type":"Feature","id":"relation/16859662","properties":{"id":"osm-relation-16859662","name":"Panorama Boyana"},"geometry":{"type":"Polygon","coordinates":[[[23.2542796,42.6572304],[23.2543567,42.656752],[23.2544613,42.6564216],[23.2545887,42.6562095],[23.2549629,42.6557711],[23.2554964,42.6560764],[23.2557143,42.6561664],[23.2562345,42.6563642],[23.2562041,42.6564779],[23.2562114,42.6565621],[23.2562788,42.6566836],[23.2564134,42.6568326],[23.256485,42.656959],[23.2564528,42.6575457],[23.2561051,42.6574955],[23.2556874,42.6574355],[23.2551664,42.6573683],[23.2549924,42.6573482],[23.2543473,42.6572496],[23.2542796,42.6572304]]]}},{"type":"Feature","id":"relation/16915439","properties":{"id":"osm-relation-16915439","name":"Podlozishte"},"geometry":{"type":"Polygon","coordinates":[[[23.2216215,42.687491],[23.2229978,42.6868096],[23.2233086,42.6871063],[23.2234028,42.6873178],[23.2236164,42.6871919],[23.2239229,42.6872466],[23.2243038,42.687465],[23.2244245,42.6876767],[23.224666,42.687745],[23.2248889,42.6876084],[23.224954,42.68711],[23.2250933,42.6863863],[23.225567,42.6856011],[23.2261336,42.6850617],[23.2265701,42.6847886],[23.2268581,42.684734],[23.2272203,42.6847545],[23.2275361,42.684891],[23.2282089,42.6847772],[23.2291007,42.6839037],[23.2292733,42.6838182],[23.2299191,42.6837169],[23.2299908,42.6835573],[23.2305072,42.6825535],[23.2315122,42.6829196],[23.2314444,42.6829983],[23.2318548,42.6831741],[23.2313552,42.6837355],[23.2317799,42.6839061],[23.2321082,42.6835729],[23.2327149,42.6839716],[23.2324544,42.6841973],[23.2338961,42.6849266],[23.2341531,42.6848374],[23.2349889,42.6855057],[23.2354636,42.685775],[23.2334329,42.6867652],[23.2332803,42.6868422],[23.2328673,42.6870673],[23.2326504,42.6871857],[23.2326031,42.6872116],[23.2324142,42.6873307],[23.2322639,42.6874255],[23.2319804,42.6876176],[23.2314256,42.6880995],[23.2310219,42.6885881],[23.2307787,42.688952],[23.2306053,42.6892778],[23.2305033,42.6895223],[23.2303843,42.689896],[23.2303108,42.690264],[23.2303006,42.6903706],[23.2301146,42.690448],[23.2298899,42.6903654],[23.2298121,42.6904194],[23.2292806,42.6904639],[23.2285979,42.690213],[23.2278375,42.690165],[23.2277155,42.69015],[23.2275654,42.6901307],[23.2274606,42.6901065],[23.2273931,42.6900918],[23.2273255,42.6900857],[23.2273099,42.6900666],[23.2272862,42.6900519],[23.2272271,42.6900225],[23.2268309,42.6897371],[23.2266843,42.6896589],[23.2268677,42.6894904],[23.2268302,42.6893826],[23.2266012,42.6892701],[23.2253206,42.6889212],[23.2245302,42.688475],[23.224369,42.6884181],[23.2239396,42.6889022],[23.2229575,42.6883497],[23.222843,42.6882433],[23.2224047,42.6877907],[23.2221812,42.6876405],[23.2220292,42.6875383],[23.2219203,42.6875257],[23.2216215,42.687491]]]}},{"type":"Feature","id":"relation/16855447","properties":{"id":"osm-relation-16855447","name":"Poduyane"},"geometry":{"type":"Polygon","coordinates":[[[23.3436569,42.691928],[23.3436728,42.6918537],[23.3437236,42.6916267],[23.3438518,42.6910545],[23.3454774,42.6901133],[23.3468121,42.6893565],[23.3472232,42.6891144],[23.3472481,42.6890997],[23.3480256,42.6886309],[23.3481037,42.6885838],[23.3481502,42.6885558],[23.3482772,42.6884817],[23.3487757,42.6881907],[23.3494031,42.6878062],[23.3500317,42.6874424],[23.3500485,42.6874324],[23.3501865,42.6873508],[23.3506526,42.6870664],[23.3509611,42.6868939],[23.3510236,42.6868579],[23.3514185,42.68663],[23.3514997,42.6865838],[23.3515674,42.6865461],[23.3515846,42.6865365],[23.3516401,42.6865856],[23.3517717,42.6867156],[23.3518819,42.6868368],[23.351984,42.6869617],[23.3520779,42.68709],[23.3521632,42.6872216],[23.3522399,42.687356],[23.352668,42.6880989],[23.3534033,42.689323],[23.3534356,42.6893787],[23.3535464,42.6893487],[23.353624,42.6893226],[23.3540134,42.6891919],[23.354104,42.689163],[23.354379,42.6890754],[23.3544647,42.6890291],[23.3548928,42.6890339],[23.3548522,42.689003],[23.3548294,42.6889694],[23.3548146,42.6889389],[23.3548012,42.6888674],[23.3551098,42.6888295],[23.3553672,42.6887803],[23.3554835,42.6887605],[23.3557826,42.6887121],[23.3561945,42.688635],[23.356504,42.6885846],[23.3568381,42.6885302],[23.3570151,42.6884975],[23.3572028,42.6884628],[23.3578954,42.6883348],[23.3580381,42.6883123],[23.3581313,42.6882976],[23.3587999,42.6881902],[23.3588669,42.6881808],[23.3595147,42.6880684],[23.3602652,42.6879385],[23.3603394,42.6879244],[23.3605885,42.6878769],[23.3625915,42.6873562],[23.3627871,42.687327],[23.3630004,42.6873051],[23.363205,42.6872854],[23.3632884,42.6872838],[23.3637178,42.6872753],[23.3638591,42.6872763],[23.3638704,42.6872764],[23.3643061,42.6872974],[23.3646212,42.6873613],[23.3651643,42.6874737],[23.3655794,42.6876114],[23.3656646,42.6876433],[23.3657365,42.6876673],[23.3665235,42.6879481],[23.3667695,42.6880455],[23.3673377,42.688257],[23.3675618,42.688337],[23.3682277,42.6885837],[23.3680672,42.6888017],[23.3678807,42.689055],[23.367784,42.6891863],[23.3676843,42.6893217],[23.3675759,42.689469],[23.3674615,42.6896244],[23.3672836,42.6898234],[23.3670324,42.6901046],[23.3668444,42.6903176],[23.3663642,42.6908619],[23.3662458,42.6909961],[23.3660296,42.6910602],[23.3657719,42.6910602],[23.3654996,42.6910393],[23.3650896,42.6910078],[23.3648962,42.6909929],[23.3649882,42.6914792],[23.3651166,42.6917764],[23.3651507,42.6918582],[23.3652289,42.692025],[23.3653185,42.6922446],[23.3654229,42.6924647],[23.3654961,42.6926139],[23.3655541,42.6927325],[23.3655772,42.6927796],[23.3656535,42.692908],[23.3656804,42.6930351],[23.3657047,42.6931653],[23.3657349,42.6933477],[23.3657275,42.6933912],[23.3657164,42.6934573],[23.3656657,42.6935669],[23.3664303,42.6940975],[23.365939,42.6944375],[23.3658934,42.694469],[23.3657783,42.6945382],[23.3649492,42.6950368],[23.3641048,42.6954138],[23.3634761,42.6955957],[23.3633848,42.6956221],[23.3627624,42.695796],[23.3625247,42.695872],[23.3606496,42.6964356],[23.3605448,42.696468],[23.3595091,42.6966888],[23.3577646,42.697048],[23.3569153,42.6970295],[23.3569103,42.6971928],[23.3567805,42.69729],[23.3558096,42.6974302],[23.3551318,42.6974855],[23.3544177,42.6971819],[23.3540137,42.6976262],[23.3535145,42.6979564],[23.3529793,42.6981817],[23.3523862,42.6983613],[23.3494049,42.6989554],[23.347327,42.6993291],[23.3473091,42.6992448],[23.3473357,42.6991206],[23.3473271,42.6990856],[23.3472359,42.6987673],[23.3472202,42.6986917],[23.3472008,42.6986081],[23.347192,42.6985718],[23.347141,42.6983408],[23.3471307,42.6981918],[23.347164,42.6979884],[23.3471027,42.6979855],[23.3470467,42.6979765],[23.3469883,42.6979544],[23.3469137,42.6979022],[23.3469462,42.6978655],[23.3469686,42.6978293],[23.3469839,42.6977946],[23.346995,42.6977481],[23.3469988,42.6977177],[23.346998,42.6976632],[23.3469893,42.6976117],[23.3469426,42.6974123],[23.3468839,42.6971631],[23.3467935,42.6967152],[23.3467246,42.6963882],[23.3467167,42.6963508],[23.3467014,42.696278],[23.3466915,42.6962313],[23.346683,42.6961908],[23.3466763,42.6961587],[23.3466599,42.6960808],[23.346528,42.6954634],[23.3464247,42.6949764],[23.3463858,42.6948005],[23.3462728,42.6942701],[23.3462625,42.6942218],[23.3462504,42.6941638],[23.3462388,42.6941103],[23.3461793,42.6938912],[23.3460948,42.6937636],[23.3460063,42.6936867],[23.3459634,42.6936571],[23.3458494,42.6935916],[23.3456514,42.6934766],[23.3447302,42.6929071],[23.344628,42.6928437],[23.344346,42.6926688],[23.3442646,42.6926201],[23.3442023,42.6925797],[23.3443023,42.6925619],[23.3443525,42.6925513],[23.3444739,42.6925226],[23.3446232,42.6924887],[23.34475,42.6924616],[23.344522,42.692323],[23.3444986,42.6923074],[23.3441508,42.6921081],[23.3439593,42.692014],[23.3438115,42.6919651],[23.3436569,42.691928]]]}},{"type":"Feature","id":"relation/16898018","properties":{"id":"osm-relation-16898018","name":"Poligona"},"geometry":{"type":"Polygon","coordinates":[[[23.3741488,42.6645226],[23.3766638,42.6627327],[23.3800629,42.6603114],[23.3818647,42.6616159],[23.3820773,42.6614908],[23.3863512,42.6646128],[23.3853873,42.6652486],[23.3831958,42.6647483],[23.381395,42.6657631],[23.3806115,42.6661275],[23.3803979,42.6663878],[23.3791577,42.6672766],[23.3787027,42.6676066],[23.3784732,42.6677765],[23.3783985,42.6678317],[23.3782836,42.6677311],[23.3778514,42.6673754],[23.3771933,42.6668433],[23.3771117,42.6667771],[23.3766857,42.666436],[23.376335,42.6661701],[23.3761826,42.6660534],[23.3760132,42.6659237],[23.375788,42.6657512],[23.3756746,42.6656644],[23.3755507,42.6655694],[23.3754663,42.6655037],[23.3751545,42.6652607],[23.3746157,42.6648628],[23.3745948,42.6648462],[23.3745643,42.6648242],[23.3745357,42.6647994],[23.3744966,42.6647653],[23.3741488,42.6645226]]]}},{"type":"Feature","id":"relation/16859510","properties":{"id":"osm-relation-16859510","name":"Promishlena Zona Hladilnika"},"geometry":{"type":"Polygon","coordinates":[[[23.3128414,42.6576118],[23.3128553,42.6574965],[23.312859,42.6574766],[23.3129307,42.657119],[23.3129376,42.657085],[23.3129551,42.6570028],[23.3129685,42.6569341],[23.3131114,42.6569314],[23.313192,42.6569317],[23.3134717,42.6569285],[23.3144112,42.6569136],[23.3146882,42.6569081],[23.3150809,42.6569001],[23.3151933,42.6568978],[23.315769,42.6568848],[23.3160071,42.6568812],[23.3162285,42.6568768],[23.3163166,42.6568759],[23.3167779,42.6568676],[23.3174059,42.6568566],[23.3184833,42.6568372],[23.3189429,42.6568295],[23.3193695,42.656822],[23.3202067,42.6568072],[23.3211,42.6567925],[23.3211707,42.6567913],[23.3213954,42.6567863],[23.3215918,42.6567828],[23.3216585,42.6567817],[23.3223451,42.6567696],[23.3224078,42.6567685],[23.3226327,42.6567645],[23.322683,42.6567636],[23.3228774,42.6567602],[23.3239285,42.6567417],[23.3243974,42.6567334],[23.3247568,42.6567271],[23.3271619,42.6566847],[23.3277257,42.6566748],[23.3277949,42.6566752],[23.328012,42.6566639],[23.3280184,42.6567497],[23.3280164,42.6568402],[23.3280183,42.6573501],[23.3280219,42.6575789],[23.3280371,42.6578691],[23.3280491,42.658115],[23.3280574,42.6582504],[23.3280689,42.6584677],[23.328058,42.658637],[23.3280479,42.658703],[23.3280312,42.6587569],[23.3280064,42.6588078],[23.3279575,42.6588821],[23.3278745,42.658947],[23.3277944,42.6589909],[23.3276957,42.6590336],[23.3275902,42.6590697],[23.3274173,42.6591005],[23.3272254,42.6591219],[23.3272651,42.6592091],[23.3274215,42.6595524],[23.3275645,42.6598661],[23.3275891,42.6599201],[23.3276048,42.6599548],[23.3276437,42.66004],[23.3278507,42.6604926],[23.3279423,42.6606994],[23.3279703,42.6607625],[23.3280341,42.6609845],[23.328045,42.661041],[23.3280315,42.6610777],[23.3280124,42.6610966],[23.3279686,42.6611149],[23.3267059,42.6614415],[23.3264609,42.6615097],[23.3263718,42.6615407],[23.3262787,42.6615731],[23.3261141,42.6616492],[23.3260163,42.661696],[23.3259518,42.6617136],[23.3258623,42.6617205],[23.3257073,42.6620185],[23.3252111,42.6622927],[23.3246859,42.6626707],[23.3243689,42.6627693],[23.3249045,42.6634026],[23.3251075,42.6635026],[23.3279489,42.6644404],[23.3290076,42.6647898],[23.3286457,42.6654028],[23.3281057,42.666315],[23.3272865,42.6678811],[23.3265303,42.6676418],[23.326372,42.6675937],[23.3263307,42.667581],[23.3260095,42.6674833],[23.3256214,42.6673648],[23.3254996,42.6673273],[23.3253464,42.6672799],[23.3243421,42.66697],[23.3229088,42.6665279],[23.3211511,42.665983],[23.3207322,42.6658533],[23.3200779,42.6656537],[23.3189515,42.6653001],[23.3186543,42.6652102],[23.3178632,42.6649659],[23.3175604,42.6648766],[23.3175398,42.6648711],[23.3175032,42.6646582],[23.3174985,42.664632],[23.3173207,42.6636436],[23.3172699,42.6633614],[23.3172482,42.663245],[23.317191,42.6629374],[23.3171686,42.6628365],[23.317101,42.6624729],[23.3169814,42.6618117],[23.3168771,42.6612515],[23.3168155,42.6609208],[23.3167832,42.6607471],[23.3167091,42.660349],[23.3167024,42.6603058],[23.3166932,42.6602502],[23.3166811,42.6601765],[23.3166128,42.6598422],[23.3166052,42.659805],[23.3165931,42.6597458],[23.3165525,42.6595472],[23.3165478,42.6595244],[23.3165259,42.6594178],[23.3165029,42.6592953],[23.31622,42.659169],[23.3161405,42.6591335],[23.3157851,42.6589748],[23.3154232,42.6588044],[23.314774,42.658498],[23.3146167,42.6584253],[23.3142368,42.6582498],[23.3140686,42.6581721],[23.313803,42.6580493],[23.3135434,42.6579294],[23.3134766,42.6578985],[23.3132897,42.6578122],[23.3132493,42.6577935],[23.31322,42.65778],[23.3128414,42.6576118]]]}},{"type":"Feature","id":"relation/16877114","properties":{"id":"osm-relation-16877114","name":"Promishlena Zona Iliyantsi"},"geometry":{"type":"Polygon","coordinates":[[[23.2951988,42.7462977],[23.2972286,42.745158],[23.2993856,42.7444502],[23.3006152,42.7440155],[23.3006618,42.743999],[23.3032042,42.7431117],[23.3034403,42.7430273],[23.3038157,42.7428816],[23.3040271,42.7428075],[23.3055844,42.7422547],[23.3057079,42.7422109],[23.3059537,42.7421238],[23.307271,42.7416556],[23.3083926,42.7412486],[23.3085118,42.7412054],[23.308721,42.7411295],[23.3093382,42.7409066],[23.3097349,42.7407616],[23.3098087,42.7407347],[23.3105813,42.7404534],[23.3110536,42.7402816],[23.3113078,42.7401899],[23.3119892,42.7399441],[23.3122729,42.7398417],[23.3126361,42.7397107],[23.3141292,42.7391719],[23.3147559,42.7389458],[23.3150142,42.7388526],[23.315091,42.7388249],[23.3154867,42.738688],[23.3162057,42.7384353],[23.316273,42.7384118],[23.3164892,42.7383363],[23.3165813,42.7383054],[23.316642,42.738285],[23.3167216,42.7382583],[23.3173734,42.7380394],[23.3176669,42.7379409],[23.3176953,42.7379313],[23.3213552,42.7369234],[23.32243,42.7396996],[23.3226124,42.7401707],[23.323854,42.7432701],[23.3256822,42.7480164],[23.3314493,42.7560911],[23.3284669,42.7567807],[23.3294932,42.7595566],[23.329999,42.760714],[23.3300863,42.7609486],[23.3302059,42.7612699],[23.331327,42.7642812],[23.3311775,42.764312],[23.327072,42.7651588],[23.3238812,42.7657918],[23.3222382,42.7609177],[23.3217047,42.7610195],[23.3215957,42.7606745],[23.3140355,42.7620132],[23.3140785,42.7623575],[23.3140642,42.7624773],[23.3141711,42.7630961],[23.3116804,42.7624597],[23.3097278,42.761798],[23.3015277,42.7536832],[23.3038634,42.753315],[23.3040227,42.7532351],[23.3030268,42.752731],[23.3024348,42.7520313],[23.3014907,42.7513317],[23.3009584,42.750975],[23.300598,42.7506826],[23.3003328,42.7503651],[23.2989329,42.7487035],[23.2979512,42.747518],[23.2975562,42.7471774],[23.2972186,42.7469574],[23.2968243,42.7467576],[23.2964659,42.7466557],[23.2959127,42.7465474],[23.2955084,42.7464505],[23.2951988,42.7462977]],[[23.30336,42.7431392],[23.3039857,42.7440479],[23.3044123,42.7439009],[23.3038256,42.7429709],[23.30336,42.7431392]],[[23.3090399,42.7502738],[23.3097225,42.7532721],[23.3112576,42.7532011],[23.3128773,42.7529526],[23.314058,42.752526],[23.3147602,42.7530577],[23.3157414,42.7537851],[23.316054,42.7539638],[23.3164181,42.7541327],[23.3167193,42.7542637],[23.3150654,42.7552177],[23.3163826,42.7563998],[23.318236,42.7554329],[23.3181858,42.7562187],[23.3179068,42.7565515],[23.3179256,42.7568194],[23.3183706,42.7570073],[23.3181911,42.7572398],[23.3189938,42.7574143],[23.3189233,42.7564562],[23.3189132,42.756326],[23.3188691,42.7552866],[23.3188636,42.7551581],[23.3201796,42.7548662],[23.3203193,42.754833],[23.3203522,42.7548258],[23.3205684,42.754774],[23.3206544,42.7547547],[23.3206233,42.7543258],[23.3205962,42.7538203],[23.3205632,42.7534529],[23.3204781,42.7523025],[23.3203972,42.7511921],[23.320367,42.7507832],[23.3203367,42.7503614],[23.3202822,42.749575],[23.3202357,42.7493195],[23.320152,42.7491386],[23.3199491,42.7488617],[23.3197755,42.7486829],[23.3190834,42.7480428],[23.3188634,42.7478199],[23.318648,42.747523],[23.3185685,42.7473918],[23.3184963,42.7472457],[23.3184524,42.7471265],[23.318407,42.7469624],[23.3183561,42.7466454],[23.3183203,42.7461093],[23.318067,42.7461209],[23.3168721,42.7465138],[23.3165778,42.7460371],[23.3164842,42.7458724],[23.3155676,42.7461961],[23.3152749,42.7463011],[23.3152024,42.7463179],[23.3151339,42.7463203],[23.3140312,42.7467079],[23.3144163,42.7473366],[23.3127701,42.7479323],[23.3099161,42.7489351],[23.3101144,42.7492302],[23.3103758,42.7496515],[23.3104308,42.7496712],[23.3090399,42.7502738]]]}},{"type":"Feature","id":"relation/16919963","properties":{"id":"osm-relation-16919963","name":"Ravnishte"},"geometry":{"type":"Polygon","coordinates":[[[23.218014,42.6851601],[23.2184789,42.6851538],[23.2185433,42.6851163],[23.218613,42.6850808],[23.2187605,42.6850552],[23.2189027,42.6850315],[23.2190314,42.684996],[23.2190686,42.6850383],[23.2216215,42.687491],[23.2219203,42.6875257],[23.2220292,42.6875383],[23.2221812,42.6876405],[23.2224047,42.6877907],[23.222843,42.6882433],[23.2229575,42.6883497],[23.2239396,42.6889022],[23.224369,42.6884181],[23.2245302,42.688475],[23.2253206,42.6889212],[23.2266012,42.6892701],[23.2268302,42.6893826],[23.2268677,42.6894904],[23.2266843,42.6896589],[23.2268309,42.6897371],[23.2272271,42.6900225],[23.2272862,42.6900519],[23.2273099,42.6900666],[23.2273255,42.6900857],[23.2273931,42.6900918],[23.2274606,42.6901065],[23.2275654,42.6901307],[23.2277155,42.69015],[23.2278375,42.690165],[23.2285979,42.690213],[23.2292806,42.6904639],[23.2298121,42.6904194],[23.2298899,42.6903654],[23.2301146,42.690448],[23.2303006,42.6903706],[23.2302819,42.6906396],[23.2302683,42.6910674],[23.2286521,42.6910805],[23.2271777,42.6909916],[23.2259567,42.6908812],[23.224936,42.691057],[23.2218258,42.6919245],[23.2208689,42.6906936],[23.2203585,42.6896503],[23.2203266,42.6882786],[23.218014,42.6851601]]]}},{"type":"Feature","id":"relation/16862942","properties":{"id":"osm-relation-16862942","name":"Rechen Park"},"geometry":{"type":"Polygon","coordinates":[[[23.3399798,42.6169935],[23.3403406,42.6167111],[23.3407325,42.6169696],[23.3410802,42.616691],[23.3416269,42.6171028],[23.3422512,42.6166082],[23.3426239,42.616399],[23.3433635,42.6157173],[23.3436344,42.6157205],[23.344051,42.6162499],[23.345357,42.6166296],[23.3457756,42.6168978],[23.3458975,42.6170805],[23.3458616,42.6175883],[23.3462795,42.6179103],[23.3466161,42.6182215],[23.3469401,42.6184698],[23.3471762,42.6186393],[23.3476446,42.6190227],[23.3479161,42.6191613],[23.3482004,42.6194297],[23.3483726,42.6196894],[23.3489044,42.6200786],[23.3488584,42.6201575],[23.3487401,42.6203284],[23.3486263,42.6205147],[23.3484063,42.6208841],[23.3483282,42.6210425],[23.3482606,42.6212233],[23.3481814,42.62165],[23.3481747,42.6218838],[23.347196,42.6216538],[23.3470379,42.6216427],[23.3469459,42.6216884],[23.3464911,42.6213276],[23.3461442,42.6215629],[23.3460431,42.6214861],[23.3460815,42.6212475],[23.3457811,42.6211192],[23.3456072,42.6210089],[23.3449903,42.6206049],[23.3446291,42.6203684],[23.3440825,42.6200105],[23.3439221,42.6198584],[23.3437333,42.6196794],[23.3425207,42.6187643],[23.3412755,42.6178462],[23.3403708,42.6172784],[23.3399798,42.6169935]]]}},{"type":"Feature","id":"relation/16908466","properties":{"id":"osm-relation-16908466","name":"Rezidentsiya Boyana"},"geometry":{"type":"Polygon","coordinates":[[[23.2656728,42.6495727],[23.2658457,42.6496],[23.2659087,42.649558],[23.2659695,42.6495356],[23.266071,42.6494984],[23.2663852,42.6493882],[23.2668621,42.6492008],[23.2673689,42.6489945],[23.2674711,42.6489546],[23.2677915,42.6488536],[23.2679096,42.6488222],[23.2681012,42.6487894],[23.2683876,42.6487651],[23.2686484,42.6487643],[23.2693354,42.6487961],[23.2699868,42.6488261],[23.270008,42.6488276],[23.2700628,42.6488286],[23.2706991,42.6488407],[23.2717746,42.6488858],[23.2723628,42.6489105],[23.2734713,42.6489569],[23.2742813,42.6490309],[23.2748285,42.6491196],[23.2753354,42.649241],[23.2760301,42.6494363],[23.2762849,42.649527],[23.2766604,42.649674],[23.276716,42.6496993],[23.2771084,42.6498782],[23.2775498,42.6501482],[23.278416,42.6507065],[23.2786472,42.6508555],[23.2786937,42.6508852],[23.2795862,42.6514875],[23.2800725,42.651816],[23.2811107,42.6524544],[23.2813797,42.6526177],[23.2814513,42.6526656],[23.2819803,42.6530515],[23.2824198,42.653438],[23.2826045,42.6536425],[23.2830543,42.6537809],[23.28235,42.6540599],[23.2819071,42.6542222],[23.279221,42.6551846],[23.2782386,42.655534],[23.274967,42.6567067],[23.2743802,42.656926],[23.2738428,42.6571268],[23.2737302,42.6571654],[23.2733857,42.6572836],[23.272961,42.6574293],[23.2724528,42.6575893],[23.2724319,42.657596],[23.2722855,42.6576394],[23.2720443,42.6577044],[23.2719538,42.6577288],[23.2713697,42.6579078],[23.2709574,42.6579811],[23.2703854,42.6581801],[23.2694011,42.658539],[23.2691814,42.6586154],[23.2690533,42.6578801],[23.2689504,42.6572758],[23.2669277,42.6574575],[23.2667614,42.6572474],[23.2664675,42.6567314],[23.2662534,42.6562355],[23.2659464,42.6554125],[23.2658028,42.6550095],[23.2657297,42.6548023],[23.2657861,42.654538],[23.2660367,42.6528696],[23.2661193,42.6523197],[23.2662006,42.6515839],[23.2662049,42.6512961],[23.266178,42.6510997],[23.2661374,42.6509634],[23.2661236,42.6509252],[23.2660434,42.6507036],[23.2658076,42.6500411],[23.2656728,42.6495727]]]}},{"type":"Feature","id":"relation/16919968","properties":{"id":"osm-relation-16919968","name":"Sekulitsa"},"geometry":{"type":"Polygon","coordinates":[[[23.210864,42.6952313],[23.2123212,42.6948958],[23.2127923,42.6947162],[23.2147601,42.6937889],[23.2150625,42.6936542],[23.2151405,42.6936194],[23.2161426,42.6934511],[23.2158719,42.69269],[23.2161045,42.6914046],[23.2162616,42.6917462],[23.21659,42.6918601],[23.2166198,42.6920447],[23.2165873,42.692489],[23.2163527,42.6927579],[23.2166691,42.6931904],[23.2167128,42.6934197],[23.2168234,42.6940005],[23.2171141,42.6941332],[23.2174994,42.6942559],[23.2177163,42.6944703],[23.217914,42.6949953],[23.2183349,42.6957266],[23.2178468,42.695811],[23.2163407,42.6962734],[23.2156963,42.6962705],[23.215402,42.6962055],[23.215247,42.6961857],[23.2150904,42.6961739],[23.214936,42.6961729],[23.2147464,42.696181],[23.2146014,42.6961996],[23.2144842,42.6962216],[23.2143656,42.6962502],[23.2142531,42.6962891],[23.2141461,42.6963234],[23.2140452,42.6963713],[23.2139236,42.6964321],[23.2137896,42.6965065],[23.2133515,42.6968832],[23.2131438,42.6967683],[23.212871,42.6965906],[23.2122,42.6961007],[23.2118711,42.6958867],[23.210864,42.6952313]]]}},{"type":"Feature","id":"relation/16908541","properties":{"id":"osm-relation-16908541","name":"Simeonovo"},"geometry":{"type":"Polygon","coordinates":[[[23.3247721,42.6142377],[23.3249824,42.6142037],[23.3251765,42.6142406],[23.3254434,42.6143044],[23.3258942,42.6143551],[23.3261608,42.6143755],[23.3263039,42.6143791],[23.3264365,42.614378],[23.3267016,42.6143626],[23.3268539,42.6143457],[23.3290926,42.6139857],[23.3293339,42.61396],[23.3298026,42.6139276],[23.3298927,42.6139236],[23.3299814,42.6139264],[23.3301103,42.6137737],[23.331081,42.6136208],[23.3313334,42.6135925],[23.3312476,42.6130547],[23.3312303,42.6129986],[23.3312162,42.6129102],[23.3312454,42.6129021],[23.3313875,42.6126789],[23.3314773,42.6125732],[23.3314896,42.6123995],[23.3314569,42.6122337],[23.3314582,42.611951],[23.3314034,42.6111732],[23.3313614,42.6109745],[23.3312427,42.6105614],[23.3311485,42.6104733],[23.3310848,42.6103658],[23.3310567,42.6102331],[23.3310443,42.6100631],[23.3314453,42.6098064],[23.3319958,42.6100465],[23.3319845,42.6102179],[23.3324274,42.6105304],[23.3325326,42.610686],[23.3326595,42.610764],[23.3329423,42.6108826],[23.332981,42.6108677],[23.3334104,42.6110478],[23.3334647,42.6111027],[23.3337892,42.6112419],[23.33386,42.6111647],[23.3339327,42.6106597],[23.3339985,42.6105527],[23.3340709,42.6105889],[23.3341837,42.6106234],[23.3343019,42.610648],[23.3344607,42.6106628],[23.3362603,42.6106493],[23.3364974,42.6106448],[23.3366284,42.6105272],[23.3367754,42.6104068],[23.3369519,42.6102723],[23.3380289,42.6095225],[23.338134,42.6094518],[23.3382292,42.6094075],[23.3382757,42.6093947],[23.3383245,42.6093877],[23.3383782,42.6093867],[23.3384315,42.6093929],[23.3384749,42.6094033],[23.3385076,42.609327],[23.3385339,42.6093311],[23.3385885,42.609349],[23.3386042,42.609359],[23.3386086,42.6093763],[23.3386011,42.609391],[23.3386012,42.6094028],[23.3386151,42.6094152],[23.3386324,42.6094197],[23.3386569,42.6094177],[23.3387375,42.6093949],[23.3387638,42.6093977],[23.3388693,42.6094258],[23.3389121,42.6094299],[23.3389425,42.6094287],[23.3390174,42.6094184],[23.3390538,42.6094169],[23.3396271,42.6093352],[23.3399197,42.6092749],[23.3397762,42.6085944],[23.3400758,42.6081453],[23.3402399,42.6079676],[23.3405096,42.6079401],[23.3405936,42.6079462],[23.3405856,42.6080059],[23.3407254,42.608101],[23.3408315,42.6081129],[23.3415838,42.6079756],[23.3415852,42.6080653],[23.3417043,42.6082327],[23.3419575,42.6085321],[23.3424206,42.6088999],[23.3425949,42.6088171],[23.3427352,42.6086947],[23.3428845,42.6085929],[23.3431197,42.6085155],[23.3435849,42.6083945],[23.3438543,42.6083317],[23.3437869,42.6082455],[23.344057,42.6081205],[23.3441209,42.6081231],[23.3442308,42.607908],[23.3443509,42.6077899],[23.3444283,42.6077336],[23.3444635,42.6077271],[23.3445832,42.6076781],[23.3446282,42.6072969],[23.3445423,42.6072335],[23.344521,42.6072269],[23.3444676,42.6071899],[23.3448019,42.6069361],[23.3449108,42.6068586],[23.3452009,42.6066642],[23.3455054,42.6064709],[23.3455746,42.6064162],[23.3457742,42.6062183],[23.3458769,42.6061507],[23.3462863,42.6059753],[23.346362,42.6059516],[23.3464442,42.6059425],[23.3465165,42.6059258],[23.34665,42.6058506],[23.346768,42.6057621],[23.3468676,42.6056628],[23.3469481,42.6055531],[23.3470945,42.6053785],[23.3472719,42.6052225],[23.3474777,42.6050867],[23.3479735,42.6048039],[23.3480317,42.6048394],[23.3484027,42.6052124],[23.3489607,42.6050096],[23.3492792,42.6049281],[23.3494129,42.6049146],[23.349461,42.6050849],[23.3496397,42.6051234],[23.3498529,42.6051965],[23.3501375,42.6052816],[23.3502313,42.6055285],[23.3500856,42.6062399],[23.3494259,42.6063811],[23.3495179,42.6066634],[23.3479914,42.6071094],[23.3483059,42.6076345],[23.3475848,42.6079281],[23.3464878,42.606957],[23.3453679,42.6080692],[23.3433811,42.6086395],[23.34378,42.6090403],[23.3440963,42.6095969],[23.3437953,42.6098646],[23.3439641,42.6101074],[23.3447401,42.6115065],[23.3442271,42.6114529],[23.343871,42.6114156],[23.34369,42.6113967],[23.3433225,42.6112976],[23.3423168,42.6110194],[23.3419512,42.6108681],[23.3422949,42.6113125],[23.3428801,42.6123652],[23.342555,42.6129462],[23.34275,42.6138554],[23.3444684,42.6144227],[23.3449142,42.6143407],[23.3476963,42.6153734],[23.348595,42.6145438],[23.3474291,42.6139919],[23.3477161,42.6136029],[23.3490579,42.6143156],[23.3504976,42.6142729],[23.351813,42.6150835],[23.357722,42.6125298],[23.3584798,42.6123289],[23.3575439,42.6110103],[23.3578232,42.610466],[23.3562115,42.6087593],[23.356626,42.6080486],[23.3551721,42.6061041],[23.3555266,42.6054707],[23.3562994,42.6053874],[23.3562826,42.6054235],[23.3562974,42.6054785],[23.3564079,42.6056553],[23.3564331,42.6058334],[23.3564116,42.6059617],[23.3563178,42.6062105],[23.3562614,42.6063269],[23.35624,42.6065105],[23.3562427,42.6067415],[23.3563151,42.6070139],[23.3564572,42.6073357],[23.356762,42.6077757],[23.3572885,42.6083034],[23.3576578,42.6085875],[23.3579476,42.6087115],[23.3603559,42.6103959],[23.3612787,42.6110413],[23.3615144,42.6112061],[23.3621061,42.6116657],[23.3625378,42.6120433],[23.3632825,42.6127124],[23.3636541,42.6130343],[23.3638999,42.6130798],[23.3642756,42.6130295],[23.3660995,42.6145718],[23.367706,42.6156615],[23.3677877,42.6157217],[23.3679745,42.6158763],[23.3680912,42.6159914],[23.3681706,42.6160825],[23.3682395,42.6162097],[23.3685414,42.6165367],[23.3689876,42.6169358],[23.3697462,42.6175086],[23.3700013,42.6177147],[23.3704438,42.6180563],[23.3709337,42.6185114],[23.3712272,42.6187308],[23.371355,42.6188022],[23.3714584,42.6188599],[23.3720427,42.6192117],[23.3725449,42.6194694],[23.3726261,42.6195142],[23.3731257,42.619771],[23.3733352,42.6198786],[23.3735007,42.6199637],[23.3752651,42.6208986],[23.3755438,42.6210463],[23.3756262,42.6210625],[23.3757087,42.6210607],[23.3760957,42.6210288],[23.3761787,42.6210273],[23.3762649,42.621046],[23.3765825,42.6211485],[23.3766673,42.6211597],[23.3767496,42.6211474],[23.3771341,42.6209952],[23.3780277,42.6214104],[23.3780783,42.6213627],[23.3785136,42.6209621],[23.3788996,42.6206749],[23.3790074,42.6206245],[23.3791523,42.6205729],[23.3792553,42.6205488],[23.3793546,42.6205345],[23.3794566,42.6205301],[23.379543,42.6205394],[23.3798155,42.620604],[23.3799885,42.6206504],[23.3803332,42.6207521],[23.3812391,42.6210037],[23.3814069,42.6210886],[23.3819652,42.6208156],[23.3822854,42.6208971],[23.3826979,42.621101],[23.3830673,42.6212868],[23.3834489,42.621354],[23.3837508,42.6214137],[23.3840278,42.6214725],[23.3840929,42.6216021],[23.3847843,42.6217802],[23.3858158,42.6220836],[23.3850552,42.622706],[23.3849312,42.6231825],[23.3846704,42.6231844],[23.3843582,42.6231884],[23.3840748,42.6231921],[23.3833523,42.6232035],[23.3832353,42.6232053],[23.3822349,42.6232349],[23.3804002,42.6233099],[23.3801828,42.6233195],[23.3800695,42.6233258],[23.379605,42.6233459],[23.3781927,42.6234007],[23.378044,42.6234065],[23.377951,42.6234092],[23.37782,42.6234143],[23.3758589,42.6234884],[23.3754757,42.6235008],[23.3739324,42.6235601],[23.371366,42.6236506],[23.3708828,42.6236664],[23.3705559,42.6236766],[23.370524,42.623679],[23.3679228,42.6237654],[23.3666426,42.6238041],[23.3664371,42.6238103],[23.3640561,42.6239005],[23.3630737,42.6239315],[23.3614836,42.6239797],[23.3605877,42.6240339],[23.360218,42.6240649],[23.3593894,42.6241499],[23.3590223,42.6241967],[23.358736,42.6242356],[23.3579568,42.6243538],[23.3572161,42.6244638],[23.3565091,42.6245657],[23.3558302,42.6246706],[23.3554402,42.6247412],[23.3544306,42.6249333],[23.3535665,42.6251423],[23.3531787,42.6252526],[23.3528563,42.6253509],[23.3524562,42.6254797],[23.351923,42.6256685],[23.3516927,42.625753],[23.3512627,42.6259209],[23.3510667,42.6259975],[23.3508432,42.6260874],[23.349397,42.6266659],[23.3487976,42.6269209],[23.3479729,42.6272718],[23.3469399,42.6276651],[23.3454504,42.6282808],[23.3402001,42.6304334],[23.3390546,42.630903],[23.3374493,42.631548],[23.3346189,42.6326853],[23.3341295,42.6328943],[23.3338776,42.6329961],[23.333703,42.6330679],[23.3335361,42.6331365],[23.3333231,42.6332261],[23.3307453,42.6342658],[23.3306235,42.6343168],[23.3287134,42.6317648],[23.3318076,42.6305525],[23.3320876,42.6309553],[23.3326384,42.630766],[23.3327814,42.6309637],[23.3330959,42.6308282],[23.3326547,42.6302193],[23.331521,42.6294792],[23.3315602,42.6292328],[23.3307156,42.6285878],[23.3299821,42.6289717],[23.3294008,42.6287114],[23.3291701,42.6283769],[23.3299816,42.6276804],[23.3308085,42.6273679],[23.3306219,42.6271994],[23.3303907,42.6269905],[23.3302505,42.6267213],[23.3296055,42.6257155],[23.3294349,42.6252068],[23.3293483,42.6245205],[23.3290718,42.6237154],[23.3290744,42.6235433],[23.3292346,42.6232963],[23.3291965,42.6231806],[23.3290464,42.6227331],[23.3288619,42.622239],[23.3289924,42.6218868],[23.328608,42.6208732],[23.3284314,42.6202006],[23.3280287,42.6193258],[23.327857,42.6185047],[23.327621,42.6177784],[23.3260546,42.616294],[23.3250675,42.6144781],[23.3247721,42.6142377]],[[23.3399798,42.6169935],[23.3403708,42.6172784],[23.3412755,42.6178462],[23.3425207,42.6187643],[23.3437333,42.6196794],[23.3439221,42.6198584],[23.343402,42.6202685],[23.3425508,42.6208252],[23.3437194,42.6217149],[23.3445842,42.6223548],[23.3448913,42.6225928],[23.345101,42.6227941],[23.3457116,42.6222699],[23.3462481,42.6227001],[23.3470084,42.6222126],[23.3471114,42.6222756],[23.3473963,42.6220757],[23.3469459,42.6216884],[23.3470379,42.6216427],[23.347196,42.6216538],[23.3481747,42.6218838],[23.3481814,42.62165],[23.3482606,42.6212233],[23.3483282,42.6210425],[23.3484063,42.6208841],[23.3486263,42.6205147],[23.3487401,42.6203284],[23.3488584,42.6201575],[23.3489044,42.6200786],[23.3483726,42.6196894],[23.3482004,42.6194297],[23.3479161,42.6191613],[23.3476446,42.6190227],[23.3471762,42.6186393],[23.3469401,42.6184698],[23.3466161,42.6182215],[23.3462795,42.6179103],[23.3458616,42.6175883],[23.3458975,42.6170805],[23.3457756,42.6168978],[23.345357,42.6166296],[23.344051,42.6162499],[23.3436344,42.6157205],[23.3433635,42.6157173],[23.3426239,42.616399],[23.3422512,42.6166082],[23.3416269,42.6171028],[23.3410802,42.616691],[23.3407325,42.6169696],[23.3403406,42.6167111],[23.3399798,42.6169935]],[[23.3624008,42.6214985],[23.3630009,42.6219654],[23.3632993,42.6229363],[23.3640527,42.6237732],[23.36537,42.6236452],[23.365549,42.6236357],[23.366133,42.623552],[23.3666533,42.6234411],[23.3672026,42.6233264],[23.3674029,42.6232917],[23.3675763,42.6232688],[23.3677818,42.6232446],[23.3680927,42.6232235],[23.3683447,42.6232188],[23.3685667,42.6232208],[23.3686745,42.6232247],[23.3689344,42.6232341],[23.3693638,42.6233013],[23.3696498,42.6233531],[23.3700544,42.6234488],[23.3702634,42.6235052],[23.3701997,42.6234127],[23.370173,42.6233418],[23.3701698,42.623301],[23.3701746,42.6232821],[23.3701887,42.6232526],[23.3702121,42.6232311],[23.3699369,42.6227801],[23.369916,42.6226556],[23.3698862,42.6223363],[23.3698646,42.6220626],[23.3698445,42.6217793],[23.3698336,42.6216256],[23.3698225,42.6214693],[23.3698131,42.6213775],[23.3698063,42.6212712],[23.3697723,42.620933],[23.3697458,42.6208751],[23.3696848,42.6207757],[23.3696215,42.6206925],[23.3695581,42.6206324],[23.3693727,42.6204905],[23.3692855,42.6203863],[23.3692467,42.62031],[23.3692266,42.6202455],[23.3691981,42.6201128],[23.3691767,42.6199563],[23.3691538,42.6198336],[23.3691457,42.6197638],[23.3691326,42.6196499],[23.3690608,42.6192915],[23.3690521,42.619248],[23.3690145,42.6191401],[23.3689662,42.6190447],[23.3689138,42.6189708],[23.368842,42.6189035],[23.3687768,42.6188541],[23.3685294,42.6187205],[23.3682936,42.6185657],[23.3681648,42.6184407],[23.3680852,42.6183428],[23.3680599,42.6183021],[23.3680064,42.6182163],[23.3679068,42.6180565],[23.3678193,42.6179158],[23.3677287,42.6178022],[23.3676354,42.6177281],[23.3675523,42.6176674],[23.3674424,42.6176024],[23.3671986,42.6174973],[23.3671406,42.6174676],[23.3670394,42.6173938],[23.3669831,42.6173541],[23.3668945,42.6172435],[23.3667532,42.6170476],[23.3666585,42.6169571],[23.3665708,42.6168993],[23.3664672,42.6168474],[23.3663115,42.6167881],[23.3659479,42.6166969],[23.3656107,42.6166239],[23.3652735,42.6165827],[23.3643181,42.616506],[23.3641309,42.6164973],[23.3640077,42.6164744],[23.363899,42.6164406],[23.3637841,42.6163711],[23.3637239,42.6163132],[23.363693,42.6162745],[23.3636606,42.6162275],[23.3635881,42.6160075],[23.3634235,42.6160647],[23.3635484,42.6165403],[23.3639794,42.6170763],[23.3644706,42.6179769],[23.3641862,42.6189789],[23.3640663,42.6192549],[23.3636702,42.6190578],[23.3631219,42.6190377],[23.3630883,42.6192852],[23.3630296,42.6194066],[23.3630694,42.6196023],[23.3628455,42.6196788],[23.362961,42.6201609],[23.3629975,42.62032],[23.3629926,42.6204823],[23.3629723,42.6205868],[23.3628022,42.6205763],[23.3625165,42.6212064],[23.3625077,42.6214939],[23.3624008,42.6214985]]]}},{"type":"Feature","id":"relation/17036081","properties":{"id":"osm-relation-17036081","name":"Sineva"},"geometry":{"type":"Polygon","coordinates":[[[23.3628455,42.6196788],[23.3630694,42.6196023],[23.3630296,42.6194066],[23.3630883,42.6192852],[23.3631219,42.6190377],[23.3636702,42.6190578],[23.3640663,42.6192549],[23.3642823,42.6195804],[23.3647188,42.6201369],[23.3648809,42.6202833],[23.3649121,42.6203265],[23.3649254,42.6203933],[23.3633457,42.6208269],[23.3629723,42.6205868],[23.3629926,42.6204823],[23.3629975,42.62032],[23.362961,42.6201609],[23.3628455,42.6196788]]]}},{"type":"Feature","id":"relation/16891606","properties":{"id":"osm-relation-16891606","name":"Slatina"},"geometry":{"type":"Polygon","coordinates":[[[23.3761336,42.675014],[23.3763952,42.6749654],[23.3814758,42.674036],[23.3815205,42.6740278],[23.383961,42.6736371],[23.3842358,42.6735858],[23.3859046,42.6732791],[23.3864509,42.673178],[23.3867034,42.6731313],[23.3871545,42.6730478],[23.3873774,42.6730066],[23.3874873,42.6729869],[23.3875386,42.6729777],[23.3883344,42.6728349],[23.3901687,42.6725057],[23.3908497,42.6723835],[23.391354,42.6722943],[23.3920802,42.6721613],[23.3926942,42.6720494],[23.393276,42.6719369],[23.3936979,42.6718584],[23.3937387,42.6718501],[23.3940506,42.6717827],[23.3941278,42.671888],[23.3941487,42.6719115],[23.3945156,42.6723299],[23.3946346,42.6724732],[23.3948877,42.6727896],[23.3958941,42.6739795],[23.3960413,42.6741633],[23.3961904,42.6743557],[23.3963764,42.6746303],[23.3965118,42.6748428],[23.3966987,42.6751563],[23.3968651,42.6754824],[23.3970276,42.675791],[23.3974272,42.676781],[23.3974683,42.6768557],[23.3975348,42.6769174],[23.3976068,42.6769642],[23.3981595,42.6772116],[23.3982884,42.6772682],[23.3983884,42.6776274],[23.3984438,42.6779381],[23.3985085,42.6782369],[23.3986794,42.6791129],[23.3987925,42.6796239],[23.3988895,42.6801128],[23.3990142,42.6806662],[23.3992336,42.6815354],[23.399322,42.6817666],[23.3997232,42.6828086],[23.4002335,42.6840699],[23.401071,42.6861589],[23.4010833,42.6861897],[23.4010109,42.6862182],[23.4008588,42.6862782],[23.4008179,42.6862869],[23.4002174,42.6864146],[23.3999636,42.6864716],[23.3996202,42.6865488],[23.3976356,42.6869778],[23.3969898,42.6871174],[23.3956268,42.6874184],[23.3951496,42.6874976],[23.3947738,42.68756],[23.3944999,42.6876076],[23.3943139,42.685908],[23.3925003,42.6814027],[23.3884474,42.6793551],[23.3806647,42.6845448],[23.3808617,42.6838739],[23.3809944,42.6832031],[23.3811324,42.6821376],[23.3809993,42.6812762],[23.3803627,42.6798339],[23.3792493,42.6780939],[23.3779321,42.6765269],[23.3761803,42.6750922],[23.3761423,42.675028],[23.3761336,42.675014]]]}},{"type":"Feature","id":"relation/16861904","properties":{"id":"osm-relation-16861904","name":"Slaviya"},"geometry":{"type":"Polygon","coordinates":[[[23.2692022,42.6742226],[23.2693589,42.6740358],[23.2694091,42.6739959],[23.2694813,42.6739461],[23.2695954,42.6738681],[23.2696339,42.6738414],[23.2699619,42.673614],[23.2704672,42.6732644],[23.2705483,42.6732083],[23.270781,42.6730472],[23.2714189,42.6726069],[23.2714518,42.6725841],[23.271847,42.6723113],[23.2722336,42.6720468],[23.2723618,42.67196],[23.2724215,42.6719183],[23.2724628,42.6718874],[23.2725734,42.6718045],[23.2727018,42.6718727],[23.2727397,42.6718934],[23.2728098,42.6719309],[23.2730441,42.6720659],[23.2786337,42.6752453],[23.2789518,42.6754309],[23.2790171,42.6754691],[23.2792429,42.6756008],[23.2793846,42.6756793],[23.2814042,42.6768236],[23.2814745,42.6768657],[23.28152,42.6768911],[23.2815757,42.6769251],[23.2816372,42.6769606],[23.2841428,42.6783743],[23.2845962,42.6786262],[23.284658,42.678658],[23.2847425,42.6787085],[23.2848111,42.678755],[23.2845858,42.6789015],[23.2843197,42.6790575],[23.2839951,42.6792397],[23.2835406,42.6794943],[23.282894,42.6798484],[23.2828117,42.6798869],[23.2826905,42.6799437],[23.2824421,42.6800643],[23.2820298,42.6802668],[23.2819156,42.6803191],[23.2818596,42.6803471],[23.2816137,42.6804754],[23.2812115,42.6807159],[23.2810301,42.6808264],[23.2805529,42.6811924],[23.2802885,42.6814536],[23.2799399,42.6817501],[23.2796052,42.6819926],[23.2791913,42.6822814],[23.2780594,42.6830968],[23.2774007,42.6835666],[23.277161,42.6833857],[23.2767053,42.6830059],[23.2763944,42.6828277],[23.2758891,42.6825488],[23.2754996,42.6823937],[23.2752471,42.6822953],[23.2750755,42.682171],[23.2749455,42.682003],[23.2748993,42.6819434],[23.2747133,42.681821],[23.2744599,42.6817157],[23.274268,42.6816446],[23.2740509,42.6815642],[23.2738627,42.6814356],[23.2736684,42.6812443],[23.273249,42.680875],[23.2728802,42.6805922],[23.2719341,42.6797275],[23.2716781,42.6794124],[23.2714465,42.6791604],[23.27129,42.6788956],[23.2712772,42.678874],[23.2711191,42.6785118],[23.2709318,42.6778839],[23.2706239,42.6769428],[23.2696026,42.6747025],[23.2694657,42.6744692],[23.2692937,42.6742974],[23.2692022,42.6742226]]]}},{"type":"Feature","id":"relation/17036082","properties":{"id":"osm-relation-17036082","name":"Sofiya Park"},"geometry":{"type":"Polygon","coordinates":[[[23.3624008,42.6214985],[23.3625077,42.6214939],[23.3625165,42.6212064],[23.3628022,42.6205763],[23.3629723,42.6205868],[23.3633457,42.6208269],[23.3649254,42.6203933],[23.3649121,42.6203265],[23.3648809,42.6202833],[23.3647188,42.6201369],[23.3642823,42.6195804],[23.3640663,42.6192549],[23.3641862,42.6189789],[23.3644706,42.6179769],[23.3639794,42.6170763],[23.3635484,42.6165403],[23.3634235,42.6160647],[23.3635881,42.6160075],[23.3636606,42.6162275],[23.363693,42.6162745],[23.3637239,42.6163132],[23.3637841,42.6163711],[23.363899,42.6164406],[23.3640077,42.6164744],[23.3641309,42.6164973],[23.3643181,42.616506],[23.3652735,42.6165827],[23.3656107,42.6166239],[23.3659479,42.6166969],[23.3663115,42.6167881],[23.3664672,42.6168474],[23.3665708,42.6168993],[23.3666585,42.6169571],[23.3667532,42.6170476],[23.3668945,42.6172435],[23.3669831,42.6173541],[23.3670394,42.6173938],[23.3671406,42.6174676],[23.3671986,42.6174973],[23.3674424,42.6176024],[23.3675523,42.6176674],[23.3676354,42.6177281],[23.3677287,42.6178022],[23.3678193,42.6179158],[23.3679068,42.6180565],[23.3680064,42.6182163],[23.3680599,42.6183021],[23.3680852,42.6183428],[23.3681648,42.6184407],[23.3682936,42.6185657],[23.3685294,42.6187205],[23.3687768,42.6188541],[23.368842,42.6189035],[23.3689138,42.6189708],[23.3689662,42.6190447],[23.3690145,42.6191401],[23.3690521,42.619248],[23.3690608,42.6192915],[23.3691326,42.6196499],[23.3691457,42.6197638],[23.3691538,42.6198336],[23.3691767,42.6199563],[23.3691981,42.6201128],[23.3692266,42.6202455],[23.3692467,42.62031],[23.3692855,42.6203863],[23.3693727,42.6204905],[23.3695581,42.6206324],[23.3696215,42.6206925],[23.3696848,42.6207757],[23.3697458,42.6208751],[23.3697723,42.620933],[23.3698063,42.6212712],[23.3698131,42.6213775],[23.3698225,42.6214693],[23.3698336,42.6216256],[23.3698445,42.6217793],[23.3698646,42.6220626],[23.3698862,42.6223363],[23.369916,42.6226556],[23.3699369,42.6227801],[23.3702121,42.6232311],[23.3701887,42.6232526],[23.3701746,42.6232821],[23.3701698,42.623301],[23.370173,42.6233418],[23.3701997,42.6234127],[23.3702634,42.6235052],[23.3700544,42.6234488],[23.3696498,42.6233531],[23.3693638,42.6233013],[23.3689344,42.6232341],[23.3686745,42.6232247],[23.3685667,42.6232208],[23.3683447,42.6232188],[23.3680927,42.6232235],[23.3677818,42.6232446],[23.3675763,42.6232688],[23.3674029,42.6232917],[23.3672026,42.6233264],[23.3666533,42.6234411],[23.366133,42.623552],[23.365549,42.6236357],[23.36537,42.6236452],[23.3640527,42.6237732],[23.3632993,42.6229363],[23.3630009,42.6219654],[23.3624008,42.6214985]]]}},{"type":"Feature","id":"relation/16861850","properties":{"id":"osm-relation-16861850","name":"Sredets Industrial Zone"},"geometry":{"type":"Polygon","coordinates":[[[23.2741128,42.685396],[23.2744147,42.6852449],[23.2754853,42.6847614],[23.2758858,42.6845613],[23.2760741,42.6844493],[23.276288,42.6843046],[23.2771909,42.6837021],[23.2774007,42.6835666],[23.2780594,42.6830968],[23.2791913,42.6822814],[23.2796052,42.6819926],[23.2799399,42.6817501],[23.2802885,42.6814536],[23.2806098,42.681659],[23.2846728,42.6844039],[23.2866069,42.685954],[23.2871912,42.6867982],[23.2874397,42.6878151],[23.2877754,42.6884371],[23.2884962,42.6888958],[23.2883748,42.6890271],[23.2892597,42.6891206],[23.2884121,42.6892493],[23.2880315,42.6894115],[23.2872974,42.6898271],[23.2871683,42.6899586],[23.287243,42.6899947],[23.2871286,42.6901129],[23.2867584,42.689931],[23.2864007,42.6896941],[23.2852199,42.6889084],[23.2851154,42.6889913],[23.2850567,42.689039],[23.2848031,42.6893469],[23.2839829,42.6891213],[23.2833025,42.6896991],[23.2832656,42.6897304],[23.2829835,42.6898936],[23.2813745,42.691244],[23.281285,42.6913194],[23.2805943,42.6919014],[23.2804104,42.6920563],[23.280307,42.692138],[23.2802473,42.6921868],[23.2784491,42.6909388],[23.2781103,42.6906628],[23.2779634,42.6905328],[23.2778555,42.6904222],[23.2777405,42.690296],[23.2776042,42.6901374],[23.2771706,42.6895312],[23.2765928,42.6887581],[23.2760527,42.6880022],[23.2754644,42.687147],[23.2748821,42.6863644],[23.2741128,42.685396]]]}},{"type":"Feature","id":"relation/14580248","properties":{"id":"osm-relation-14580248","name":"Strelbishte"},"geometry":{"type":"Polygon","coordinates":[[[23.2944982,42.6719177],[23.2946262,42.6717826],[23.295107,42.6713726],[23.2954788,42.6710965],[23.2956066,42.6709979],[23.2957272,42.6708976],[23.2959684,42.6706931],[23.2964399,42.670296],[23.29653,42.6702169],[23.2970539,42.6697918],[23.2973623,42.6695416],[23.2976669,42.6692873],[23.2977411,42.6692268],[23.297786,42.6691901],[23.2979418,42.669063],[23.2982797,42.6687828],[23.2988835,42.6682846],[23.2995767,42.667709],[23.2998586,42.6674696],[23.2999679,42.6673815],[23.3002162,42.6671812],[23.3003683,42.6670585],[23.3006506,42.6668266],[23.3006703,42.6668105],[23.3007555,42.6667497],[23.3008243,42.6666895],[23.3008431,42.6666733],[23.3010432,42.6665027],[23.3013967,42.6662216],[23.3017808,42.6659387],[23.3017914,42.6659315],[23.3021193,42.6657096],[23.3024029,42.6655176],[23.3024961,42.6654544],[23.3027166,42.6653062],[23.3028608,42.6652078],[23.3028981,42.6653701],[23.3029389,42.6655463],[23.3029882,42.665766],[23.3030673,42.6661581],[23.303075,42.6661964],[23.3033066,42.6673438],[23.3033154,42.6673871],[23.3033237,42.6674281],[23.3033822,42.6677176],[23.3036937,42.66926],[23.3037696,42.6696362],[23.3037816,42.6696957],[23.3037932,42.6697531],[23.303813,42.66985],[23.3038213,42.6698909],[23.3038635,42.6700976],[23.3040154,42.6708424],[23.3041748,42.6716241],[23.3042043,42.6717685],[23.3042675,42.6720822],[23.3042987,42.6722312],[23.304318,42.6723256],[23.3043625,42.6725443],[23.304378,42.6726201],[23.3043836,42.6728655],[23.3042886,42.6732038],[23.3042779,42.6732419],[23.3042637,42.6732871],[23.3041391,42.6736848],[23.3040589,42.6739406],[23.3039723,42.6742171],[23.3038802,42.6745107],[23.3038287,42.6746756],[23.3037986,42.674768],[23.3037895,42.674798],[23.3037686,42.6748669],[23.3036461,42.6752214],[23.3033625,42.6760424],[23.3032163,42.6764715],[23.303171,42.6766184],[23.3029302,42.6774314],[23.3027379,42.6780806],[23.3023768,42.6791989],[23.3021478,42.6791517],[23.3013153,42.6789996],[23.300806,42.6789088],[23.3006201,42.6788757],[23.3004329,42.6788398],[23.3001348,42.6787689],[23.2999304,42.6787085],[23.299641,42.6786004],[23.2994619,42.6785253],[23.2992978,42.6784482],[23.2991392,42.678357],[23.2990032,42.6782758],[23.298843,42.6781718],[23.2985969,42.6779928],[23.2983396,42.6777401],[23.2981313,42.6774814],[23.2967812,42.6752537],[23.2966329,42.675014],[23.2964851,42.6747722],[23.2962795,42.6744294],[23.2961371,42.6741975],[23.295519,42.6731909],[23.2948923,42.6723356],[23.2944982,42.6719177]]]}},{"type":"Feature","id":"relation/16865001","properties":{"id":"osm-relation-16865001","name":"Studentski Grad"},"geometry":{"type":"Polygon","coordinates":[[[23.3368256,42.6444492],[23.3369624,42.6442165],[23.3371392,42.6439157],[23.3373101,42.643625],[23.3375056,42.6433053],[23.3375587,42.6432187],[23.337593,42.6431601],[23.3377335,42.6429202],[23.3377553,42.6426763],[23.3377483,42.6425857],[23.3377314,42.6423671],[23.3377308,42.6423598],[23.3377118,42.6421213],[23.3376998,42.6419701],[23.3395887,42.6418492],[23.3400841,42.6418253],[23.3410037,42.6417811],[23.3411074,42.6417762],[23.3414895,42.6417299],[23.3416806,42.6417541],[23.3419388,42.6417221],[23.3424195,42.6416625],[23.3424837,42.6416512],[23.3427071,42.641612],[23.3430961,42.6415436],[23.3441955,42.6411026],[23.3442847,42.6410668],[23.3443557,42.6410355],[23.3459509,42.6403328],[23.3464084,42.6401442],[23.3470355,42.6398857],[23.3473818,42.639743],[23.3483635,42.6393389],[23.3485164,42.639327],[23.3486972,42.6393917],[23.3495201,42.6397647],[23.3501201,42.6400489],[23.3505858,42.6402834],[23.3506025,42.6423398],[23.3519798,42.6429201],[23.3531988,42.6432853],[23.3532433,42.6434603],[23.353296,42.6436655],[23.3533431,42.6438445],[23.3533919,42.6440804],[23.3534178,42.644186],[23.3534576,42.6443443],[23.3538483,42.6458503],[23.3538916,42.6459801],[23.3539596,42.6460962],[23.3540371,42.6461857],[23.3541684,42.6463169],[23.3543992,42.6465514],[23.3546633,42.6468197],[23.3547413,42.6468989],[23.3548741,42.6470374],[23.3553735,42.6475246],[23.3553887,42.6475393],[23.3555146,42.6476606],[23.3556482,42.6477899],[23.3558753,42.6480157],[23.3567374,42.6490223],[23.3574831,42.649843],[23.3584289,42.6508054],[23.3591424,42.6515155],[23.3593964,42.651823],[23.3595539,42.6521146],[23.3596316,42.6522778],[23.3597032,42.6524994],[23.359744,42.6526883],[23.3597652,42.6528627],[23.3597791,42.6530046],[23.3597803,42.6530963],[23.3597738,42.6532495],[23.3597532,42.6533791],[23.3596775,42.6537031],[23.3596247,42.6539175],[23.3596046,42.6540068],[23.3593395,42.6551131],[23.3592508,42.6555194],[23.3592023,42.6558926],[23.3591845,42.656249],[23.3591723,42.6565087],[23.3591403,42.6571412],[23.3591404,42.6571621],[23.3591401,42.6572479],[23.3591397,42.6573468],[23.3591396,42.6573802],[23.3591129,42.6577895],[23.3590458,42.6586071],[23.3589828,42.659767],[23.3589813,42.6597937],[23.3589641,42.6601043],[23.3588654,42.6615748],[23.3588283,42.6617447],[23.3587458,42.6619798],[23.3586641,42.6621667],[23.3584789,42.6624405],[23.3582573,42.6626954],[23.3579401,42.6629801],[23.3575215,42.6633466],[23.3563865,42.6629269],[23.3556875,42.6626469],[23.3540946,42.662049],[23.3517113,42.6611231],[23.3516382,42.6610941],[23.3508588,42.6607987],[23.3497552,42.6603738],[23.3479736,42.659669],[23.3477661,42.6595875],[23.3463887,42.6590876],[23.3460772,42.659005],[23.345579,42.658897],[23.3450424,42.6587807],[23.3427249,42.658302],[23.3427332,42.658254],[23.3427439,42.6582007],[23.3428068,42.6578205],[23.3428258,42.6577057],[23.3428646,42.6575064],[23.343017,42.6568357],[23.3430376,42.6567479],[23.3431851,42.6562346],[23.34315,42.6560409],[23.342249,42.6553481],[23.3410461,42.6546185],[23.3406496,42.6543897],[23.3405626,42.6543395],[23.3399648,42.6539946],[23.3399276,42.6539398],[23.3399076,42.6539104],[23.3396981,42.6536024],[23.3396406,42.6535178],[23.3393992,42.6531232],[23.3392751,42.6528881],[23.3390806,42.6525865],[23.3389544,42.6523908],[23.338816,42.6521761],[23.3384131,42.6515338],[23.3382133,42.6511689],[23.3381476,42.6509972],[23.3381379,42.6506203],[23.3380985,42.6499791],[23.3380919,42.6498713],[23.3380581,42.6493211],[23.3379669,42.6483033],[23.3378693,42.6478997],[23.3378246,42.6477666],[23.3376081,42.6473865],[23.3373392,42.646999],[23.3373134,42.6469619],[23.3371458,42.6466837],[23.3371251,42.6466412],[23.3370556,42.6464987],[23.3370116,42.6464085],[23.3369432,42.6460987],[23.3368628,42.6453177],[23.3368512,42.645168],[23.3368485,42.6451337],[23.3368296,42.6448912],[23.3368291,42.6448388],[23.3368277,42.6446832],[23.3368256,42.6444492]]]}},{"type":"Feature","id":"relation/16890951","properties":{"id":"osm-relation-16890951","name":"Suhata Reka"},"geometry":{"type":"Polygon","coordinates":[[[23.3496548,42.6994436],[23.3521094,42.6992887],[23.352123,42.6994095],[23.3522968,42.6993741],[23.3524413,42.6993451],[23.3528051,42.699272],[23.3531558,42.6992016],[23.3551321,42.6988046],[23.3551752,42.6987943],[23.359783,42.6977567],[23.3602491,42.6980218],[23.3635064,42.6970679],[23.3634416,42.6968647],[23.3686535,42.6946178],[23.369561,42.6942919],[23.3733217,42.6919849],[23.3736984,42.6922349],[23.373108,42.6937398],[23.3757394,42.6916954],[23.3764273,42.6920884],[23.3756587,42.6932025],[23.3752868,42.6937525],[23.3751479,42.6939831],[23.375028,42.6941677],[23.3747384,42.694592],[23.3744257,42.6950871],[23.3741459,42.6955103],[23.3740416,42.6956632],[23.3737955,42.6959949],[23.3732121,42.6967524],[23.3730861,42.6969535],[23.3728941,42.6973834],[23.3727908,42.6976239],[23.3727251,42.6978299],[23.3726728,42.6981039],[23.3726567,42.6983779],[23.3726634,42.6986046],[23.3727117,42.6989811],[23.3727479,42.6991477],[23.3728056,42.6993034],[23.3731341,42.7001096],[23.3731784,42.7002397],[23.3732014,42.7004046],[23.3731035,42.7009032],[23.3727145,42.7030582],[23.3726611,42.7033221],[23.3725435,42.7036566],[23.3723815,42.7039799],[23.3721335,42.7043719],[23.3718008,42.7047763],[23.3709762,42.7056467],[23.3705084,42.7061692],[23.3701616,42.7066283],[23.3699946,42.7069069],[23.3698453,42.7072399],[23.3696596,42.7077568],[23.3694183,42.7086281],[23.3691793,42.7087201],[23.3688361,42.7087702],[23.3686351,42.7088012],[23.368414,42.7088353],[23.368037,42.7088852],[23.3677297,42.7089102],[23.3672975,42.7089169],[23.3667708,42.7089037],[23.3665235,42.7088808],[23.3664537,42.7088744],[23.3661178,42.7088278],[23.3657828,42.7087542],[23.3655009,42.7086687],[23.365089,42.7084971],[23.3646913,42.7082996],[23.3639634,42.7078441],[23.3637077,42.7076864],[23.3635473,42.7075823],[23.3633937,42.7074875],[23.3629613,42.7069996],[23.3626472,42.7067864],[23.3622232,42.7065329],[23.3618155,42.7063148],[23.36149,42.706151],[23.3612051,42.7060132],[23.3586055,42.7051044],[23.3536251,42.7033263],[23.3532332,42.7031579],[23.3514756,42.7023401],[23.3512049,42.7022146],[23.3509539,42.7020783],[23.3507863,42.7019233],[23.3507296,42.701845],[23.3506034,42.7015764],[23.3504661,42.7012706],[23.3497141,42.6995791],[23.3496548,42.6994436]]]}},{"type":"Feature","id":"relation/16919994","properties":{"id":"osm-relation-16919994","name":"Suhodol"},"geometry":{"type":"Polygon","coordinates":[[[23.2106999,42.6968313],[23.2118711,42.6958867],[23.2122,42.6961007],[23.212871,42.6965906],[23.2131438,42.6967683],[23.2133515,42.6968832],[23.2137896,42.6965065],[23.2139236,42.6964321],[23.2140452,42.6963713],[23.2141461,42.6963234],[23.2142531,42.6962891],[23.2143656,42.6962502],[23.2144842,42.6962216],[23.2146014,42.6961996],[23.2147464,42.696181],[23.214936,42.6961729],[23.2150904,42.6961739],[23.215247,42.6961857],[23.215402,42.6962055],[23.2156963,42.6962705],[23.2163407,42.6962734],[23.2178468,42.695811],[23.2183349,42.6957266],[23.217914,42.6949953],[23.2177163,42.6944703],[23.2174994,42.6942559],[23.2171141,42.6941332],[23.2168234,42.6940005],[23.2167128,42.6934197],[23.217177,42.6934994],[23.2178677,42.6939151],[23.2182333,42.6941099],[23.2183624,42.6941787],[23.2187584,42.6943889],[23.2189846,42.6944905],[23.2186843,42.6926561],[23.2218258,42.6919245],[23.224936,42.691057],[23.2259567,42.6908812],[23.2271777,42.6909916],[23.2286521,42.6910805],[23.2302683,42.6910674],[23.2302639,42.6912293],[23.2302537,42.6916071],[23.2302621,42.6923944],[23.2302882,42.6948425],[23.2302914,42.6951403],[23.2302921,42.6952179],[23.2302959,42.6956241],[23.2302964,42.6956791],[23.2302984,42.6958947],[23.2303003,42.6960743],[23.2302997,42.6961125],[23.2303002,42.6961502],[23.2303013,42.6963091],[23.2303047,42.6968084],[23.2303019,42.6979942],[23.2303009,42.6984325],[23.2303037,42.6989961],[23.2303041,42.6990856],[23.2303045,42.6991665],[23.2292586,42.6987589],[23.2289882,42.6989167],[23.2288953,42.698613],[23.2279917,42.6987035],[23.2279501,42.6986552],[23.2274351,42.6982772],[23.2273679,42.6982977],[23.2274032,42.6985923],[23.2272559,42.6986075],[23.2272706,42.6987764],[23.2271144,42.6987959],[23.226749,42.6988302],[23.2265275,42.6989789],[23.2265677,42.6990865],[23.2267282,42.699166],[23.2268371,42.6993308],[23.2269248,42.6993653],[23.2270053,42.6994609],[23.2270351,42.6996102],[23.2256858,42.7007827],[23.2245245,42.7009229],[23.2237803,42.7002906],[23.2237189,42.6997738],[23.2221998,42.6994135],[23.2222645,42.6989157],[23.2188506,42.6980727],[23.2184947,42.698222],[23.2185794,42.6983402],[23.2188645,42.6987291],[23.2201268,42.7005018],[23.2203339,42.7007527],[23.2203831,42.7008123],[23.2199766,42.7009173],[23.2189993,42.7001065],[23.2188015,42.700258],[23.2184472,42.7007407],[23.2181964,42.7009103],[23.2181646,42.7011385],[23.2178899,42.7014486],[23.2167634,42.7008577],[23.2139649,42.6986226],[23.2131489,42.698488],[23.2127667,42.6983301],[23.2116628,42.6975038],[23.2106999,42.6968313]]]}},{"type":"Feature","id":"relation/16862943","properties":{"id":"osm-relation-16862943","name":"Sveta Magdalena"},"geometry":{"type":"Polygon","coordinates":[[[23.3425508,42.6208252],[23.343402,42.6202685],[23.3439221,42.6198584],[23.3440825,42.6200105],[23.3446291,42.6203684],[23.3449903,42.6206049],[23.3456072,42.6210089],[23.3457811,42.6211192],[23.3460815,42.6212475],[23.3460431,42.6214861],[23.3461442,42.6215629],[23.3464911,42.6213276],[23.3469459,42.6216884],[23.3473963,42.6220757],[23.3471114,42.6222756],[23.3470084,42.6222126],[23.3462481,42.6227001],[23.3457116,42.6222699],[23.345101,42.6227941],[23.3448913,42.6225928],[23.3445842,42.6223548],[23.3437194,42.6217149],[23.3425508,42.6208252]]]}},{"type":"Feature","id":"relation/16871438","properties":{"id":"osm-relation-16871438","name":"Svoboda"},"geometry":{"type":"MultiPolygon","coordinates":[[[[23.3033225,42.7388339],[23.3033258,42.7385582],[23.3034017,42.7382262],[23.3034497,42.738008],[23.3035281,42.7376515],[23.3034584,42.737549],[23.3033918,42.7374404],[23.303567,42.7367177],[23.3035576,42.7366369],[23.3035018,42.7365244],[23.3034853,42.736491],[23.3034624,42.7364448],[23.3038426,42.7363354],[23.3041906,42.7362252],[23.304538,42.7361005],[23.3047146,42.736028],[23.3048237,42.7359833],[23.3048887,42.7359538],[23.3049035,42.7359472],[23.3051713,42.7358265],[23.3054532,42.7356915],[23.3062791,42.7352944],[23.3077681,42.7345775],[23.3088608,42.73405],[23.3091522,42.7339094],[23.309192,42.7338902],[23.309325,42.733829],[23.3094525,42.7337695],[23.3094756,42.7337584],[23.3098635,42.7335813],[23.309903,42.7335615],[23.3100782,42.7334735],[23.3106278,42.7331978],[23.3108852,42.7330686],[23.3124101,42.7322811],[23.3124784,42.7322458],[23.3125247,42.732221],[23.3127228,42.732115],[23.3131687,42.7318854],[23.3132253,42.7318563],[23.3134204,42.7317592],[23.3134273,42.7317892],[23.3134487,42.7318818],[23.3134698,42.7319731],[23.313476,42.7319999],[23.3134917,42.732068],[23.3135112,42.7321458],[23.3136766,42.7328441],[23.3137142,42.7329394],[23.3139212,42.7334634],[23.3140436,42.7337255],[23.3138787,42.7337755],[23.313691,42.7338264],[23.3129414,42.7340417],[23.3120092,42.7343041],[23.3119023,42.7343347],[23.3118481,42.7343666],[23.3118103,42.7344095],[23.3117942,42.7344536],[23.3118032,42.7344985],[23.3119545,42.7348152],[23.3119507,42.7348397],[23.3119326,42.7348562],[23.3116417,42.7349691],[23.3112377,42.7350837],[23.3117877,42.7363095],[23.3116919,42.7366127],[23.3116388,42.7369029],[23.3116546,42.7369187],[23.3118188,42.7369905],[23.3117615,42.7370519],[23.3117311,42.7374759],[23.3117738,42.7376258],[23.3118921,42.7380512],[23.3118811,42.7382141],[23.3118302,42.738969],[23.3116713,42.7391624],[23.3110705,42.7391191],[23.3110276,42.7393811],[23.3108774,42.7393988],[23.3106789,42.739454],[23.3104643,42.7394717],[23.3102202,42.73945],[23.3100547,42.7396678],[23.3100593,42.7399208],[23.3099332,42.7401021],[23.3095416,42.7402557],[23.3084634,42.7406497],[23.3084299,42.7406093],[23.3082166,42.7407019],[23.3079313,42.7407067],[23.3074983,42.740662],[23.3075639,42.7402623],[23.3075927,42.7400872],[23.307601,42.7400246],[23.3069759,42.7399383],[23.3060181,42.7398243],[23.3057515,42.7397902],[23.3056307,42.7397761],[23.3050855,42.7397035],[23.3045655,42.7396319],[23.3036881,42.7395171],[23.303558,42.7395009],[23.30345,42.7394832],[23.3033809,42.7394515],[23.3033544,42.7393692],[23.3033382,42.7390056],[23.3033225,42.7388339]]],[[[23.30336,42.7431392],[23.3038256,42.7429709],[23.3044123,42.7439009],[23.3039857,42.7440479],[23.30336,42.7431392]]]]}},{"type":"Feature","id":"relation/16920171","properties":{"id":"osm-relation-16920171","name":"Transka Mahala"},"geometry":{"type":"Polygon","coordinates":[[[23.2271227,42.7268408],[23.2278919,42.7268239],[23.2285303,42.7268871],[23.2289283,42.7269737],[23.2305112,42.7280775],[23.2300309,42.7282961],[23.2298621,42.7283823],[23.22986,42.7283833],[23.2298106,42.7285696],[23.2297762,42.7286994],[23.2282516,42.7284241],[23.2281088,42.727897],[23.2280797,42.7277897],[23.2273401,42.7278286],[23.2271227,42.7268408]]]}},{"type":"Feature","id":"relation/16868388","properties":{"id":"osm-relation-16868388","name":"Triagalnika-Nadezhda"},"geometry":{"type":"Polygon","coordinates":[[[23.2948474,42.7234457],[23.2948662,42.72299],[23.296217,42.7226414],[23.2979133,42.7223182],[23.2992898,42.7221839],[23.3004929,42.7216573],[23.3014332,42.7213054],[23.302171,42.7210336],[23.3022685,42.7209975],[23.3024053,42.7209489],[23.3024875,42.7209202],[23.3030664,42.7207308],[23.303817,42.7204752],[23.3047631,42.7201598],[23.3055759,42.7198863],[23.3055777,42.7195328],[23.3074454,42.7188406],[23.3087628,42.7189631],[23.3106767,42.7206833],[23.3090509,42.7213618],[23.3082355,42.7217273],[23.3075864,42.7220997],[23.3068676,42.7225726],[23.3060937,42.7232101],[23.30534,42.7239074],[23.3052041,42.7238458],[23.3051542,42.7238237],[23.3051123,42.7238065],[23.3049968,42.7237591],[23.3048935,42.7237266],[23.3048085,42.7237057],[23.3046586,42.7236754],[23.3045475,42.7236577],[23.3044165,42.7236384],[23.304134,42.7236072],[23.3034714,42.723574],[23.3029739,42.7235479],[23.3023784,42.723513],[23.3014722,42.7234659],[23.3014325,42.7234635],[23.3013432,42.7234576],[23.3011876,42.723448],[23.3011282,42.7234442],[23.3002258,42.7233859],[23.2998631,42.723368],[23.2995179,42.7233648],[23.2984074,42.7233667],[23.2983743,42.7233669],[23.2962311,42.723378],[23.2955234,42.723383],[23.2950928,42.7233976],[23.2949584,42.7234122],[23.2948474,42.7234457]]]}},{"type":"Feature","id":"relation/16887061","properties":{"id":"osm-relation-16887061","name":"Vasil Levski"},"geometry":{"type":"Polygon","coordinates":[[[23.3694183,42.7086281],[23.3696596,42.7077568],[23.3698453,42.7072399],[23.3699946,42.7069069],[23.3701616,42.7066283],[23.3705084,42.7061692],[23.3709762,42.7056467],[23.3718008,42.7047763],[23.3721335,42.7043719],[23.3723815,42.7039799],[23.3725435,42.7036566],[23.3726611,42.7033221],[23.3727145,42.7030582],[23.3731035,42.7009032],[23.3732014,42.7004046],[23.3731784,42.7002397],[23.3731341,42.7001096],[23.3728056,42.6993034],[23.3727479,42.6991477],[23.3727117,42.6989811],[23.3726634,42.6986046],[23.3726567,42.6983779],[23.3726728,42.6981039],[23.3727251,42.6978299],[23.3727908,42.6976239],[23.3728941,42.6973834],[23.3730861,42.6969535],[23.3732121,42.6967524],[23.3737955,42.6959949],[23.3739824,42.6960703],[23.3751994,42.6960825],[23.3759274,42.6960165],[23.3770394,42.6960392],[23.377372,42.6960627],[23.3777081,42.6961004],[23.3781948,42.6961611],[23.378972,42.6962701],[23.3795673,42.6963897],[23.3792407,42.6970106],[23.3794794,42.6970583],[23.3804539,42.6972579],[23.3818038,42.6975344],[23.3831642,42.697813],[23.384592,42.6980427],[23.3847816,42.6980732],[23.3850016,42.6983679],[23.3851618,42.6985641],[23.3853174,42.698707],[23.3854931,42.6988154],[23.3858038,42.6989697],[23.3862205,42.6991766],[23.3869559,42.6995368],[23.3870403,42.6995781],[23.3871438,42.6996288],[23.387185,42.699649],[23.3877456,42.6999558],[23.3880322,42.7001126],[23.3889301,42.70066],[23.3894134,42.7009807],[23.3898013,42.7012693],[23.3903614,42.701716],[23.3907614,42.7021046],[23.3910674,42.7024598],[23.3913721,42.7029007],[23.3914671,42.7030498],[23.3917153,42.7035419],[23.3918572,42.7039282],[23.3914347,42.703849],[23.3895538,42.7035025],[23.3886495,42.70334],[23.3868475,42.70301],[23.3868189,42.7030926],[23.3868039,42.7031355],[23.3867728,42.7032283],[23.386718,42.7033826],[23.3866321,42.7036299],[23.3864646,42.704111],[23.386448,42.7041585],[23.386415,42.7042526],[23.3863358,42.7044484],[23.3862457,42.7045925],[23.3860344,42.7048688],[23.3857045,42.7051426],[23.3852568,42.705376],[23.3851452,42.7054308],[23.3838297,42.7060771],[23.3826547,42.7066389],[23.3826438,42.7066441],[23.3825754,42.7066768],[23.3824686,42.7067304],[23.382268,42.7068176],[23.3817579,42.7069517],[23.3811286,42.70705],[23.3803621,42.7071064],[23.3798799,42.7071318],[23.3798631,42.7071325],[23.3797518,42.7071377],[23.3796272,42.7071347],[23.3794166,42.7071295],[23.3786581,42.7070902],[23.3782034,42.7070626],[23.3781427,42.7070589],[23.3769844,42.7069986],[23.3763566,42.7069586],[23.3762694,42.706953],[23.3761645,42.7069463],[23.3760011,42.7069339],[23.3752299,42.7093825],[23.3751805,42.7095439],[23.3751735,42.7095378],[23.3725854,42.7090631],[23.3720093,42.7089591],[23.3707138,42.7087336],[23.370346,42.7086945],[23.3701059,42.7086678],[23.3698512,42.7086578],[23.3697171,42.7086633],[23.3696266,42.7086703],[23.3694183,42.7086281]]]}},{"type":"Feature","id":"relation/16861755","properties":{"id":"osm-relation-16861755","name":"Vitosha"},"geometry":{"type":"Polygon","coordinates":[[[23.3174226,42.6397143],[23.3178612,42.6395329],[23.3210092,42.638225],[23.3231656,42.6373661],[23.3252157,42.6365142],[23.3284773,42.6352022],[23.3298579,42.6346372],[23.3306235,42.6343168],[23.3307453,42.6342658],[23.3333231,42.6332261],[23.3335361,42.6331365],[23.333703,42.6330679],[23.333725,42.633248],[23.3338747,42.6345236],[23.3340048,42.6357125],[23.3341255,42.636708],[23.3342368,42.6378613],[23.3343669,42.6389821],[23.3344607,42.6398295],[23.3345345,42.6403514],[23.3346538,42.6415057],[23.3346619,42.6416773],[23.3346404,42.6419368],[23.3345747,42.6422939],[23.3345355,42.6424821],[23.3345785,42.6424862],[23.3346778,42.6425109],[23.3347492,42.6425287],[23.3351837,42.642635],[23.3352321,42.6426468],[23.3353791,42.642683],[23.3354825,42.6427084],[23.3357426,42.6427723],[23.3358888,42.6428082],[23.3359513,42.6428236],[23.3360518,42.6428483],[23.3360733,42.6428536],[23.3364822,42.6429541],[23.3365605,42.6429754],[23.3370599,42.6431115],[23.3373987,42.6432005],[23.3375587,42.6432187],[23.3375056,42.6433053],[23.3373101,42.643625],[23.3371392,42.6439157],[23.3369624,42.6442165],[23.3368256,42.6444492],[23.3368277,42.6446832],[23.3368291,42.6448388],[23.3368296,42.6448912],[23.3368485,42.6451337],[23.3368512,42.645168],[23.3368628,42.6453177],[23.3369432,42.6460987],[23.3370116,42.6464085],[23.3370556,42.6464987],[23.3371251,42.6466412],[23.3371458,42.6466837],[23.3373134,42.6469619],[23.3373392,42.646999],[23.3376081,42.6473865],[23.3378246,42.6477666],[23.3378693,42.6478997],[23.3379669,42.6483033],[23.3380581,42.6493211],[23.3380919,42.6498713],[23.3380985,42.6499791],[23.3381379,42.6506203],[23.3381476,42.6509972],[23.3382133,42.6511689],[23.3384131,42.6515338],[23.338816,42.6521761],[23.3389544,42.6523908],[23.3390806,42.6525865],[23.3392751,42.6528881],[23.3393992,42.6531232],[23.3396406,42.6535178],[23.3396981,42.6536024],[23.3399076,42.6539104],[23.3399276,42.6539398],[23.3399648,42.6539946],[23.3405626,42.6543395],[23.3406496,42.6543897],[23.3410461,42.6546185],[23.342249,42.6553481],[23.34315,42.6560409],[23.3431851,42.6562346],[23.3430376,42.6567479],[23.343017,42.6568357],[23.3428646,42.6575064],[23.3428258,42.6577057],[23.3428068,42.6578205],[23.3427439,42.6582007],[23.3427332,42.658254],[23.3427249,42.658302],[23.3423067,42.6582125],[23.3414396,42.6580352],[23.3401886,42.6577679],[23.3395459,42.6576363],[23.3389282,42.6575214],[23.3387747,42.6575044],[23.3385005,42.6574739],[23.3380944,42.657471],[23.3377547,42.657472],[23.3364692,42.6575682],[23.3364678,42.6576089],[23.3363319,42.657555],[23.3362226,42.6575272],[23.3361549,42.6575151],[23.3360989,42.6575057],[23.336,42.6574823],[23.3358893,42.6574581],[23.3357703,42.6574278],[23.3356717,42.6573987],[23.3355949,42.6573696],[23.3355091,42.6573349],[23.3354236,42.6573006],[23.3353143,42.6572505],[23.3351919,42.6571854],[23.3350505,42.6570977],[23.3348996,42.6569948],[23.3346998,42.6568439],[23.3345227,42.6566999],[23.3340839,42.6563683],[23.3340088,42.6563059],[23.3338686,42.6561987],[23.3337647,42.6561306],[23.333646,42.6560608],[23.3335709,42.6560243],[23.3334606,42.655973],[23.3333218,42.6559129],[23.3331994,42.6558678],[23.3330733,42.655829],[23.3329801,42.6558044],[23.3328544,42.6557773],[23.3327303,42.655758],[23.3325074,42.6557339],[23.3323351,42.6557238],[23.3321932,42.6557238],[23.3320548,42.6557331],[23.3318516,42.6557635],[23.3316541,42.6557967],[23.3315327,42.6558266],[23.3314405,42.655848],[23.3313235,42.6558816],[23.3312176,42.6559242],[23.3311063,42.6559745],[23.3309681,42.6560384],[23.3307988,42.6561284],[23.3306067,42.656231],[23.330423,42.6563266],[23.3302483,42.6564092],[23.3301494,42.6564482],[23.3300102,42.6564923],[23.3299154,42.6565224],[23.3297923,42.6565463],[23.3296579,42.6565789],[23.3295073,42.656608],[23.3293917,42.6566176],[23.329278,42.6566294],[23.3283003,42.6566531],[23.3282055,42.6566563],[23.328012,42.6566639],[23.3277949,42.6566752],[23.3277257,42.6566748],[23.3271619,42.6566847],[23.3247568,42.6567271],[23.3243974,42.6567334],[23.3239285,42.6567417],[23.3228774,42.6567602],[23.322683,42.6567636],[23.3226327,42.6567645],[23.3224078,42.6567685],[23.3223451,42.6567696],[23.3222892,42.6565162],[23.3222472,42.6563123],[23.3221668,42.6560497],[23.3220005,42.6556552],[23.3215204,42.654373],[23.3214694,42.6540475],[23.3215633,42.6539489],[23.3216223,42.653795],[23.3215365,42.653653],[23.3214533,42.6535761],[23.3214426,42.6534814],[23.3214185,42.6532703],[23.3214319,42.6530257],[23.3214533,42.6529172],[23.321389,42.6528304],[23.3213809,42.6527515],[23.3214211,42.6526903],[23.3214024,42.6525759],[23.3213407,42.6523905],[23.3211623,42.6520951],[23.3210715,42.6518998],[23.3210125,42.6516848],[23.3210822,42.6516137],[23.3210608,42.6515427],[23.3209156,42.6514124],[23.3208247,42.6510633],[23.3208405,42.6508226],[23.3207309,42.6506885],[23.3206608,42.6504655],[23.3204569,42.6484691],[23.3202531,42.6473287],[23.3189335,42.6439629],[23.3181288,42.6408929],[23.3177488,42.640484],[23.3177336,42.6402621],[23.3176138,42.6399222],[23.3174226,42.6397143]],[[23.3267185,42.6386983],[23.3277806,42.6397954],[23.3283385,42.6396928],[23.3286282,42.6395546],[23.3291968,42.640261],[23.3290949,42.6405175],[23.3294382,42.6409674],[23.329744,42.6410897],[23.3298459,42.6412765],[23.3300712,42.6416895],[23.3302268,42.6417842],[23.3305487,42.6418158],[23.3308307,42.6418146],[23.3313472,42.6417935],[23.331915,42.6419092],[23.3321521,42.6419236],[23.3322658,42.6417115],[23.3322778,42.6416477],[23.332372,42.6411465],[23.3322653,42.6410147],[23.3322009,42.6407109],[23.3323779,42.640557],[23.3324001,42.6404886],[23.3323999,42.640444],[23.3322975,42.6403123],[23.3322434,42.6401213],[23.3322533,42.639994],[23.3322212,42.6398976],[23.3321,42.6397433],[23.3329573,42.6396691],[23.3328151,42.6392823],[23.331989,42.6394007],[23.3317449,42.6393613],[23.3315625,42.6393021],[23.331407,42.6391876],[23.3312219,42.6389075],[23.3307498,42.639091],[23.3310744,42.6394816],[23.3310234,42.6395823],[23.3305728,42.6396632],[23.3302885,42.6393041],[23.3299593,42.638948],[23.3298587,42.6389347],[23.3289662,42.6392232],[23.3286228,42.6387891],[23.3282688,42.6389509],[23.3281186,42.6389351],[23.3277806,42.6385444],[23.3274212,42.6383905],[23.3267185,42.6386983]]]}},{"type":"Feature","id":"relation/16915306","properties":{"id":"osm-relation-16915306","name":"Vodenitsata"},"geometry":{"type":"Polygon","coordinates":[[[23.2265275,42.6989789],[23.226749,42.6988302],[23.2271144,42.6987959],[23.2272706,42.6987764],[23.2272559,42.6986075],[23.2274032,42.6985923],[23.2273679,42.6982977],[23.2274351,42.6982772],[23.2279501,42.6986552],[23.2279917,42.6987035],[23.2288953,42.698613],[23.2289882,42.6989167],[23.2282064,42.6994558],[23.2283701,42.6996621],[23.2286062,42.6999362],[23.2286572,42.700021],[23.2288074,42.7002516],[23.2288208,42.7003068],[23.228426,42.7009245],[23.2281951,42.7008047],[23.2279223,42.7006141],[23.2277964,42.7004957],[23.22774,42.700396],[23.2275774,42.7002641],[23.2270351,42.6996102],[23.2270053,42.6994609],[23.2269248,42.6993653],[23.2268371,42.6993308],[23.2267282,42.699166],[23.2265677,42.6990865],[23.2265275,42.6989789]]]}},{"type":"Feature","id":"relation/16886569","properties":{"id":"osm-relation-16886569","name":"Voenna rampa"},"geometry":{"type":"Polygon","coordinates":[[[23.3112377,42.7350837],[23.3116417,42.7349691],[23.3119326,42.7348562],[23.3119507,42.7348397],[23.3119545,42.7348152],[23.3118032,42.7344985],[23.3117942,42.7344536],[23.3118103,42.7344095],[23.3118481,42.7343666],[23.3119023,42.7343347],[23.3120092,42.7343041],[23.3129414,42.7340417],[23.313691,42.7338264],[23.3138787,42.7337755],[23.3140436,42.7337255],[23.3139212,42.7334634],[23.3137142,42.7329394],[23.3136766,42.7328441],[23.3135112,42.7321458],[23.3134917,42.732068],[23.313476,42.7319999],[23.3134698,42.7319731],[23.3134487,42.7318818],[23.3134273,42.7317892],[23.3134204,42.7317592],[23.3134061,42.7316975],[23.3133867,42.7316136],[23.3133379,42.7314019],[23.3132904,42.7311962],[23.3132576,42.7310609],[23.3132436,42.7310036],[23.3131044,42.7304322],[23.312681,42.7284847],[23.3125189,42.7277849],[23.3123901,42.7272265],[23.3123822,42.7271921],[23.3123626,42.7271075],[23.3123347,42.7269866],[23.3123268,42.7269526],[23.3121889,42.7263561],[23.312039,42.7256126],[23.3118184,42.7245182],[23.3117035,42.7239781],[23.3115515,42.7232877],[23.3113433,42.7226522],[23.3112695,42.7224299],[23.3118246,42.722275],[23.3139583,42.721742],[23.3139505,42.7215552],[23.3138754,42.7213148],[23.3138624,42.7207883],[23.3139816,42.7203898],[23.3146952,42.7194282],[23.3155669,42.7189906],[23.3186673,42.7177978],[23.3190358,42.7182798],[23.320103,42.7178724],[23.319784,42.717403],[23.3201164,42.7172787],[23.3207516,42.7170411],[23.3219071,42.7166158],[23.3224618,42.7173473],[23.322705,42.7174867],[23.3240089,42.7169868],[23.3250149,42.7165957],[23.3288361,42.7218233],[23.3289213,42.7217948],[23.3291498,42.7221544],[23.3295014,42.7226741],[23.3296717,42.7231984],[23.3297336,42.7234254],[23.3297545,42.7234988],[23.3298387,42.7238025],[23.3299484,42.724179],[23.3299862,42.7243088],[23.3300148,42.7244067],[23.3300899,42.7246644],[23.3301807,42.7249761],[23.3302089,42.725071],[23.3303993,42.7257119],[23.3304475,42.7258996],[23.3305977,42.7264836],[23.3306467,42.7265814],[23.3306999,42.7265295],[23.3337915,42.7263408],[23.3343238,42.7283308],[23.3344286,42.728723],[23.3345757,42.7292729],[23.3347058,42.7298023],[23.3348247,42.7302218],[23.3380811,42.7345942],[23.336247,42.735244],[23.3346172,42.7358171],[23.3334079,42.7362405],[23.3324619,42.7365754],[23.3322671,42.7365428],[23.3294536,42.737537],[23.3268265,42.7384601],[23.3267322,42.7384929],[23.3263523,42.7383784],[23.3249123,42.7388691],[23.3245511,42.7389914],[23.3225525,42.7396621],[23.32243,42.7396996],[23.3213552,42.7369234],[23.3176953,42.7379313],[23.3176669,42.7379409],[23.3173734,42.7380394],[23.3167216,42.7382583],[23.316642,42.738285],[23.3165813,42.7383054],[23.3164892,42.7383363],[23.316273,42.7384118],[23.3162057,42.7384353],[23.3154867,42.738688],[23.315091,42.7388249],[23.3150142,42.7388526],[23.3147559,42.7389458],[23.3141292,42.7391719],[23.3126361,42.7397107],[23.3122729,42.7398417],[23.3118302,42.738969],[23.3118811,42.7382141],[23.3118921,42.7380512],[23.3117738,42.7376258],[23.3117311,42.7374759],[23.3117615,42.7370519],[23.3118188,42.7369905],[23.3116546,42.7369187],[23.3116388,42.7369029],[23.3116919,42.7366127],[23.3117877,42.7363095],[23.3112377,42.7350837]]]}},{"type":"Feature","id":"relation/15789055","properties":{"id":"osm-relation-15789055","name":"Vrabnitsa 1"},"geometry":{"type":"Polygon","coordinates":[[[23.2824328,42.7279049],[23.2827045,42.7278529],[23.2827288,42.7278985],[23.2827417,42.7279872],[23.2828129,42.7280029],[23.2829063,42.7280768],[23.2834257,42.7285011],[23.2842574,42.7291803],[23.2848319,42.7296495],[23.2851832,42.7299283],[23.2854983,42.7303276],[23.2857623,42.7306621],[23.2860179,42.7310807],[23.2860962,42.7312035],[23.2861186,42.7312387],[23.2861647,42.731311],[23.2862461,42.731463],[23.2863563,42.7316117],[23.2864098,42.7316429],[23.28681,42.7318765],[23.2881862,42.7326612],[23.2884763,42.7328279],[23.2885351,42.7328617],[23.288596,42.7328966],[23.2886633,42.7329352],[23.2886992,42.7329562],[23.2887533,42.7329866],[23.2887822,42.733003],[23.2891695,42.7332235],[23.290358,42.7338998],[23.2905183,42.7339912],[23.290913,42.7342163],[23.2913531,42.7344672],[23.291479,42.734539],[23.2915706,42.7345919],[23.2915901,42.7346031],[23.2922675,42.7349939],[23.292738,42.7352685],[23.2928384,42.735327],[23.2929617,42.7353989],[23.2929129,42.7354442],[23.2928234,42.7355273],[23.2918451,42.7364336],[23.2911446,42.7370864],[23.2904624,42.7377532],[23.2904491,42.7377662],[23.2900584,42.7381277],[23.2892022,42.7389023],[23.2880069,42.7399805],[23.2878378,42.7401325],[23.2876452,42.7403043],[23.2876916,42.7403718],[23.2877122,42.7404466],[23.2877045,42.7405239],[23.2876755,42.7405865],[23.2876361,42.7406344],[23.2875577,42.7406918],[23.2874712,42.7407275],[23.2873751,42.7407457],[23.2872839,42.7407461],[23.2871952,42.7407307],[23.2864405,42.7414206],[23.2856308,42.7409993],[23.2853347,42.7382215],[23.2844518,42.7346837],[23.2837951,42.7324233],[23.2835937,42.7317307],[23.2832919,42.730592],[23.2824328,42.7279049]]]}},{"type":"Feature","id":"relation/16890830","properties":{"id":"osm-relation-16890830","name":"Vrazhdebna"},"geometry":{"type":"Polygon","coordinates":[[[23.3914671,42.7030498],[23.3970273,42.704179],[23.3984083,42.7044889],[23.3992447,42.7046766],[23.4064431,42.7030651],[23.4064476,42.703762],[23.4049707,42.7045538],[23.411036,42.7046016],[23.4108641,42.7055467],[23.4164085,42.705961],[23.4170274,42.706784],[23.4177259,42.7071197],[23.4177259,42.7066801],[23.4176169,42.7060498],[23.4186097,42.7058824],[23.418798,42.7069129],[23.4192585,42.7069551],[23.4194521,42.7072166],[23.4201375,42.7072089],[23.4206973,42.7075857],[23.4213984,42.7076011],[23.4224553,42.7091428],[23.4224867,42.7101309],[23.4223507,42.7101386],[23.4223559,42.7104961],[23.4219137,42.7105591],[23.4212961,42.7112091],[23.4211514,42.7115425],[23.421215,42.7118267],[23.4214829,42.7126954],[23.421563,42.713016],[23.421563,42.7133306],[23.4214941,42.7137896],[23.4214701,42.7141099],[23.4214901,42.7142366],[23.4215371,42.7143413],[23.4216805,42.714501],[23.4218518,42.7146604],[23.4219133,42.7147177],[23.4214518,42.7149369],[23.4211004,42.7147755],[23.4208259,42.7151319],[23.4205714,42.7154627],[23.4205218,42.7156263],[23.4205419,42.7160096],[23.4205942,42.7161643],[23.4205936,42.716244],[23.4197354,42.7163393],[23.4198084,42.7156604],[23.4186658,42.7156332],[23.4173003,42.7158499],[23.4158849,42.7156577],[23.4147019,42.7158498],[23.4136935,42.7160052],[23.4132425,42.7160735],[23.4131992,42.7173564],[23.409035,42.7180841],[23.4061817,42.717592],[23.4050847,42.7176597],[23.4050617,42.7178118],[23.4045707,42.7178344],[23.4046014,42.7175413],[23.403213,42.7176371],[23.4032053,42.7173441],[23.4029982,42.7173553],[23.4007736,42.7167466],[23.4003747,42.716493],[23.4001062,42.7160196],[23.3995626,42.7160615],[23.3992141,42.7154099],[23.3995816,42.7152982],[23.3996449,42.7132221],[23.3990558,42.7131476],[23.3991223,42.7127361],[23.3997305,42.7127878],[23.3999133,42.7105888],[23.3995284,42.7099289],[23.3986385,42.7102953],[23.3976451,42.7102063],[23.3978155,42.7114011],[23.3937973,42.7109939],[23.3933369,42.7108055],[23.3933298,42.7099001],[23.392223,42.7100092],[23.3921352,42.7099265],[23.3921323,42.7097766],[23.3921312,42.7097091],[23.3921003,42.7080473],[23.3920104,42.7066385],[23.3919832,42.705865],[23.3920344,42.7048781],[23.3920085,42.7045331],[23.3918572,42.7039282],[23.3917153,42.7035419],[23.3914671,42.7030498]]]}},{"type":"Feature","id":"relation/16935596","properties":{"id":"osm-relation-16935596","name":"Yapadzha"},"geometry":{"type":"Polygon","coordinates":[[[23.42259,42.71106],[23.4226351,42.7108855],[23.4229031,42.7105057],[23.4229582,42.7102932],[23.4230229,42.7100701],[23.4230562,42.7095401],[23.4233319,42.7095466],[23.4244017,42.7095163],[23.4244673,42.7095134],[23.4249469,42.7094927],[23.4254781,42.7094629],[23.4260388,42.7094248],[23.427115,42.709345],[23.4291197,42.7091963],[23.4295279,42.7091723],[23.4297543,42.7091565],[23.4302638,42.709121],[23.4305236,42.709163],[23.4307827,42.7092202],[23.4309081,42.7092608],[23.4310029,42.7093047],[23.4310782,42.709351],[23.4311828,42.709435],[23.431274,42.7095255],[23.4313577,42.7096213],[23.4314243,42.7097103],[23.4314636,42.7097663],[23.4325821,42.711359],[23.4327746,42.7116331],[23.4328817,42.7117857],[23.4332765,42.7123478],[23.4334223,42.7125554],[23.4334417,42.7127326],[23.4265161,42.7159281],[23.4231329,42.7160549],[23.4228956,42.7151907],[23.4228687,42.715071],[23.4228969,42.7150331],[23.423395,42.714737],[23.423528,42.714477],[23.423521,42.7141401],[23.4237165,42.7133784],[23.4238413,42.7127515],[23.4238216,42.7125757],[23.4237407,42.7123354],[23.4234518,42.7118837],[23.423261,42.711674],[23.4229508,42.7115233],[23.4227219,42.7113538],[23.4226343,42.7111938],[23.42259,42.71106]]]}},{"type":"Feature","id":"relation/16855522","properties":{"id":"osm-relation-16855522","name":"Yavorov"},"geometry":{"type":"Polygon","coordinates":[[[23.342804,42.6867756],[23.3475935,42.683446],[23.3509852,42.681026],[23.3544749,42.6785368],[23.3546081,42.6786578],[23.3557637,42.6797367],[23.3561299,42.6800862],[23.3568023,42.6807073],[23.3569871,42.6808049],[23.3566381,42.6811985],[23.3558989,42.6819906],[23.3554253,42.6825019],[23.3552603,42.682679],[23.3549864,42.6829131],[23.354729,42.6831162],[23.354437,42.6833097],[23.3541861,42.6834607],[23.3540501,42.6835426],[23.3530617,42.6841369],[23.3522301,42.68463],[23.3517747,42.6849047],[23.351382,42.6851194],[23.3507261,42.6854639],[23.3503871,42.6856495],[23.3503104,42.6856937],[23.3501485,42.6857906],[23.3497596,42.6860231],[23.3495998,42.6861171],[23.3489597,42.6864852],[23.3487248,42.6866241],[23.3483436,42.6868481],[23.3482404,42.6869078],[23.3477464,42.6872139],[23.3474985,42.6873656],[23.3474302,42.6874039],[23.347117,42.6875864],[23.3466226,42.6878555],[23.3465809,42.6878811],[23.3457473,42.6883517],[23.3452325,42.6886146],[23.3451772,42.6885641],[23.3445773,42.6880833],[23.3444859,42.6880115],[23.3440487,42.6876851],[23.3434932,42.6872839],[23.3430265,42.6869256],[23.3429611,42.6868836],[23.342804,42.6867756]]]}},{"type":"Feature","id":"relation/16868071","properties":{"id":"osm-relation-16868071","name":"Yuzhen Park"},"geometry":{"type":"Polygon","coordinates":[[[23.3091003,42.6719297],[23.3100484,42.6715781],[23.3093394,42.6710689],[23.3098918,42.6707719],[23.3113593,42.6713114],[23.3117633,42.670881],[23.3107987,42.6693958],[23.3117385,42.6688866],[23.3115528,42.668549],[23.3115233,42.6681025],[23.3114765,42.6676717],[23.3114897,42.6673022],[23.3109397,42.6660078],[23.3120379,42.6659792],[23.3138644,42.6663585],[23.3138694,42.6664154],[23.3138724,42.6664498],[23.3139427,42.6672481],[23.3139465,42.6672851],[23.3139758,42.6675383],[23.3140025,42.6677731],[23.314033,42.6680409],[23.3140327,42.668324],[23.3140326,42.6684004],[23.3139081,42.6691667],[23.3138781,42.6692974],[23.3138733,42.6694109],[23.313903,42.6698799],[23.3139039,42.6698944],[23.3139076,42.6699608],[23.3139199,42.6702433],[23.3139192,42.6703874],[23.3139177,42.6707651],[23.3137465,42.6708632],[23.3134797,42.6710366],[23.3128898,42.6714706],[23.3126694,42.6715751],[23.3123547,42.6717243],[23.3122944,42.6717908],[23.3121951,42.6718393],[23.3120388,42.6719128],[23.3118189,42.6719739],[23.3116584,42.6720226],[23.3114771,42.6720427],[23.3113365,42.6720576],[23.3112413,42.6720612],[23.311186,42.6720756],[23.3111035,42.6721383],[23.3108278,42.6719849],[23.3107832,42.6719601],[23.3107339,42.6719327],[23.3105224,42.6720754],[23.3103936,42.6721481],[23.3102696,42.6721998],[23.3101692,42.6722246],[23.3100623,42.6722415],[23.309873,42.6722705],[23.3096929,42.6723071],[23.3095539,42.672351],[23.3095096,42.6723738],[23.309488,42.6724038],[23.3094856,42.6724549],[23.3091003,42.6719297]]]}},{"type":"Feature","id":"relation/16868028","properties":{"id":"osm-relation-16868028","name":"Zaharna Fabrika"},"geometry":{"type":"Polygon","coordinates":[[[23.2799341,42.7169954],[23.2888467,42.7124285],[23.2889568,42.7123736],[23.2893459,42.7124587],[23.289705,42.7125422],[23.2898335,42.7125721],[23.2908578,42.7128602],[23.2919984,42.713193],[23.2933411,42.7135937],[23.2936948,42.7137472],[23.2943369,42.7139668],[23.2948259,42.7141659],[23.2955465,42.7144034],[23.2958422,42.7144897],[23.296409,42.7146489],[23.2975241,42.7149621],[23.2975969,42.7149826],[23.2977344,42.7148459],[23.2981676,42.7149716],[23.2985687,42.715088],[23.2989065,42.7151957],[23.3000008,42.7155524],[23.3001657,42.7156105],[23.3005571,42.7157484],[23.3007891,42.7158195],[23.3009598,42.7158567],[23.3011165,42.7158825],[23.3012217,42.7159002],[23.3016393,42.7159994],[23.3019534,42.7161012],[23.3019924,42.7161129],[23.3019325,42.7162241],[23.302445,42.7163695],[23.3024146,42.7164494],[23.3022886,42.7166807],[23.3021216,42.7167519],[23.3018788,42.7168943],[23.3024045,42.717436],[23.3029843,42.7179861],[23.3014315,42.7184479],[23.3002668,42.718715],[23.2978266,42.7193896],[23.2964956,42.7198053],[23.2964125,42.7202512],[23.2963151,42.7207986],[23.2960267,42.7211951],[23.295825,42.7214499],[23.295179,42.7220037],[23.2950693,42.722083],[23.2947254,42.7224525],[23.2948185,42.7226012],[23.294757,42.722626],[23.2947047,42.7226486],[23.2946229,42.7226841],[23.2945565,42.7225655],[23.2945172,42.7224867],[23.2944723,42.722416],[23.2943959,42.7223619],[23.2941391,42.7222468],[23.2934299,42.721949],[23.293224,42.7218444],[23.2923648,42.7213964],[23.2893592,42.7200386],[23.2860942,42.7184957],[23.285883,42.7183787],[23.2853272,42.7180288],[23.2848003,42.7178533],[23.284558,42.7178119],[23.2840771,42.7177799],[23.2835721,42.7177786],[23.2832106,42.7177611],[23.2827089,42.7177239],[23.2821954,42.7177264],[23.2817298,42.7177085],[23.2814624,42.7176789],[23.2809418,42.7176081],[23.2805945,42.717515],[23.2804065,42.7174225],[23.2803179,42.717364],[23.2800561,42.7171193],[23.2799341,42.7169954]]]}},{"type":"Feature","id":"relation/15648608","properties":{"id":"osm-relation-15648608","name":"Zapaden park"},"geometry":{"type":"Polygon","coordinates":[[[23.2750959,42.7076845],[23.2752464,42.7068476],[23.2752524,42.7068087],[23.2752599,42.7067615],[23.2752984,42.7065183],[23.275342,42.7062424],[23.2754476,42.7056399],[23.2756766,42.704346],[23.2757259,42.7040679],[23.2757849,42.7037342],[23.2758005,42.7036464],[23.2758436,42.703403],[23.2759002,42.7030832],[23.2759479,42.7028137],[23.2760509,42.702186],[23.2759597,42.7019687],[23.2759224,42.7018752],[23.2759121,42.7016138],[23.275928,42.7014426],[23.2759917,42.7013152],[23.276022,42.7012536],[23.2760495,42.7011156],[23.2761033,42.7008444],[23.2761651,42.7005332],[23.276271,42.6999988],[23.2763079,42.6996992],[23.2762725,42.6995422],[23.2762729,42.6993841],[23.2762655,42.6993224],[23.2762252,42.6992357],[23.2764602,42.6992496],[23.2766166,42.6992648],[23.2768219,42.6993114],[23.277438,42.6994342],[23.2782146,42.6995889],[23.2787041,42.6996502],[23.2801336,42.699688],[23.2810583,42.6997088],[23.2813258,42.69975],[23.2819889,42.6998522],[23.2821774,42.6998812],[23.2823281,42.6999044],[23.2830171,42.7000105],[23.2831919,42.7000375],[23.2833135,42.7000562],[23.2840597,42.7001711],[23.2842368,42.7001984],[23.2845138,42.7002411],[23.2844501,42.7005087],[23.2843972,42.7007306],[23.2843804,42.7008012],[23.2843535,42.7009146],[23.2842213,42.7014712],[23.2841556,42.7015751],[23.2842008,42.7015808],[23.2849675,42.7016782],[23.2852553,42.7017149],[23.2853997,42.701734],[23.2854636,42.7017425],[23.2859398,42.7017706],[23.2859003,42.7019322],[23.285867,42.7020686],[23.2858587,42.7021025],[23.2858423,42.7021698],[23.2858274,42.7022176],[23.2858224,42.7022345],[23.2858169,42.7022531],[23.2857983,42.7023198],[23.2857674,42.7024294],[23.2857628,42.7024485],[23.2857341,42.7025605],[23.2857039,42.7026949],[23.2855781,42.7032542],[23.285553,42.7033651],[23.2855236,42.7034947],[23.2853489,42.7042652],[23.2851003,42.7051317],[23.2850786,42.7052048],[23.2849624,42.7055345],[23.2849292,42.7056333],[23.2849004,42.7057278],[23.2848881,42.70578],[23.2848723,42.7058532],[23.2848605,42.7059277],[23.2833694,42.7063391],[23.283215,42.7063817],[23.2793702,42.7073569],[23.2789802,42.7074462],[23.2772964,42.7078974],[23.276009,42.7082963],[23.2759231,42.7083278],[23.2758757,42.7083482],[23.2757569,42.7084077],[23.2756566,42.7083293],[23.2753684,42.7081085],[23.2750959,42.7076845]]]}},{"type":"Feature","id":"relation/15789016","properties":{"id":"osm-relation-15789016","name":"kv. Obelya"},"geometry":{"type":"Polygon","coordinates":[[[23.2576806,42.744281],[23.2615872,42.7406393],[23.2640767,42.7384548],[23.2643507,42.7385434],[23.2646463,42.7387419],[23.2649478,42.7388523],[23.2657117,42.7393137],[23.2676268,42.7404592],[23.2678387,42.7406237],[23.2683798,42.7410373],[23.2684403,42.7410596],[23.2685714,42.7411375],[23.2693895,42.741624],[23.2715801,42.7429307],[23.27178,42.7429301],[23.2735577,42.7429256],[23.273559,42.7431521],[23.2735791,42.7432338],[23.2737561,42.7434605],[23.2738329,42.7435589],[23.2742675,42.7441513],[23.2742805,42.7442064],[23.2742084,42.7442576],[23.2740745,42.7443191],[23.2739839,42.7443607],[23.2722911,42.7451385],[23.2722402,42.7450523],[23.2715562,42.7441691],[23.2710692,42.7443943],[23.270365,42.7447198],[23.2697528,42.7450028],[23.2689339,42.7453814],[23.2686267,42.7455201],[23.2683474,42.7456127],[23.2683428,42.7456142],[23.2681034,42.7456758],[23.267868,42.7457206],[23.2676384,42.7457532],[23.2673822,42.745765],[23.2670778,42.7457611],[23.267113,42.746708],[23.2671076,42.7469591],[23.2669452,42.74799],[23.2603661,42.7467264],[23.2576806,42.744281]]]}},{"type":"Feature","id":"relation/16920164","properties":{"id":"osm-relation-16920164","name":"kv. Republika"},"geometry":{"type":"Polygon","coordinates":[[[23.2325671,42.7336064],[23.2329804,42.7331169],[23.2330779,42.7329986],[23.2326035,42.7328035],[23.2332547,42.7320181],[23.233699,42.7321569],[23.2338947,42.7319377],[23.2350021,42.7323176],[23.2359504,42.7321131],[23.2365241,42.7319353],[23.2372403,42.731699],[23.2380593,42.7319036],[23.2382583,42.7320062],[23.2387589,42.7322641],[23.2390407,42.7320546],[23.238802,42.73185],[23.2385931,42.7316406],[23.2382217,42.7313069],[23.2380195,42.7311851],[23.2376415,42.731112],[23.2374127,42.7311583],[23.2372005,42.7311875],[23.2366932,42.7310926],[23.2365904,42.7309416],[23.2363914,42.7307881],[23.2364537,42.7306949],[23.2367661,42.7302279],[23.2380361,42.7304423],[23.2389744,42.7308514],[23.2400123,42.731531],[23.2403836,42.7318062],[23.2400151,42.7322331],[23.2405793,42.7323597],[23.2412267,42.7325049],[23.2415182,42.7323346],[23.2413394,42.7321717],[23.2411994,42.7319797],[23.2412096,42.731938],[23.2412571,42.7319032],[23.241413,42.7318487],[23.2431344,42.7312471],[23.2442276,42.730865],[23.2444017,42.7307943],[23.2444632,42.7307706],[23.2472577,42.7344435],[23.2472777,42.7344698],[23.2473248,42.7345303],[23.2473755,42.7345956],[23.2476083,42.7349001],[23.2470824,42.7351822],[23.2451241,42.7362325],[23.2436634,42.7371231],[23.2410964,42.7385118],[23.2401051,42.737408],[23.2390218,42.737971],[23.2385569,42.7375762],[23.2390617,42.7373339],[23.2378757,42.7364092],[23.2366614,42.7356411],[23.2363815,42.7354984],[23.2367363,42.7351598],[23.2358642,42.7348018],[23.2333289,42.7339254],[23.2325671,42.7336064]]]}},{"type":"Feature","id":"relation/15654745","properties":{"id":"osm-relation-15654745","name":"zh.k. Buxton"},"geometry":{"type":"Polygon","coordinates":[[[23.2597867,42.665166],[23.2602185,42.6648031],[23.2608876,42.6642928],[23.2611417,42.664063],[23.2614165,42.6637694],[23.2615108,42.6636528],[23.2617045,42.6633286],[23.2618971,42.6629691],[23.262185,42.6624494],[23.2622324,42.6623647],[23.2622812,42.6622774],[23.2625548,42.6618217],[23.2627263,42.661592],[23.2628847,42.6613799],[23.2632092,42.6610741],[23.2635534,42.6608156],[23.263858,42.6606102],[23.2641922,42.6604352],[23.2648096,42.6601813],[23.2648429,42.6601674],[23.2649743,42.6601135],[23.2650751,42.6600773],[23.2650999,42.6600684],[23.2656881,42.6598575],[23.265778,42.6598252],[23.2658941,42.6597836],[23.2670286,42.6593765],[23.2681561,42.6589773],[23.2691814,42.6586154],[23.2694011,42.658539],[23.2703854,42.6581801],[23.2709574,42.6579811],[23.2713697,42.6579078],[23.2719538,42.6577288],[23.2720443,42.6577044],[23.2722855,42.6576394],[23.2723193,42.657755],[23.2723411,42.6578219],[23.2724051,42.658018],[23.2724223,42.6580708],[23.2724786,42.6583204],[23.2725157,42.6584833],[23.2725631,42.6586919],[23.2725999,42.6588543],[23.2726775,42.659226],[23.2727037,42.6593514],[23.2727394,42.6595178],[23.2728719,42.6600454],[23.2731071,42.6605658],[23.2732209,42.6608608],[23.2732429,42.6609072],[23.2732977,42.6610253],[23.2733099,42.6610516],[23.2733872,42.6612183],[23.2734793,42.6614167],[23.2735137,42.6614908],[23.2735693,42.6616106],[23.2735957,42.6616674],[23.2736696,42.6618268],[23.2737093,42.6619151],[23.2738738,42.6622806],[23.27404,42.6626405],[23.2742465,42.663102],[23.2742884,42.6631945],[23.2743554,42.6633407],[23.2743713,42.6633763],[23.2746639,42.6640281],[23.2748301,42.6643922],[23.2749394,42.6646234],[23.2750183,42.6648005],[23.2751208,42.6650304],[23.2751469,42.6650889],[23.2752754,42.6653773],[23.2753034,42.6654481],[23.2754465,42.6657773],[23.2755286,42.6659662],[23.2756184,42.6661729],[23.2759334,42.66691],[23.2760352,42.6671481],[23.276208,42.6675775],[23.2762655,42.6677833],[23.2762761,42.6678247],[23.2763291,42.6680326],[23.276386,42.6682604],[23.276399,42.6683042],[23.276426,42.6683958],[23.2765446,42.6688723],[23.2765864,42.6690244],[23.2766376,42.6692107],[23.2766731,42.6693416],[23.2766812,42.6693716],[23.2766928,42.6694142],[23.2767343,42.6695673],[23.2767673,42.6696921],[23.2767686,42.6697002],[23.2767834,42.6697545],[23.2768562,42.6700457],[23.2769632,42.6704578],[23.2769963,42.67056],[23.2771082,42.6709053],[23.2771136,42.670924],[23.277199,42.6711012],[23.2772929,42.6712959],[23.2775085,42.67174],[23.2775442,42.671818],[23.277667,42.672073],[23.2778184,42.6723871],[23.2779116,42.6725807],[23.278061,42.6728908],[23.2781695,42.673116],[23.278805,42.6744355],[23.2788699,42.6745701],[23.2790029,42.6748461],[23.2791283,42.6751065],[23.2791561,42.6751643],[23.2792309,42.6753194],[23.2792393,42.675336],[23.27926,42.6753798],[23.2792842,42.6754529],[23.2792885,42.6754754],[23.2792865,42.6754967],[23.2792429,42.6756008],[23.2790171,42.6754691],[23.2789518,42.6754309],[23.2786337,42.6752453],[23.2730441,42.6720659],[23.2728098,42.6719309],[23.2727397,42.6718934],[23.2727018,42.6718727],[23.2725734,42.6718045],[23.2725623,42.6717983],[23.27252,42.671775],[23.2725002,42.671764],[23.2724704,42.6717475],[23.2724671,42.6717457],[23.2723443,42.6716754],[23.272285,42.6716412],[23.2718726,42.671405],[23.2670287,42.6686614],[23.266445,42.6683306],[23.2663188,42.6682591],[23.2663075,42.6682527],[23.2660089,42.668083],[23.2659397,42.6680438],[23.2659367,42.668042],[23.2659111,42.6680272],[23.2658797,42.6680097],[23.2658049,42.6679673],[23.2656544,42.6678816],[23.2656389,42.667873],[23.265173,42.6676093],[23.2630529,42.6663918],[23.2629226,42.6663206],[23.2627763,42.6662528],[23.2606147,42.665457],[23.2597867,42.665166]]]}},{"type":"Feature","id":"relation/16920186","properties":{"id":"osm-relation-16920186","name":"zh.k. Filipovtsi"},"geometry":{"type":"Polygon","coordinates":[[[23.2285497,42.7203004],[23.2296456,42.7189239],[23.2296148,42.7182358],[23.2341552,42.7176709],[23.2344579,42.718083],[23.2356647,42.7196018],[23.2330872,42.7209679],[23.2312478,42.7212984],[23.2301201,42.7210766],[23.2292913,42.720762],[23.2285497,42.7203004]]]}},{"type":"Feature","id":"relation/15971382","properties":{"id":"osm-relation-15971382","name":"zh.k. Fondovi zhilishta"},"geometry":{"type":"Polygon","coordinates":[[[23.2977344,42.7148459],[23.2977989,42.7147574],[23.2980148,42.7144666],[23.2981358,42.7143186],[23.2982636,42.7141575],[23.2983279,42.714073],[23.2984282,42.7139368],[23.2985647,42.7137624],[23.2986468,42.7136619],[23.2990319,42.7131623],[23.2992728,42.7128476],[23.2995918,42.7124311],[23.2998965,42.712033],[23.2999537,42.7119583],[23.3001834,42.7116583],[23.3003522,42.7114378],[23.3004367,42.7114734],[23.300453,42.7114805],[23.3007059,42.7116045],[23.3007815,42.7116467],[23.300888,42.7116968],[23.3010572,42.7117687],[23.3014211,42.7119209],[23.3026629,42.7124365],[23.3041841,42.7130702],[23.3055493,42.7136358],[23.3056719,42.7136874],[23.3067199,42.7141155],[23.3070381,42.7142499],[23.307064,42.7142608],[23.3070536,42.7142741],[23.3070087,42.7143319],[23.3069876,42.7143591],[23.3068067,42.7145881],[23.3066133,42.7148438],[23.3065765,42.7148902],[23.3057313,42.7159574],[23.3053395,42.7164517],[23.3052526,42.7165614],[23.3052034,42.7170757],[23.3042687,42.7168838],[23.302445,42.7163695],[23.3019325,42.7162241],[23.3019924,42.7161129],[23.3019534,42.7161012],[23.3016393,42.7159994],[23.3012217,42.7159002],[23.3011165,42.7158825],[23.3009598,42.7158567],[23.3007891,42.7158195],[23.3005571,42.7157484],[23.3001657,42.7156105],[23.3000008,42.7155524],[23.2989065,42.7151957],[23.2985687,42.715088],[23.2981676,42.7149716],[23.2977344,42.7148459]]]}},{"type":"Feature","id":"relation/15648609","properties":{"id":"osm-relation-15648609","name":"zh.k. Krasna polyana 1"},"geometry":{"type":"Polygon","coordinates":[[[23.2755382,42.6990247],[23.275927,42.6983492],[23.276047,42.6980459],[23.2761458,42.6977266],[23.2762059,42.6975711],[23.2762573,42.6975145],[23.276326,42.6974659],[23.2764155,42.697436],[23.2766698,42.6974189],[23.2768945,42.6973815],[23.2771405,42.6973285],[23.2775908,42.6972116],[23.2787029,42.6969172],[23.278828,42.696882],[23.2795534,42.6966957],[23.2802512,42.6965007],[23.2803331,42.6964801],[23.28073,42.6963789],[23.2809205,42.6963303],[23.2811015,42.6962909],[23.2812112,42.6962668],[23.2814152,42.6962408],[23.28226,42.6961614],[23.283073,42.6960854],[23.2831507,42.6960405],[23.283298,42.6960307],[23.2841939,42.6959564],[23.2843142,42.6959417],[23.2844373,42.6959169],[23.284544,42.6958927],[23.2846681,42.6958553],[23.2847979,42.6957995],[23.2849241,42.6957353],[23.28496,42.6957117],[23.2851582,42.6955656],[23.2857574,42.6957304],[23.285983,42.6957652],[23.2861293,42.695766],[23.2873678,42.6957042],[23.2873647,42.6957175],[23.2873492,42.695793],[23.2873325,42.6958639],[23.2872729,42.6961106],[23.2872695,42.6961245],[23.2872653,42.6961417],[23.2870559,42.6970079],[23.2870358,42.6971187],[23.2870327,42.6971355],[23.2868695,42.6978681],[23.2867494,42.6984544],[23.2867423,42.6984862],[23.2867317,42.6985338],[23.2864676,42.6996142],[23.2863987,42.6998962],[23.2863628,42.7000349],[23.2860709,42.7011651],[23.2859493,42.7017267],[23.2859398,42.7017706],[23.2854636,42.7017425],[23.2853997,42.701734],[23.2852553,42.7017149],[23.2849675,42.7016782],[23.2842008,42.7015808],[23.2841556,42.7015751],[23.2842213,42.7014712],[23.2843535,42.7009146],[23.2843804,42.7008012],[23.2843972,42.7007306],[23.2844501,42.7005087],[23.2845138,42.7002411],[23.2842368,42.7001984],[23.2840597,42.7001711],[23.2833135,42.7000562],[23.2831919,42.7000375],[23.2830171,42.7000105],[23.2823281,42.6999044],[23.2821774,42.6998812],[23.2819889,42.6998522],[23.2813258,42.69975],[23.2810583,42.6997088],[23.2801336,42.699688],[23.2787041,42.6996502],[23.2782146,42.6995889],[23.277438,42.6994342],[23.2768219,42.6993114],[23.2766166,42.6992648],[23.2764602,42.6992496],[23.2762252,42.6992357],[23.2760971,42.6991682],[23.2755382,42.6990247]]]}},{"type":"Feature","id":"relation/16861825","properties":{"id":"osm-relation-16861825","name":"zh.k. Krasna polyana 2"},"geometry":{"type":"Polygon","coordinates":[[[23.275877,42.690914],[23.2771706,42.6895312],[23.2776042,42.6901374],[23.2777405,42.690296],[23.2778555,42.6904222],[23.2779634,42.6905328],[23.2781103,42.6906628],[23.2784491,42.6909388],[23.2802473,42.6921868],[23.281484,42.693027],[23.2815607,42.6930817],[23.2815792,42.6930949],[23.2822266,42.6935566],[23.2840354,42.6948177],[23.2846521,42.6952446],[23.2849404,42.6954248],[23.2849875,42.695455],[23.2850129,42.6954714],[23.2851582,42.6955656],[23.28496,42.6957117],[23.2849241,42.6957353],[23.2847979,42.6957995],[23.2846681,42.6958553],[23.284544,42.6958927],[23.2844373,42.6959169],[23.2843142,42.6959417],[23.2841939,42.6959564],[23.283298,42.6960307],[23.2831507,42.6960405],[23.283073,42.6960854],[23.28226,42.6961614],[23.2814152,42.6962408],[23.2812112,42.6962668],[23.2811015,42.6962909],[23.2809205,42.6963303],[23.28073,42.6963789],[23.2803331,42.6964801],[23.2802512,42.6965007],[23.2795534,42.6966957],[23.278828,42.696882],[23.2787029,42.6969172],[23.2775908,42.6972116],[23.2771405,42.6973285],[23.2768945,42.6973815],[23.2768873,42.6972936],[23.276936,42.6972211],[23.2769795,42.6971379],[23.2769943,42.6968069],[23.2769951,42.6967693],[23.2770202,42.6962355],[23.277042,42.6957543],[23.2770562,42.6954397],[23.2771242,42.694698],[23.2771501,42.6945637],[23.2771671,42.6944634],[23.2771613,42.6941553],[23.2771597,42.6940799],[23.2771294,42.6937395],[23.2771129,42.6936285],[23.2770024,42.6929795],[23.2769612,42.6922017],[23.275877,42.690914]]]}},{"type":"Feature","id":"relation/16861824","properties":{"id":"osm-relation-16861824","name":"zh.k. Krasna polyana 3"},"geometry":{"type":"Polygon","coordinates":[[[23.2802473,42.6921868],[23.280307,42.692138],[23.2804104,42.6920563],[23.2805943,42.6919014],[23.281285,42.6913194],[23.2813745,42.691244],[23.2829835,42.6898936],[23.2832656,42.6897304],[23.2833025,42.6896991],[23.2839829,42.6891213],[23.2848031,42.6893469],[23.2850567,42.689039],[23.2851154,42.6889913],[23.2852199,42.6889084],[23.2864007,42.6896941],[23.2867584,42.689931],[23.2871286,42.6901129],[23.2870527,42.6901913],[23.2868539,42.6904717],[23.2863409,42.6910974],[23.2859181,42.6914646],[23.2854632,42.6918552],[23.2852532,42.6920304],[23.2846301,42.6925709],[23.2849323,42.6927707],[23.285855,42.6934059],[23.2861178,42.6935868],[23.2869221,42.6941296],[23.287152,42.6942835],[23.2875188,42.6947345],[23.2874022,42.6955039],[23.2873948,42.6955529],[23.2873879,42.6955986],[23.2873834,42.695628],[23.2873707,42.695692],[23.2873678,42.6957042],[23.2861293,42.695766],[23.285983,42.6957652],[23.2857574,42.6957304],[23.2851582,42.6955656],[23.2850129,42.6954714],[23.2849875,42.695455],[23.2849404,42.6954248],[23.2846521,42.6952446],[23.2840354,42.6948177],[23.2822266,42.6935566],[23.2815792,42.6930949],[23.2815607,42.6930817],[23.281484,42.693027],[23.2802473,42.6921868]]]}},{"type":"Feature","id":"relation/16871937","properties":{"id":"osm-relation-16871937","name":"zh.k. Lyulin"},"geometry":{"type":"Polygon","coordinates":[[[23.2305296,42.7128019],[23.2327373,42.7125676],[23.2364873,42.7121441],[23.2383528,42.711202],[23.238857,42.7109307],[23.2412989,42.7095995],[23.244728,42.7081707],[23.2466758,42.7077141],[23.2476004,42.707618],[23.2480908,42.7076557],[23.248929,42.7077418],[23.2626826,42.7091547],[23.2639584,42.7093124],[23.2641724,42.7093354],[23.2655917,42.7094879],[23.2669782,42.7096406],[23.2673871,42.7096787],[23.2689245,42.7101349],[23.2693127,42.7102956],[23.271015,42.7110161],[23.2727778,42.7100194],[23.2730304,42.7101726],[23.2734679,42.7105017],[23.2735503,42.7106174],[23.273769,42.7107061],[23.2738675,42.7107215],[23.2740145,42.7107513],[23.2741154,42.7107792],[23.2742115,42.7108392],[23.2743364,42.7110409],[23.2747833,42.7118607],[23.2748196,42.7119233],[23.2748587,42.7119681],[23.2749062,42.7120068],[23.2758089,42.7126606],[23.2759014,42.7127413],[23.2759487,42.7127956],[23.2760026,42.7128806],[23.2760258,42.7129338],[23.2760319,42.7129965],[23.2759973,42.7134829],[23.2760048,42.7135401],[23.2760316,42.7136088],[23.2760805,42.7136721],[23.2761497,42.7137279],[23.2767096,42.7140936],[23.2767749,42.7141438],[23.2768375,42.7142017],[23.2776468,42.7150279],[23.2778488,42.7152348],[23.2781502,42.7155339],[23.2795029,42.7166769],[23.2798098,42.716874],[23.2798617,42.7169196],[23.2799341,42.7169954],[23.2788931,42.7175535],[23.2781928,42.7179644],[23.2776294,42.718271],[23.2772045,42.7184968],[23.2756657,42.7193236],[23.2754641,42.7194375],[23.2746318,42.7198819],[23.2745169,42.7199445],[23.2739521,42.7202523],[23.2739105,42.7202742],[23.2736855,42.7203923],[23.2735238,42.7204789],[23.2734868,42.7204993],[23.2734262,42.720532],[23.2733286,42.7205858],[23.2729049,42.7208134],[23.2724811,42.721041],[23.2717734,42.7214183],[23.2714897,42.7215724],[23.2708821,42.7219023],[23.27071,42.7219907],[23.2704886,42.7221118],[23.2702505,42.7222337],[23.2701589,42.7222839],[23.2701237,42.7223023],[23.2700898,42.7223202],[23.2700092,42.7223693],[23.2696364,42.7225772],[23.2693055,42.7227597],[23.2689915,42.7229328],[23.2687263,42.7230765],[23.268635,42.7231261],[23.2683938,42.723258],[23.2679851,42.7234815],[23.2678141,42.723575],[23.2674757,42.72376],[23.2673319,42.7238386],[23.2672261,42.7238969],[23.2671383,42.7239448],[23.2670863,42.7239733],[23.2669762,42.7240335],[23.2660728,42.7245277],[23.2656659,42.7247495],[23.2654019,42.7248933],[23.2653695,42.7249104],[23.2653225,42.7249347],[23.2652374,42.7249848],[23.2651721,42.7250214],[23.2650292,42.7251012],[23.2649754,42.7251313],[23.264492,42.7254014],[23.2640086,42.7256714],[23.2634635,42.7259675],[23.2629424,42.7262512],[23.2623016,42.7265925],[23.2621175,42.7266972],[23.2620931,42.7267118],[23.262084,42.7267163],[23.2619923,42.7267684],[23.2618645,42.7268382],[23.2618002,42.7268745],[23.2617312,42.7269134],[23.261585,42.7269954],[23.2615008,42.7270399],[23.261066,42.7272866],[23.260732,42.727474],[23.2605246,42.7275904],[23.2599356,42.7279209],[23.2583315,42.7288134],[23.2580928,42.728939],[23.2580553,42.7289588],[23.2579512,42.7290159],[23.25785,42.7290737],[23.25779,42.729108],[23.2575375,42.7292521],[23.257325,42.7293733],[23.2571918,42.7294493],[23.2568573,42.7296403],[23.2565638,42.7298078],[23.2561486,42.7300448],[23.2557762,42.7302573],[23.2553094,42.7305237],[23.2552904,42.7305346],[23.2551927,42.7305904],[23.2551224,42.7306343],[23.2545833,42.7309712],[23.254462,42.7310451],[23.2540479,42.7312972],[23.2536419,42.7315445],[23.2530735,42.7318863],[23.2530466,42.7319026],[23.2529995,42.7319317],[23.2525071,42.7322357],[23.2522805,42.7323775],[23.2518621,42.7326337],[23.2517082,42.7327174],[23.2512881,42.732946],[23.2511445,42.7330241],[23.2507691,42.7332336],[23.2504546,42.7333996],[23.250444,42.7334052],[23.2503915,42.7334329],[23.2495265,42.7338734],[23.2494553,42.7339105],[23.2484574,42.7344384],[23.2478993,42.7347433],[23.2478141,42.7347872],[23.2477523,42.734821],[23.2476083,42.7349001],[23.2473755,42.7345956],[23.2473248,42.7345303],[23.2472777,42.7344698],[23.2472577,42.7344435],[23.2444632,42.7307706],[23.2435545,42.7296208],[23.2419699,42.7276334],[23.2415727,42.7271451],[23.2415395,42.7271018],[23.2412338,42.7267031],[23.2410616,42.726489],[23.2406396,42.7259645],[23.2397812,42.7248444],[23.2356647,42.7196018],[23.2344579,42.718083],[23.2341552,42.7176709],[23.2336442,42.7169751],[23.2316581,42.7145417],[23.2311771,42.7139721],[23.2305296,42.7128019]]]}},{"type":"Feature","id":"relation/15789017","properties":{"id":"osm-relation-15789017","name":"zh.k. Obelya 2"},"geometry":{"type":"Polygon","coordinates":[[[23.2669452,42.74799],[23.2671076,42.7469591],[23.267113,42.746708],[23.2670778,42.7457611],[23.2673822,42.745765],[23.2676384,42.7457532],[23.267868,42.7457206],[23.2681034,42.7456758],[23.2683428,42.7456142],[23.2683474,42.7456127],[23.2686267,42.7455201],[23.2689339,42.7453814],[23.2697528,42.7450028],[23.270365,42.7447198],[23.2710692,42.7443943],[23.2715562,42.7441691],[23.2722402,42.7450523],[23.2722911,42.7451385],[23.2739839,42.7443607],[23.2740745,42.7443191],[23.2742084,42.7442576],[23.2742805,42.7442064],[23.2742675,42.7441513],[23.2738329,42.7435589],[23.2737561,42.7434605],[23.2735791,42.7432338],[23.273559,42.7431521],[23.2735577,42.7429256],[23.2738298,42.7429235],[23.274328,42.7429215],[23.2744863,42.7429206],[23.2745597,42.7429207],[23.2746785,42.7429209],[23.2747903,42.742921],[23.2748692,42.7429208],[23.2748926,42.7429207],[23.2749157,42.7429207],[23.2755082,42.7429228],[23.2757769,42.742919],[23.2761198,42.7428981],[23.2763928,42.7428654],[23.2766267,42.7428176],[23.2766845,42.7428005],[23.2767217,42.7427895],[23.2768677,42.7427465],[23.2771383,42.742635],[23.2773826,42.7424906],[23.2775623,42.7423783],[23.2777014,42.7422765],[23.2779493,42.742072],[23.2779895,42.7420468],[23.2780526,42.7420077],[23.2781232,42.7419801],[23.2781744,42.7419679],[23.2782115,42.741963],[23.2782467,42.7419642],[23.2783065,42.7419727],[23.2783778,42.7419878],[23.2784616,42.7420071],[23.2784826,42.7420119],[23.2787869,42.7420822],[23.2790345,42.7421336],[23.2794059,42.7421829],[23.2795754,42.7422054],[23.2803379,42.7423984],[23.2803638,42.7424061],[23.2804366,42.7424253],[23.2805709,42.7424655],[23.2811759,42.7426172],[23.2818256,42.7427671],[23.2822089,42.7428659],[23.2824656,42.742921],[23.2825545,42.7429403],[23.2828352,42.7430215],[23.2831185,42.7430668],[23.2832529,42.743081],[23.2835325,42.743113],[23.2837507,42.7431263],[23.284227,42.7431225],[23.2843947,42.743129],[23.2842762,42.7432392],[23.2842446,42.7432723],[23.2839095,42.7435611],[23.2834532,42.7440053],[23.2831785,42.744261],[23.2823677,42.7450157],[23.2804768,42.7467761],[23.2803366,42.7469086],[23.2801337,42.7469798],[23.2795055,42.7475545],[23.2777012,42.7492004],[23.2775087,42.749263],[23.2740146,42.7488554],[23.2669452,42.74799]]]}},{"type":"Feature","id":"relation/15721635","properties":{"id":"osm-relation-15721635","name":"zh.k. Razsadnik Konyovitsa"},"geometry":{"type":"Polygon","coordinates":[[[23.2846301,42.6925709],[23.2852532,42.6920304],[23.2854632,42.6918552],[23.2859181,42.6914646],[23.2863409,42.6910974],[23.2868539,42.6904717],[23.2870527,42.6901913],[23.2871286,42.6901129],[23.2889451,42.6907392],[23.2895731,42.6909806],[23.2902751,42.6912915],[23.2910904,42.6917437],[23.2944668,42.6937895],[23.2949304,42.6941522],[23.2950381,42.6944444],[23.2950599,42.6944838],[23.2955025,42.6952486],[23.2958279,42.6958033],[23.2959786,42.696082],[23.2960739,42.6962852],[23.2961545,42.6964845],[23.2962277,42.6966888],[23.2962352,42.6967146],[23.2965543,42.6977573],[23.2967142,42.6983256],[23.2968016,42.6986404],[23.2968044,42.6986504],[23.2970283,42.6995205],[23.2971158,42.6998289],[23.2972549,42.7003166],[23.2972659,42.7003552],[23.2972801,42.7004054],[23.2972938,42.7004534],[23.297297,42.7004649],[23.2972796,42.7004677],[23.2972232,42.700477],[23.2971287,42.7004926],[23.2971142,42.7004951],[23.2926102,42.7011919],[23.2924021,42.7012245],[23.2922482,42.7012483],[23.2920718,42.7012756],[23.2905117,42.7015171],[23.2882707,42.701865],[23.2859756,42.7022114],[23.2858224,42.7022345],[23.2858274,42.7022176],[23.2858423,42.7021698],[23.2858587,42.7021025],[23.285867,42.7020686],[23.2859003,42.7019322],[23.2859398,42.7017706],[23.2859493,42.7017267],[23.2860709,42.7011651],[23.2863628,42.7000349],[23.2863987,42.6998962],[23.2864676,42.6996142],[23.2867317,42.6985338],[23.2867423,42.6984862],[23.2867494,42.6984544],[23.2868695,42.6978681],[23.2870327,42.6971355],[23.2870358,42.6971187],[23.2870559,42.6970079],[23.2872653,42.6961417],[23.2872695,42.6961245],[23.2872729,42.6961106],[23.2873325,42.6958639],[23.2873492,42.695793],[23.2873647,42.6957175],[23.2873678,42.6957042],[23.2873707,42.695692],[23.2873834,42.695628],[23.2873879,42.6955986],[23.2873948,42.6955529],[23.2874022,42.6955039],[23.2875188,42.6947345],[23.287152,42.6942835],[23.2869221,42.6941296],[23.2861178,42.6935868],[23.285855,42.6934059],[23.2849323,42.6927707],[23.2846301,42.6925709]]]}},{"type":"Feature","id":"relation/16017709","properties":{"id":"osm-relation-16017709","name":"zh.k. Serdika"},"geometry":{"type":"Polygon","coordinates":[[[23.2871286,42.6901129],[23.287243,42.6899947],[23.2871683,42.6899586],[23.2872974,42.6898271],[23.2880315,42.6894115],[23.2884121,42.6892493],[23.2892597,42.6891206],[23.2883748,42.6890271],[23.2884962,42.6888958],[23.2889002,42.6889189],[23.2895458,42.6889799],[23.2901576,42.6890914],[23.2906769,42.6891794],[23.2907145,42.6890986],[23.291764,42.6892542],[23.2918453,42.6891316],[23.2936667,42.6893139],[23.2949676,42.6895918],[23.295815,42.6897209],[23.2970127,42.6901054],[23.2996067,42.6908666],[23.3010059,42.6913242],[23.3039939,42.6923021],[23.305145,42.6928673],[23.3051188,42.6928964],[23.3051048,42.6929119],[23.3050689,42.6929529],[23.3050004,42.6930248],[23.304976,42.6930516],[23.3046346,42.6934253],[23.3045616,42.6935055],[23.3044943,42.6935794],[23.3044528,42.6936287],[23.3044187,42.6936764],[23.3045191,42.694018],[23.3045261,42.6940418],[23.3045953,42.6942773],[23.3046138,42.6943404],[23.3041801,42.6944213],[23.3043576,42.6950438],[23.304414,42.6952418],[23.3043045,42.6952544],[23.3042598,42.6952596],[23.304171,42.6952698],[23.3035048,42.6953725],[23.3034762,42.6953769],[23.3034459,42.6953815],[23.3032936,42.695405],[23.3023874,42.6968838],[23.3024085,42.6969577],[23.3026192,42.6976891],[23.3026357,42.6977494],[23.3028858,42.6986212],[23.3029263,42.6987625],[23.3024703,42.6982262],[23.3022467,42.6979889],[23.3019447,42.6977398],[23.3015463,42.6974886],[23.3010926,42.6972697],[23.3001365,42.6968253],[23.2987786,42.6962192],[23.2980651,42.6959006],[23.2975318,42.6956136],[23.2952408,42.6942302],[23.2949304,42.6941522],[23.2944668,42.6937895],[23.2910904,42.6917437],[23.2902751,42.6912915],[23.2895731,42.6909806],[23.2889451,42.6907392],[23.2871286,42.6901129]]]}},{"type":"Feature","id":"relation/15955290","properties":{"id":"osm-relation-15955290","name":"zh.k. Sveta Troitsa"},"geometry":{"type":"Polygon","coordinates":[[[23.2873361,42.7090304],[23.2875826,42.7089053],[23.2876777,42.7088512],[23.28777,42.7088118],[23.2886618,42.7083953],[23.2887166,42.7083696],[23.2898617,42.7078335],[23.2899235,42.707804],[23.2905226,42.7075244],[23.2911413,42.707231],[23.2917785,42.7069358],[23.2923205,42.7066813],[23.2923798,42.7066535],[23.2930341,42.7063493],[23.2930594,42.7063374],[23.2936318,42.7060688],[23.2936823,42.7060451],[23.2940008,42.7058963],[23.2940574,42.7058773],[23.2941143,42.7058623],[23.2941423,42.7058576],[23.2946469,42.7057716],[23.2949851,42.7057169],[23.2955243,42.7056299],[23.2962327,42.7055137],[23.2963381,42.7054946],[23.2970891,42.7053769],[23.2979785,42.7052329],[23.2983715,42.7051694],[23.298422,42.7051612],[23.298457,42.7051556],[23.298469,42.7051537],[23.2984752,42.7051526],[23.2985483,42.7051402],[23.298608,42.7051306],[23.2986276,42.7051274],[23.2986045,42.7050448],[23.298597,42.7050174],[23.298579,42.7049518],[23.2981296,42.7034006],[23.2981125,42.7033403],[23.2980922,42.7032691],[23.2981142,42.7032654],[23.2981701,42.703256],[23.2982365,42.7032449],[23.2982476,42.7032428],[23.2983092,42.7032326],[23.2991433,42.7030939],[23.3000739,42.7029375],[23.300914,42.7027954],[23.3010068,42.7027799],[23.301012,42.7027969],[23.3010258,42.7028453],[23.301043,42.7029003],[23.3012354,42.7035512],[23.3013032,42.7037918],[23.3015288,42.7045922],[23.3015477,42.7046525],[23.3017211,42.7046254],[23.3018017,42.7046123],[23.3020943,42.7045652],[23.3023002,42.7045321],[23.3026178,42.7044811],[23.3027053,42.704467],[23.3030652,42.7044083],[23.3031509,42.7043954],[23.3031912,42.7043896],[23.3032736,42.7047368],[23.3023424,42.7048852],[23.3025564,42.705606],[23.3020361,42.7056943],[23.3021285,42.7060196],[23.3021352,42.7060448],[23.3021386,42.7060575],[23.3021497,42.706099],[23.3021867,42.7061931],[23.3022107,42.706259],[23.3040941,42.7060259],[23.3041115,42.7060978],[23.3041305,42.7061693],[23.304249,42.7066153],[23.3043392,42.7070139],[23.3044594,42.7074714],[23.3045814,42.7079409],[23.3043062,42.7083141],[23.3042814,42.7083478],[23.3038509,42.7081705],[23.3035019,42.7080264],[23.3030217,42.7078229],[23.3029866,42.7078672],[23.3029223,42.7079528],[23.3027048,42.7082392],[23.3025917,42.7083826],[23.3023264,42.7087335],[23.3021456,42.7089766],[23.3018936,42.7093047],[23.3016741,42.7095932],[23.3015102,42.7098016],[23.3013378,42.7100258],[23.3013094,42.7100655],[23.3012253,42.7101833],[23.3010966,42.710378],[23.3009536,42.7105855],[23.3007777,42.7108435],[23.3007507,42.710883],[23.3006955,42.7109639],[23.3006307,42.7110577],[23.3005955,42.7111086],[23.3005431,42.711182],[23.3005098,42.7112264],[23.3004955,42.711246],[23.3004302,42.711334],[23.3004129,42.7113581],[23.3003522,42.7114378],[23.3001834,42.7116583],[23.2999537,42.7119583],[23.2998965,42.712033],[23.2995918,42.7124311],[23.2992728,42.7128476],[23.2990319,42.7131623],[23.2986468,42.7136619],[23.2985647,42.7137624],[23.2984282,42.7139368],[23.2983279,42.714073],[23.2982636,42.7141575],[23.2981358,42.7143186],[23.2980148,42.7144666],[23.2977989,42.7147574],[23.2977344,42.7148459],[23.2975969,42.7149826],[23.2975241,42.7149621],[23.296409,42.7146489],[23.2958422,42.7144897],[23.2955465,42.7144034],[23.2948259,42.7141659],[23.2943369,42.7139668],[23.2936948,42.7137472],[23.2933411,42.7135937],[23.2919984,42.713193],[23.2908578,42.7128602],[23.2898335,42.7125721],[23.289705,42.7125422],[23.2893459,42.7124587],[23.2889568,42.7123736],[23.2899088,42.7119049],[23.289788,42.7117973],[23.2897797,42.7117898],[23.2890335,42.7109126],[23.2875681,42.709251],[23.2874275,42.7091059],[23.2873361,42.7090304]],[[23.3003736,42.7045028],[23.3003909,42.7045602],[23.3004196,42.7046579],[23.300446,42.7047476],[23.3008227,42.7046879],[23.3007503,42.704443],[23.3003736,42.7045028]]]}},{"type":"Feature","id":"relation/15789056","properties":{"id":"osm-relation-15789056","name":"zh.k. Vrabnitsa 2"},"geometry":{"type":"Polygon","coordinates":[[[23.2864405,42.7414206],[23.2871952,42.7407307],[23.2872839,42.7407461],[23.2873751,42.7407457],[23.2874712,42.7407275],[23.2875577,42.7406918],[23.2876361,42.7406344],[23.2876755,42.7405865],[23.2877045,42.7405239],[23.2877122,42.7404466],[23.2876916,42.7403718],[23.2876452,42.7403043],[23.2878378,42.7401325],[23.2880069,42.7399805],[23.2892022,42.7389023],[23.2900584,42.7381277],[23.2904491,42.7377662],[23.2904624,42.7377532],[23.2911446,42.7370864],[23.2918451,42.7364336],[23.2928234,42.7355273],[23.2929129,42.7354442],[23.2929617,42.7353989],[23.2931275,42.7354956],[23.2937032,42.7358312],[23.2939048,42.7359483],[23.2944056,42.7362393],[23.2958832,42.7370978],[23.2960792,42.7372033],[23.2962092,42.7372733],[23.2969024,42.7376464],[23.2969872,42.7376918],[23.2975381,42.7379868],[23.2976499,42.7382451],[23.297565,42.7383219],[23.2970769,42.7388597],[23.2967841,42.7406154],[23.2967646,42.7406837],[23.2965476,42.7412891],[23.2949278,42.7428379],[23.2899963,42.7427176],[23.2864405,42.7414206]]]}},{"type":"Feature","id":"relation/16862996","properties":{"id":"osm-relation-16862996","name":"zh.k. Zona B-18"},"geometry":{"type":"MultiPolygon","coordinates":[[[[23.3003736,42.7045028],[23.3007503,42.704443],[23.3008227,42.7046879],[23.300446,42.7047476],[23.3004196,42.7046579],[23.3003909,42.7045602],[23.3003736,42.7045028]]],[[[23.3010068,42.7027799],[23.3010939,42.7027655],[23.3012008,42.7027481],[23.3012922,42.7027325],[23.302136,42.7025908],[23.302713,42.7024936],[23.3030647,42.7024344],[23.3032208,42.7024084],[23.3035884,42.7023472],[23.3035932,42.7023638],[23.3038821,42.7033586],[23.3041152,42.7041479],[23.3041413,42.7042362],[23.3043786,42.7059906],[23.3040941,42.7060259],[23.3022107,42.706259],[23.3021867,42.7061931],[23.3021497,42.706099],[23.3021386,42.7060575],[23.3021352,42.7060448],[23.3021285,42.7060196],[23.3020361,42.7056943],[23.3025564,42.705606],[23.3023424,42.7048852],[23.3032736,42.7047368],[23.3031912,42.7043896],[23.3031509,42.7043954],[23.3030652,42.7044083],[23.3027053,42.704467],[23.3026178,42.7044811],[23.3023002,42.7045321],[23.3020943,42.7045652],[23.3018017,42.7046123],[23.3017211,42.7046254],[23.3015477,42.7046525],[23.3015288,42.7045922],[23.3013032,42.7037918],[23.3012354,42.7035512],[23.301043,42.7029003],[23.3010258,42.7028453],[23.301012,42.7027969],[23.3010068,42.7027799]]]]}},{"type":"Feature","id":"relation/16017710","properties":{"id":"osm-relation-16017710","name":"zh.k. Zona B-5"},"geometry":{"type":"Polygon","coordinates":[[[23.3023874,42.6968838],[23.3032936,42.695405],[23.3034459,42.6953815],[23.3034762,42.6953769],[23.3035048,42.6953725],[23.304171,42.6952698],[23.3042598,42.6952596],[23.3043045,42.6952544],[23.304414,42.6952418],[23.3043576,42.6950438],[23.3041801,42.6944213],[23.3046138,42.6943404],[23.3045953,42.6942773],[23.3045261,42.6940418],[23.3045191,42.694018],[23.3044187,42.6936764],[23.3044528,42.6936287],[23.3044943,42.6935794],[23.3045616,42.6935055],[23.3046346,42.6934253],[23.304976,42.6930516],[23.3050004,42.6930248],[23.3050689,42.6929529],[23.3051048,42.6929119],[23.3051188,42.6928964],[23.305145,42.6928673],[23.3051713,42.6928388],[23.3053201,42.6926802],[23.3060231,42.6930433],[23.3060655,42.6930652],[23.3061946,42.6931335],[23.3066699,42.6933774],[23.3072217,42.6936624],[23.3075655,42.69384],[23.3075996,42.6938543],[23.3076792,42.6938878],[23.3082779,42.6941883],[23.3084051,42.6942519],[23.3085069,42.694303],[23.3086087,42.6943541],[23.3088476,42.6944884],[23.3089063,42.6945195],[23.3088584,42.6946516],[23.3088257,42.694764],[23.3087977,42.694915],[23.3087848,42.6950601],[23.308786,42.6951742],[23.3088024,42.6953784],[23.3088397,42.6955277],[23.3092211,42.6968325],[23.3096798,42.6983868],[23.3097301,42.6985454],[23.3096652,42.6985555],[23.3077914,42.6988455],[23.3042068,42.6994021],[23.3031569,42.6995657],[23.3031529,42.6995525],[23.3031414,42.6995121],[23.3031351,42.6994901],[23.303124,42.6994515],[23.3030604,42.6992297],[23.3030356,42.6991434],[23.3029263,42.6987625],[23.3028858,42.6986212],[23.3026357,42.6977494],[23.3026192,42.6976891],[23.3024085,42.6969577],[23.3023874,42.6968838]]]}},{"type":"Feature","id":"relation/16860113","properties":{"id":"osm-relation-16860113","name":"zh.k. Zona B-5-3"},"geometry":{"type":"Polygon","coordinates":[[[23.3087848,42.6950601],[23.3087977,42.694915],[23.3088257,42.694764],[23.3088584,42.6946516],[23.3089063,42.6945195],[23.3089609,42.6945508],[23.3091125,42.6946453],[23.3091331,42.6946747],[23.3091723,42.6947024],[23.3097518,42.6949992],[23.310458,42.6953614],[23.3104829,42.6953744],[23.3106426,42.6954576],[23.311897,42.6961032],[23.311716,42.6962958],[23.3119873,42.6964379],[23.3120779,42.696485],[23.3128837,42.6969044],[23.3130648,42.6970001],[23.313078,42.6970461],[23.314004,42.6969017],[23.3140792,42.697133],[23.3141276,42.6973022],[23.3141291,42.6973073],[23.3141488,42.6973753],[23.314158,42.6974069],[23.3141623,42.6974219],[23.3137877,42.6974777],[23.3137348,42.6974893],[23.3136855,42.6975072],[23.313641,42.6975311],[23.3136039,42.6975593],[23.3135896,42.697573],[23.3135621,42.697607],[23.3133586,42.6978767],[23.3133434,42.6978934],[23.3133033,42.6979282],[23.3132567,42.6979594],[23.313232,42.6979724],[23.3131756,42.6979975],[23.313115,42.6980166],[23.3130515,42.6980294],[23.3124442,42.6981238],[23.3116647,42.6982449],[23.3106208,42.6984071],[23.3098814,42.6985219],[23.3097301,42.6985454],[23.3096798,42.6983868],[23.3092211,42.6968325],[23.3088397,42.6955277],[23.3088024,42.6953784],[23.308786,42.6951742],[23.3087848,42.6950601]]]}},{"type":"Feature","id":"relation/16184416","properties":{"id":"osm-relation-16184416","name":"zh.k. Zone B-19"},"geometry":{"type":"Polygon","coordinates":[[[23.2949304,42.6941522],[23.2952408,42.6942302],[23.2975318,42.6956136],[23.2980651,42.6959006],[23.2987786,42.6962192],[23.3001365,42.6968253],[23.3010926,42.6972697],[23.3015463,42.6974886],[23.3019447,42.6977398],[23.3022467,42.6979889],[23.3024703,42.6982262],[23.3029263,42.6987625],[23.3030356,42.6991434],[23.3030604,42.6992297],[23.303124,42.6994515],[23.3031351,42.6994901],[23.3031414,42.6995121],[23.3031529,42.6995525],[23.3031569,42.6995657],[23.3029781,42.6995946],[23.3022686,42.6997011],[23.2992025,42.7001733],[23.297297,42.7004649],[23.2972938,42.7004534],[23.2972801,42.7004054],[23.2972659,42.7003552],[23.2972549,42.7003166],[23.2971158,42.6998289],[23.2970283,42.6995205],[23.2968044,42.6986504],[23.2968016,42.6986404],[23.2967142,42.6983256],[23.2965543,42.6977573],[23.2962352,42.6967146],[23.2962277,42.6966888],[23.2961545,42.6964845],[23.2960739,42.6962852],[23.2959786,42.696082],[23.2958279,42.6958033],[23.2955025,42.6952486],[23.2950599,42.6944838],[23.2950381,42.6944444],[23.2949304,42.6941522]]]}}],"scope":{"city":"Sofia","osmRelation":4283101}}
